0  1    1    0    1  n         8071.31710    0.00053      0.0  
  -1    0    1    1 H          7288.97050    0.00011      0.0  
0  0    1    1    2 H         13135.72158    0.00035   1112.283
0  1    2    1    3 H         14949.80600    0.00231   2827.266
  -1    1    2    3 He        14931.21475    0.00242   2572.681
  -3    0    3    3 Li  -pp   28667.      2000.       -2267.   
0  2    3    1    4 H    -n   25901.518    103.286     1400.351
   0    2    2    4 He         2424.91565    0.00006   7073.915
  -2    1    3    4 Li   -p   25323.185    212.132     1153.761
0  3    4    1    5 H   -nn   32892.440    100.000     1336.360
   1    3    2    5 He   -n   11386.233     50.000     5481.132
  -1    2    3    5 Li   -p   11678.886     50.000     5266.132
  -3    1    4    5 Be    x   37996.      3996.        -154.   
0  4    5    1    6 H   -3n   41863.757    264.906      963.633
   2    4    2    6 He        17595.106      0.755     4878.017
   0    3    3    6 Li        14086.793      0.015     5332.345
  -2    2    4    6 Be    -   18374.947      5.448     4487.262
  -4    1    5    6 B     x   43603.       699.         152.   
0  5    6    1    7 H   -nn   49135.      1005.         940.   
   3    5    2    7 He   -n   26101.038     16.658     4119.070
   1    4    3    7 Li        14908.141      0.079     5606.291
  -1    3    4    7 Be        15770.034      0.106     5371.400
  -3    2    5    7 B   +3n   27868.346     70.712     3531.306
0  4    6    2    8 He        31598.044      6.868     3925.975
   2    5    3    8 Li        20946.844      0.095     5159.582
   0    4    4    8 Be         4941.672      0.035     7062.435
  -2    3    5    8 B         22921.490      1.000     4717.164
  -4    2    6    8 C    4n   35094.060     23.068     3097.800
0  5    7    2    9 He        40939.429     29.418     3348.637
   3    6    3    9 Li        24954.264      1.935     5037.839
   1    5    4    9 Be        11347.648      0.398     6462.758
  -1    4    5    9 B     -   12415.681      0.983     6257.160
  -3    3    6    9 C   -pp   28910.491      2.138     4337.476
0  6    8    2   10 He   ++   48809.203     70.001     3033.927
   4    7    3   10 Li   -n   33050.581     15.124     4531.555
   2    6    4   10 Be        12606.670      0.401     6497.711
   0    5    5   10 B         12050.731      0.386     6475.071
  -2    4    6   10 C     -   15698.682      0.403     6032.041
  -4    3    7   10 N    --   38800.148    400.000     3643.660
0  5    8    3   11 Li        40797.310     19.295     4149.104
   3    7    4   11 Be   -n   20174.064      6.356     5952.822
   1    6    5   11 B          8667.931      0.418     6927.711
  -1    5    6   11 C         10650.342      0.950     6676.370
  -3    4    7   11 N    -p   24303.569     46.156     5364.045
0  6    9    3   12 Li    x   50096.       997.        3701.   
   4    8    4   12 Be  -nn   25076.506     15.005     5720.826
   2    7    5   12 B   +pn   13368.899      1.400     6631.264
   0    6    6   12 C             0.0        0.0       7680.144
  -2    5    7   12 N         17338.082      1.000     6170.108
  -4    4    8   12 O   -pp   32047.954     18.466     4879.090
0  5    9    4   13 Be   -n   33247.823     71.590     5273.070
   3    8    5   13 B   -nn   16562.166      1.084     6496.402
   1    7    6   13 C          3125.01129    0.00091   7469.849
  -1    6    7   13 N          5345.481      0.270     7238.863
  -3    5    8   13 O   +3n   23112.428      9.526     5811.994
0  6   10    4   14 Be    x   39954.498    132.245     4993.897
   4    9    5   14 B         23663.683     21.213     6101.645
   2    8    6   14 C          3019.89305    0.00380   7520.319
   0    7    7   14 N          2863.41704    0.00058   7475.614
  -2    6    8   14 O          8007.356      0.109     7052.308
  -4    5    9   14 F     x   32658.       401.        5236.   
0  7   11    4   15 Be -n2p   49798.       503.        4543.   
   5   10    5   15 B   +3p   28972.278     22.369     5879.050
   3    9    6   15 C    -n    9873.144      0.800     7100.169
   1    8    7   15 N           101.43805    0.00070   7699.459
  -1    7    8   15 O          2855.605      0.491     7463.692
  -3    6    9   15 F   p4n   16775.372    133.793     6483.551
0  8   12    4   16 Be    x   57678.       503.        4271.   
   6   11    5   16 B     x   37081.686     60.000     5509.228
   4   10    6   16 C   -nn   13694.129      3.578     6922.054
   2    9    7   16 N    -n    5683.658      2.622     7373.812
   0    8    8   16 O         -4737.00141    0.00016   7976.206
  -2    7    9   16 F     -   10680.254      8.321     6963.731
  -4    6   10   16 Ne   --   23996.462     20.480     6082.572
0  7   12    5   17 B     x   43770.816    170.873     5266.461
   5   11    6   17 C  2p-n   21038.832     17.376     6557.616
   3   10    7   17 N    +p    7871.368     15.013     7286.153
   1    9    8   17 O          -808.813      0.110     7750.731
  -1    8    9   17 F          1951.701      0.248     7542.328
  -3    7   10   17 Ne  +3n   16460.901     26.953     6642.825
0  8   13    5   18 B     x   52322.       801.        4947.   
   6   12    6   18 C    ++   24926.178     30.006     6425.747
   4   11    7   18 N     +   13114.466     18.580     7038.490
   2   10    8   18 O          -781.522      0.621     7767.025
   0    9    9   18 F           873.701      0.534     7631.605
  -2    8   10   18 Ne   4n    5317.166      0.280     7341.282
  -4    7   11   18 Na    x   24189.968     50.301     6249.329
0  9   14    5   19 B     x   59364.       401.        4741.   
   7   13    6   19 C    -n   32420.666     98.391     6117.909
   5   12    7   19 N  p-2n   15862.129     16.415     6948.235
   3   11    8   19 O    -n    3334.870      2.825     7566.389
   1   10    9   19 F         -1487.386      0.069     7779.015
  -1    9   10   19 Ne         1751.440      0.286     7567.375
  -3    8   11   19 Na  p4n   12926.808     12.000     6938.021
  -5    7   12   19 Mg    x   33040.092    251.503     5838.251
0  8   14    6   20 C     x   37557.610    239.161     5958.733
   6   13    7   20 N     x   21765.110     55.590     6709.240
   4   12    8   20 O   -nn    3797.462      1.081     7568.505
   2   11    9   20 F           -17.404      0.075     7720.131
   0   10   10   20 Ne        -7041.93131    0.00179   8032.240
  -2    9   11   20 Na    -    6847.719      6.662     7298.641
  -4    8   12   20 Mg   4n   17570.348     27.000     6723.392
0  9   15    6   21 C     x   45960.       503.        5659.   
   7   14    7   21 N     x   25251.164     95.045     6608.099
   5   13    8   21 O   -3n    8062.906     12.016     7389.332
   3   12    9   21 F   -nn     -47.551      1.801     7738.290
   1   11   10   21 Ne   -n   -5731.776      0.039     7971.713
  -1   10   11   21 Na   -p   -2184.161      0.700     7765.524
  -3    9   12   21 Mg  +3n   10910.506     16.415     7104.714
  -5    8   13   21 Al    x   26119.       298.        6343.   
0 10   16    6   22 C     x   53281.       904.        5436.   
   8   15    7   22 N     x   32038.675    192.213     6366.085
   6   14    8   22 O   -4n    9284.152     56.924     7364.821
   4   13    9   22 F     +    2793.378     12.399     7624.294
   2   12   10   22 Ne        -8024.715      0.018     8080.465
   0   11   11   22 Na    -   -5182.436      0.415     7915.709
  -2   10   12   22 Mg  +nn    -396.963      1.342     7662.626
  -4    9   13   22 Al    x   18183.        93.        6783.   
  -6    8   14   22 Si    x   32164.       200.        6111.   
0  9   16    7   23 N     x   38396.       298.        6164.   
   7   15    8   23 O     x   14612.960    121.867     7163.850
   5   14    9   23 F  p-2n    3329.747     79.541     7620.410
   3   13   10   23 Ne   -n   -5154.045      0.104     7955.255
   1   12   11   23 Na        -9529.85358    0.00273   8111.493
  -1   11   12   23 Mg        -5473.766      1.286     7901.126
  -3   10   13   23 Al  p4n    6769.570     18.648     7334.792
  -5    9   14   23 Si    x   23772.       196.        6562.   
0 10   17    7   24 N     x   47543.       401.        5862.   
   8   16    8   24 O     x   19070.400    236.242     7015.935
   6   15    9   24 F     x    7559.527     72.282     7462.957
   4   14   10   24 Ne  -nn   -5951.521      0.392     7993.319
   2   13   11   24 Na   -n   -8418.114      0.076     8063.496
   0   12   12   24 Mg       -13933.567      0.013     8260.709
  -2   11   13   24 Al    -     -56.946      2.782     7649.919
  -4   10   14   24 Si   --   10754.673     19.472     7166.837
  -6    9   15   24 P     x   31997.       503.        6249.   
0 11   18    7   25 N     x   56504.       503.        5592.   
   9   17    8   25 O    -n   27442.       257.        6723.   
   7   16    9   25 F     x   11272.706     98.238     7338.764
   5   15   10   25 Ne    x   -2108.075     25.643     7842.701
   3   14   11   25 Na  -nn   -9357.818      1.200     8101.397
   1   13   12   25 Mg       -13192.826      0.032     8223.504
  -1   12   13   25 Al   -p   -8916.172      0.475     8021.144
  -3   11   14   25 Si  +3n    3824.318     10.000     7480.230
  -5   10   15   25 P     x   18872.       196.        6847.   
0 10   18    8   26 O   -nn   35713.       257.        6457.   
   8   17    9   26 F     x   18271.772    166.585     7097.744
   6   16   10   26 Ne    x     429.611     26.774     7753.891
   4   15   11   26 Na    x   -6862.316      5.832     8004.260
   2   14   12   26 Mg       -16214.582      0.027     8333.872
   0   13   13   26 Al       -12210.309      0.060     8149.771
  -2   12   14   26 Si  +nn   -7144.632      3.000     7924.847
  -4   11   15   26 P     x   10973.       196.        7198.   
  -6   10   16   26 S     x   25970.       298.        6591.   
0 11   19    8   27 O     x   44954.       503.        6175.   
   9   18    9   27 F     x   24926.860    376.688     6887.318
   7   17   10   27 Ne    x    7069.949    110.384     7519.709
   5   16   11   27 Na        -5517.436      3.503     7956.933
   3   15   12   27 Mg   -n  -14586.651      0.049     8263.854
   1   14   13   27 Al       -17196.658      0.116     8331.545
  -1   13   14   27 Si    -  -12384.301      0.151     8124.334
  -3   12   15   27 P   p4n    -717.030     26.341     7663.237
  -5   11   16   27 S     -   17543.       202.        6958.   
0 12   20    8   28 O     x   53850.       596.        5925.   
  10   19    9   28 F     x   33226.       512.        6633.   
   8   18   10   28 Ne    x   11244.601    146.679     7390.315
   6   17   11   28 Na         -989.247     13.041     7799.297
   4   16   12   28 Mg    +  -15018.641      2.004     8272.406
   2   15   13   28 Al   -n  -16850.441      0.131     8309.886
   0   14   14   28 Si       -21492.79678    0.00181   8447.744
  -2   13   15   28 P     -   -7158.753      3.320     7907.873
  -4   12   16   28 S    --    4073.203    160.000     7478.790
  -6   11   17   28 Cl    x   26557.       503.        6648.   
0 11   20    9   29 F     x   40296.       578.        6439.   
   9   19   10   29 Ne    x   18057.881    268.671     7178.857
   7   18   11   29 Na         2665.004     13.041     7682.668
   5   17   12   29 Mg    x  -10619.032     13.972     8113.761
   3   16   13   29 Al  -nn  -18215.322      1.206     8348.725
   1   15   14   29 Si   -n  -21895.046      0.021     8448.634
  -1   14   15   29 P    -p  -16952.626      0.600     8251.228
  -3   13   16   29 S   +3n   -3159.582     50.000     7748.629
  -5   12   17   29 Cl    x   13143.       196.        7159.   
0 12   21    9   30 F     x   48903.       596.        6206.   
  10   20   10   30 Ne    x   23102.025    570.734     7040.467
   8   19   11   30 Na    x    8361.090     25.150     7505.754
   6   18   12   30 Mg    x   -8910.672      8.383     8055.401
   4   17   13   30 Al    +  -15872.419     14.045     8261.381
   2   16   14   30 Si   -n  -24432.928      0.030     8520.653
   0   15   15   30 P    -p  -20200.575      0.313     8353.496
  -2   14   16   30 S   +nn  -14062.532      3.003     8122.817
  -4   13   17   30 Cl    x    4443.       196.        7480.   
  -6   12   18   30 Ar    x   20083.       298.        6932.   
0 13   22    9   31 F   -nn   56289.       597.        6028.   
  11   21   10   31 Ne    x   30842.       904.        6824.   
   9   20   11   31 Na    x   12654.768    211.321     7385.492
   7   19   12   31 Mg    x   -3217.380     12.109     7872.260
   5   18   13   31 Al p-2n  -14953.628     20.343     8225.611
   3   17   14   31 Si   -n  -22949.006      0.039     8458.290
   1   16   15   31 P        -24440.885      0.183     8481.178
  -1   15   16   31 S    +n  -19044.648      1.506     8281.869
  -3   14   17   31 Cl  p4n   -7067.165     50.000     7870.261
  -5   13   18   31 Ar    -   11293.       206.        7253.   
0 12   22   10   32 Ne    x   37278.       801.        6662.   
  10   21   11   32 Na    x   19064.478    356.178     7206.621
   8   20   12   32 Mg    x    -954.781     17.698     7807.774
   6   19   13   32 Al    x  -11061.966     85.949     8099.175
   4   18   14   32 Si   -n  -24080.907      0.050     8481.569
   2   17   15   32 P    -n  -24305.218      0.187     8464.130
   0   16   16   32 S        -26015.697      0.138     8493.134
  -2   15   17   32 Cl    -  -13329.771      6.593     8072.251
  -4   14   18   32 Ar    x   -2200.204      1.780     7700.003
  -6   13   19   32 K     x   20418.       503.        6969.   
0 13   23   10   33 Ne    x   45997.       801.        6440.   
  11   22   11   33 Na    x   24889.293    874.999     7056.314
   9   21   12   33 Mg    x    4894.070     19.561     7638.522
   7   20   13   33 Al    x   -8529.377     72.745     8021.586
   5   19   14   33 Si +n2p  -20492.662     15.791     8360.402
   3   18   15   33 P     +  -26337.486      1.098     8513.811
   1   17   16   33 S        -26585.994      0.136     8497.634
  -1   16   17   33 Cl   -p  -21003.432      0.458     8304.758
  -3   15   18   33 Ar    x   -9384.141      0.443     7928.950
  -5   14   19   33 K     x    6763.       196.        7416.   
0 14   24   10   34 Ne  -nn   53121.       807.        6279.   
  12   23   11   34 Na   -n   32761.       898.        6855.   
  10   22   12   34 Mg    x    8808.603    231.396     7536.118
   8   21   13   34 Al    x   -2932.495    113.038     7858.434
   6   20   14   34 Si  +pp  -19956.770     14.118     8336.138
   4   19   15   34 P   +pn  -24557.669      5.004     8448.449
   2   18   16   34 S        -29931.788      0.108     8583.501
   0   17   17   34 Cl       -24439.776      0.179     8398.961
  -2   16   18   34 Ar  p4n  -18377.217      0.386     8197.640
  -4   15   19   34 K     x   -1481.       298.        7678.   
  -6   14   20   34 Ca    x   13153.       298.        7224.   
0 13   24   11   35 Na   -n   39582.       946.        6695.   
  11   23   12   35 Mg    x   16152.       401.        7342.   
   9   22   13   35 Al    x    -130.190    175.106     7784.451
   7   21   14   35 Si 2p-n  -14360.307     38.412     8168.673
   5   20   15   35 P    +p  -24857.740      1.867     8446.247
   3   19   16   35 S        -28846.356      0.100     8537.855
   1   18   17   35 Cl       -29013.540      0.038     8520.278
  -1   17   18   35 Ar    -  -23047.411      0.747     8327.465
  -3   16   19   35 K   p4n  -11168.900     20.001     7965.726
  -5   15   20   35 Ca    x    4602.       196.        7493.   
0 14   25   11   36 Na   -n   47953.       952.        6500.   
  12   24   12   36 Mg    x   21424.       503.        7215.   
  10   23   13   36 Al    x    5781.974    214.687     7628.193
   8   22   14   36 Si    x  -12482.507    123.455     8113.807
   6   21   15   36 P     +  -20250.977     13.114     8307.866
   4   20   16   36 S        -30664.075      0.189     8575.387
   2   19   17   36 Cl       -29521.857      0.072     8521.927
   0   18   18   36 Ar       -30231.540      0.027     8519.909
  -2   17   19   36 K     -  -17426.171      7.781     8142.472
  -4   16   20   36 Ca   4n   -6439.359     40.001     7815.551
  -6   15   21   36 Sc    x   13898.       503.        7229.   
0 15   26   11   37 Na  -nn   55275.       958.        6345.   
  13   25   12   37 Mg    x   29249.       904.        7027.   
  11   24   13   37 Al    x    9946.326    330.967     7527.619
   9   23   14   37 Si    x   -6579.998    168.659     7953.132
   7   22   15   37 P  p-2n  -18994.145     37.948     8267.505
   5   21   16   37 S    -n  -26896.360      0.199     8459.934
   3   20   17   37 Cl       -31761.532      0.047     8570.280
   1   19   18   37 Ar    -  -30947.659      0.205     8527.139
  -1   18   19   37 K    -p  -24800.199      0.094     8339.847
  -3   17   20   37 Ca  +3n  -13161.760     22.362     8004.150
  -5   16   21   37 Sc    x    2841.       298.        7550.   
0 14   26   12   38 Mg    x   34996.       503.        6903.   
  12   25   13   38 Al    x   16050.594    730.517     7381.288
  10   24   14   38 Si    x   -4067.274    137.469     7890.118
   8   23   15   38 P     x  -14757.820    103.385     8150.860
   6   22   16   38 S     +  -26861.197      7.172     8448.782
   4   21   17   38 Cl   -n  -29798.097      0.096     8505.480
   2   20   18   38 Ar       -34714.551      0.337     8614.273
   0   19   19   38 K        -28800.691      0.447     8438.057
  -2   18   20   38 Ca  +nn  -22059.220      4.557     8240.062
  -4   17   21   38 Sc    x   -4937.       298.        7769.   
  -6   16   22   38 Ti    x    9101.       252.        7379.   
0 15   27   12   39 Mg   -n   43568.       513.        6713.   
  13   26   13   39 Al    x   21396.417   1471.761     7261.909
  11   25   14   39 Si    x    1928.205    338.015     7741.034
   9   24   15   39 P     x  -12873.735    103.412     8100.510
   7   23   16   39 S  2p-n  -23162.245     50.000     8344.258
   5   22   17   39 Cl  -nn  -29800.203      1.732     8494.402
   3   21   18   39 Ar    +  -33242.011      5.004     8562.593
   1   20   19   39 K        -33807.011      0.190     8557.020
  -1   19   20   39 Ca    -  -27274.400      1.862     8369.457
  -3   18   21   39 Sc 2n-p  -14168.021     24.001     8013.336
  -5   17   22   39 Ti    x    1500.       205.        7592.   
0 16   28   12   40 Mg    x   50235.       904.        6581.   
  14   27   13   40 Al    x   29295.       699.        7085.   
  12   26   14   40 Si    x    5467.052    556.034     7660.819
  10   25   15   40 P     x   -8106.838    139.101     7980.608
   8   24   16   40 S     x  -22866.568    141.294     8330.043
   6   23   17   40 Cl    +  -27557.810     32.066     8427.765
   4   22   18   40 Ar       -35039.89602    0.00268   8595.259
   2   21   19   40 K        -33535.205      0.192     8538.083
   0   20   20   40 Ca       -34846.275      0.209     8551.301
  -2   19   21   40 Sc    -  -20523.228      2.836     8173.666
  -4   18   22   40 Ti   --   -8850.275    160.000     7862.283
  -6   17   23   40 V     x   10330.       503.        7363.   
0 15   28   13   41 Al    x   35704.       801.        6952.   
  13   27   14   41 Si    x   13562.553   1844.358     7473.380
  11   26   15   41 P     x   -5276.508    216.230     7913.788
   9   25   16   41 S     x  -19019.105    118.272     8229.892
   7   24   17   41 Cl    x  -27307.189     68.723     8412.958
   5   23   18   41 Ar       -33067.467      0.332     8534.371
   3   22   19   41 K        -35559.074      0.194     8576.061
   1   21   20   41 Ca       -35137.759      0.242     8546.703
  -1   20   21   41 Sc       -28642.392      0.225     8369.198
  -3   19   22   41 Ti    x  -15700.       100.        8034.   
  -5   18   23   41 V     x    -205.       205.        7637.   
0 16   29   13   42 Al    x   43678.       904.        6789.   
  14   28   14   42 Si    x   18434.       503.        7372.   
  12   27   15   42 P     x     938.865    446.839     7769.554
  10   26   16   42 S     x  -17677.503    124.215     8194.173
   8   25   17   42 Cl    x  -24912.990    143.760     8347.819
   6   24   18   42 Ar    x  -34422.675      5.775     8555.613
   4   23   19   42 K    -n  -35021.556      0.221     8551.245
   2   22   20   42 Ca       -38547.072      0.249     8616.559
   0   21   21   42 Sc       -32121.239      0.270     8444.935
  -2   20   22   42 Ti  -pp  -25121.552      5.452     8259.649
  -4   19   23   42 V     x   -8169.       196.        7837.   
  -6   18   24   42 Cr    x    5990.       298.        7482.   
0 15   29   14   43 Si    x   26697.       699.        7196.   
  13   28   15   43 P     x    5765.948    968.754     7664.314
  11   27   16   43 S     x  -11965.235    201.953     8058.473
   9   26   17   43 Cl    x  -24168.168    157.377     8324.068
   7   25   18   43 Ar    x  -32009.808      5.310     8488.237
   5   24   19   43 K     +  -36593.239      8.949     8576.635
   3   23   20   43 Ca       -38408.639      0.301     8600.659
   1   22   21   43 Sc   -p  -36187.929      1.874     8530.821
  -1   21   22   43 Ti -n2p  -29321.103      6.903     8352.933
  -3   20   23   43 V     x  -18024.       233.        8072.   
  -5   19   24   43 Cr    x   -2133.       219.        7684.   
0 16   30   14   44 Si    x   32844.       801.        7076.   
  14   29   15   44 P     x   12100.       699.        7530.   
  12   28   16   44 S     x   -9116.168    394.541     7994.013
  10   27   17   44 Cl    x  -20231.052    108.028     8228.843
   8   26   18   44 Ar    x  -32673.053      1.595     8493.836
   6   25   19   44 K     +  -35809.606     35.779     8547.340
   4   24   20   44 Ca       -41468.479      0.376     8658.170
   2   23   21   44 Sc   -p  -37816.093      1.767     8557.381
   0   22   22   44 Ti   -a  -37548.459      0.731     8533.518
  -2   21   23   44 V     x  -24116.380    121.094     8210.463
  -4   20   24   44 Cr    x  -13461.        50.        7951.   
  -6   19   25   44 Mn    x    6399.       503.        7481.   
0 15   30   15   45 P     x   17903.       801.        7413.   
  13   29   16   45 S     x   -3252.672   1742.377     7865.431
  11   28   17   45 Cl    x  -18362.647    123.756     8183.823
   9   27   18   45 Ar    x  -29770.589      0.547     8419.947
   7   26   19   45 K    +p  -36608.186     10.256     8554.508
   5   25   20   45 Ca       -40811.950      0.412     8630.540
   3   24   21   45 Sc       -41067.792      0.837     8618.840
   1   23   22   45 Ti    -  -39005.737      0.980     8555.631
  -1   22   23   45 V   p4n  -31879.629     17.029     8379.887
  -3   21   24   45 Cr    x  -18965.218    503.007     8075.515
  -5   20   25   45 Mn    x   -5114.       298.        7750.   
  -7   19   26   45 Fe  -pp   13579.       222.        7318.   
0 16   31   15   46 P     x   25504.       904.        7262.   
  14   30   16   46 S     x     699.       699.        7784.   
  12   29   17   46 Cl    x  -14708.253    717.339     8101.934
  10   28   18   46 Ar  +pp  -29720.127     40.891     8411.271
   8   27   19   46 K   +pn  -35418.323     15.546     8518.137
   6   26   20   46 Ca       -43135.077      2.276     8668.885
   4   25   21   46 Sc   -n  -41757.115      0.844     8621.922
   2   24   22   46 Ti       -44123.422      0.833     8656.356
   0   23   23   46 V     -  -37073.013      1.027     8486.079
  -2   22   24   46 Cr    x  -29473.742     19.995     8303.870
  -4   21   25   46 Mn    x  -12370.       112.        7915.   
  -6   20   26   46 Fe    x     755.       354.        7613.   
0 15   31   16   47 S     x    8002.       801.        7635.   
  13   30   17   47 Cl    x  -10517.       596.        8012.   
  11   29   18   47 Ar 2p-n  -25907.836    100.083     8322.926
   9   28   19   47 K    +p  -35696.272      7.963     8514.544
   7   27   20   47 Ca       -42340.123      2.263     8639.257
   5   26   21   47 Sc       -44332.121      2.029     8664.995
   3   25   22   47 Ti       -44932.394      0.822     8661.121
   1   24   23   47 V    -p  -42002.051      0.836     8582.127
  -1   23   24   47 Cr  +3n  -34558.385     14.036     8407.106
  -3   22   25   47 Mn    x  -22263.       158.        8129.   
  -5   21   26   47 Fe    x   -6623.       261.        7779.   
  -7   20   27   47 Co    x   10703.       503.        7394.   
0 16   32   16   48 S     x   13199.       904.        7536.   
  14   31   17   48 Cl    x   -4704.       699.        7892.   
  12   30   18   48 Ar    x  -23716.       298.        8272.   
  10   29   19   48 K     +  -32123.935     24.106     8430.887
   8   28   20   48 Ca       -44214.129      4.082     8666.467
   6   27   21   48 Sc       -44496.101      5.400     8656.043
   4   26   22   48 Ti       -48487.727      0.822     8722.903
   2   25   23   48 V     -  -44475.385      2.551     8623.013
   0   24   24   48 Cr  +nn  -42819.180      7.379     8572.210
  -2   23   25   48 Mn    x  -29323.431    111.779     8274.750
  -4   22   26   48 Fe    x  -18160.        70.        8026.   
  -6   21   27   48 Co    x    1639.       401.        7597.   
  -8   20   28   48 Ni    x   18397.       503.        7232.   
0 17   33   16   49 S    -n   22001.       952.        7367.   
  15   32   17   49 Cl    x     298.       801.        7794.   
  13   31   18   49 Ar    x  -18146.       503.        8154.   
  11   30   19   49 K     +  -30319.265     70.119     8386.719
   9   29   20   49 Ca   -n  -41289.265      4.086     8594.630
   7   28   21   49 Sc       -46552.368      3.997     8686.074
   5   27   22   49 Ti       -48558.799      0.822     8711.055
   3   26   23   49 V     -  -47956.943      1.161     8682.806
   1   25   24   49 Cr   +n  -45330.484      2.417     8613.239
  -1   24   25   49 Mn  p4n  -37615.586     24.010     8439.826
  -3   23   26   49 Fe    x  -24582.       149.        8158.   
  -5   22   27   49 Co    x   -9576.       261.        7836.   
  -7   21   28   49 Ni    x    8998.       401.        7441.   
0 16   33   17   50 Cl    x    7303.       904.        7659.   
  14   32   18   50 Ar    x  -14503.       699.        8080.   
  12   31   19   50 K     +  -25352.141    278.439     8281.068
  10   30   20   50 Ca  -nn  -39570.832      9.268     8549.795
   8   29   21   50 Sc  -pn  -44536.885     15.546     8633.469
   6   28   22   50 Ti       -51426.672      0.823     8755.618
   4   27   23   50 V    +n  -49221.554      1.005     8695.869
   2   26   24   50 Cr       -50259.499      1.001     8700.981
   0   25   25   50 Mn       -42626.814      1.026     8532.680
  -2   24   26   50 Fe   4n  -34475.541     60.004     8354.008
  -4   23   27   50 Co    x  -17195.       168.        7993.   
  -6   22   28   50 Ni    x   -3791.       261.        7709.   
0 17   34   17   51 Cl    x   13497.       997.        7546.   
  15   33   18   51 Ar    x   -7797.       699.        7948.   
  13   32   19   51 K     x  -22002.       503.        8211.   
  11   31   20   51 Ca  -3n  -35863.251     93.793     8467.716
   9   30   21   51 Sc -p2n  -43218.184     20.412     8596.590
   7   29   22   51 Ti   -n  -49727.849      0.958     8708.890
   5   28   23   51 V        -52201.383      1.001     8742.051
   3   27   24   51 Cr       -51448.807      1.001     8711.954
   1   26   25   51 Mn       -48241.341      0.998     8633.723
  -1   25   26   51 Fe  +3n  -40222.341     15.016     8461.147
  -3   24   27   51 Co    x  -27274.       149.        8192.   
  -5   23   28   51 Ni    x  -11439.       261.        7866.   
0 16   34   18   52 Ar    x   -2999.       904.        7858.   
  14   33   19   52 K     x  -16199.       699.        8097.   
  12   32   20   52 Ca    x  -32509.141    698.621     8395.590
  10   31   21   52 Sc    x  -40356.541    193.271     8531.457
   8   30   22   52 Ti  -nn  -49464.837      7.119     8691.571
   6   29   23   52 V    -n  -51441.310      1.009     8714.535
   4   28   24   52 Cr       -55416.933      0.779     8775.944
   2   27   25   52 Mn  +pn  -50705.444      1.961     8670.294
   0   26   26   52 Fe    -  -48331.615      6.547     8609.598
  -2   25   27   52 Co    x  -33916.        65.        8317.   
  -4   24   28   52 Ni    x  -22654.        84.        8086.   
  -6   23   29   52 Cu    x   -2627.       261.        7686.   
0 17   35   18   53 Ar    x    4602.       997.        7719.   
  15   34   19   53 K     x  -11998.       699.        8017.   
  13   33   20   53 Ca    x  -27898.       503.        8302.   
  11   32   21   53 Sc    x  -37623.       298.        8471.   
   9   31   22   53 Ti    +  -46828.839    100.051     8630.132
   7   30   23   53 V    +p  -51848.839      3.193     8710.088
   5   29   24   53 Cr       -55284.741      0.771     8760.155
   3   28   25   53 Mn       -54687.904      0.817     8734.133
   1   27   26   53 Fe   +n  -50945.323      1.773     8648.757
  -1   26   27   53 Co  p4n  -42644.824     18.010     8477.382
  -3   25   28   53 Ni    x  -29370.       158.        8212.   
  -5   24   29   53 Cu    x  -13460.       261.        7897.   
0 16   35   19   54 K     x   -5403.       904.        7896.   
  14   34   20   54 Ca    x  -23893.       699.        8224.   
  12   33   21   54 Sc    x  -34218.841    370.138     8400.753
  10   32   22   54 Ti    x  -45594.395    124.717     8596.924
   8   31   23   54 V     +  -49890.954     15.020     8662.002
   6   30   24   54 Cr       -56932.545      0.765     8777.914
   4   29   25   54 Mn   -p  -55555.370      1.263     8737.923
   2   28   26   54 Fe       -56252.456      0.690     8736.344
   0   27   27   54 Co       -48009.541      0.717     8569.209
  -2   26   28   54 Ni   4n  -39210.779     50.004     8391.781
  -4   25   29   54 Cu    x  -21694.       214.        8053.   
  -6   24   30   54 Zn    x   -6567.       401.        7758.   
0 17   36   19   55 K     x    -270.       997.        7806.   
  15   35   20   55 Ca    x  -18118.       699.        8116.   
  13   34   21   55 Sc    x  -29580.571    735.979     8310.432
  11   33   22   55 Ti    x  -41670.332    152.102     8516.021
   9   32   23   55 V     +  -49151.491    100.003     8637.817
   7   31   24   55 Cr   -n  -55107.491      0.788     8731.884
   5   30   25   55 Mn       -57710.580      0.680     8764.988
   3   29   26   55 Fe       -57479.368      0.686     8746.560
   1   28   27   55 Co       -54027.557      0.730     8669.575
  -1   27   28   55 Ni  +3n  -45335.579     11.017     8497.315
  -3   26   29   55 Cu    x  -31624.       298.        8234.   
  -5   25   30   55 Zn    x  -14923.       252.        7916.   
0 16   36   20   56 Ca    x  -13441.       904.        8032.   
  14   35   21   56 Sc    x  -25271.       699.        8229.   
  12   34   22   56 Ti    x  -38936.785    195.950     8459.266
  10   33   23   56 V     x  -46080.109    204.259     8572.855
   8   32   24   56 Cr    x  -55281.245      1.863     8723.191
   6   31   25   56 Mn       -56909.710      0.687     8738.300
   4   30   26   56 Fe       -60605.352      0.685     8790.323
   2   29   27   56 Co    -  -56039.352      2.114     8694.817
   0   28   28   56 Ni  -pp  -53903.674     11.072     8642.709
  -2   27   29   56 Cu    x  -38601.       140.        8355.   
  -4   26   30   56 Zn    x  -25728.       261.        8112.   
  -6   25   31   56 Ga    x   -4741.       261.        7723.   
0 17   37   20   57 Ca    x   -7120.      1000.        7922.   
  15   36   21   57 Sc    x  -20688.       699.        8146.   
  13   35   22   57 Ti    x  -33543.903    455.424     8357.848
  11   34   23   57 V     x  -44188.742    232.979     8530.874
   9   33   24   57 Cr    x  -52524.140      1.863     8663.384
   7   32   25   57 Mn       -57486.800      1.850     8736.723
   5   31   26   57 Fe       -60180.130      0.686     8770.249
   3   30   27   57 Co       -59344.204      0.713     8741.858
   1   29   28   57 Ni       -56081.969      1.814     8670.901
  -1   28   29   57 Cu 2n-p  -47309.576     15.657     8503.274
  -3   27   30   57 Zn    x  -32800.       102.        8235.   
  -5   26   31   57 Ga    x  -15901.       261.        7925.   
0 16   37   21   58 Sc    x  -15174.       801.        8050.   
  14   36   22   58 Ti    x  -30767.       699.        8305.   
  12   35   23   58 V     x  -40208.743    247.930     8454.330
  10   34   24   58 Cr    x  -51834.726    202.917     8641.290
   8   33   25   58 Mn    +  -55906.827     30.008     8698.010
   6   32   26   58 Fe       -62153.418      0.704     8792.221
   4   31   27   58 Co       -59845.868      1.250     8738.947
   2   30   28   58 Ni       -60227.694      0.609     8732.041
   0   29   29   58 Cu    -  -51662.055      1.563     8570.869
  -2   28   30   58 Zn   --  -42297.694     50.004     8395.926
  -4   27   31   58 Ga    x  -23986.       214.        8067.   
  -6   26   32   58 Ge    x   -8374.       317.        7784.   
0 17   38   21   59 Sc    x  -10042.       904.        7963.   
  15   37   22   59 Ti    x  -25216.       699.        8207.   
  13   36   23   59 V     x  -37066.562    307.377     8394.581
  11   35   24   59 Cr    x  -47891.490    244.333     8564.795
   9   34   25   59 Mn 3p2n  -55479.562     30.006     8680.146
   7   33   26   59 Fe   -n  -60663.114      0.712     8754.743
   5   32   27   59 Co       -62228.412      0.624     8768.013
   3   31   28   59 Ni       -61155.650      0.608     8736.570
   1   30   29   59 Cu   -p  -56357.224      0.788     8641.981
  -1   29   30   59 Zn    -  -47260.499     37.147     8474.539
  -3   28   31   59 Ga    x  -34121.       168.        8239.   
  -5   27   32   59 Ge    x  -17000.       279.        7935.   
0 18   39   21   60 Sc    x   -3996.       904.        7864.   
  16   38   22   60 Ti    x  -21648.       801.        8145.   
  14   37   23   60 V     x  -32577.268    474.712     8314.372
  12   36   24   60 Cr    x  -46503.876    213.397     8533.443
  10   35   25   60 Mn    +  -53177.832     86.070     8631.637
   8   34   26   60 Fe  -nn  -61411.832      3.464     8755.831
   6   33   27   60 Co   -n  -61649.012      0.628     8746.745
   4   32   28   60 Ni       -64472.079      0.607     8780.757
   2   31   29   60 Cu    -  -58344.099      1.686     8665.585
   0   30   30   60 Zn  -pp  -54187.768     10.556     8583.273
  -2   29   31   60 Ga    x  -39998.       112.        8334.   
  -4   28   32   60 Ge    x  -27768.       233.        8117.   
  -6   27   33   60 As    x   -6399.       596.        7748.   
0 17   39   22   61 Ti    x  -15649.       904.        8046.   
  15   38   23   61 V     x  -29361.       401.        8258.   
  13   37   24   61 Cr    x  -42180.653    254.607     8454.995
  11   36   25   61 Mn    x  -51555.736    227.914     8595.859
   9   35   26   61 Fe +n2p  -58921.391     20.009     8703.782
   7   34   27   61 Co  p2n  -62898.422      0.928     8756.154
   5   33   28   61 Ni       -64220.892      0.607     8765.009
   3   32   29   61 Cu  p2n  -61983.640      0.978     8715.507
   1   31   30   61 Zn  +3n  -56345.480     16.278     8610.253
  -1   30   31   61 Ga    -  -47090.480     52.583     8445.706
  -3   29   32   61 Ge    x  -33729.       298.        8214.   
  -5   28   33   61 As    x  -18052.       596.        7944.   
0 18   40   22   62 Ti    x  -11653.       904.        7982.   
  16   39   23   62 V     x  -24424.       503.        8175.   
  14   38   24   62 Cr    x  -40414.553    336.992     8420.321
  12   37   25   62 Mn    x  -48038.804    223.088     8530.674
  10   36   26   62 Fe  +pp  -58900.749     14.489     8693.248
   8   35   27   62 Co    +  -61431.505     20.009     8721.448
   6   34   28   62 Ni       -66746.096      0.597     8794.549
   4   33   29   62 Cu    -  -62797.837      4.101     8718.249
   2   32   30   62 Zn  +nn  -61171.431     10.023     8679.398
   0   31   31   62 Ga    -  -52000.431     27.865     8518.860
  -2   30   32   62 Ge    x  -42243.       140.        8349.   
  -4   29   33   62 As    x  -24964.       298.        8058.   
0 19   41   22   63 Ti    x   -5198.       997.        7881.   
  17   40   23   63 V     x  -20912.       596.        8118.   
  15   39   24   63 Cr    x  -35527.       298.        8337.   
  13   38   25   63 Mn    x  -46351.151    258.342     8496.595
  11   37   26   63 Fe    x  -55545.834    168.133     8630.124
   9   36   27   63 Co   +p  -61840.387     20.009     8717.619
   7   35   28   63 Ni       -65512.556      0.597     8763.489
   5   34   29   63 Cu       -65579.531      0.597     8752.134
   3   33   30   63 Zn       -62213.025      1.583     8686.279
   1   32   31   63 Ga    x  -56547.093      1.304     8583.926
  -1   31   32   63 Ge    x  -46910.       196.        8419.   
  -3   30   33   63 As    x  -33823.       503.        8198.   
0 18   41   23   64 V     x  -15398.       699.        8031.   
  16   40   24   64 Cr    x  -33152.       401.        8296.   
  14   39   25   64 Mn    x  -42616.698    266.746     8431.599
  12   38   26   64 Fe    x  -54770.668    276.563     8609.280
  10   37   27   64 Co    +  -59792.686     20.009     8675.525
   8   36   28   64 Ni       -67099.277      0.610     8777.467
   6   35   29   64 Cu       -65424.243      0.600     8739.070
   4   34   30   64 Zn       -66003.595      0.683     8735.898
   2   33   31   64 Ga       -58834.328      2.020     8611.654
   0   32   32   64 Ge    x  -54349.881     31.671     8529.361
  -2   31   33   64 As   -p  -39521.       358.        8285.   
0 19   42   23   65 V     x  -11252.       801.        7968.   
  17   41   24   65 Cr    x  -27796.       503.        8210.   
  15   40   25   65 Mn    x  -40672.693    536.695     8396.148
  13   39   26   65 Fe    x  -50877.951    243.259     8541.116
  11   38   27   65 Co 3p2n  -59169.934     13.146     8656.649
   9   37   28   65 Ni       -65126.052      0.623     8736.246
   7   36   29   65 Cu       -67263.661      0.678     8757.096
   5   35   30   65 Zn       -65911.599      0.684     8724.259
   3   34   31   65 Ga       -62657.173      0.833     8662.154
   1   33   32   65 Ge   ep  -56414.625    100.002     8554.079
  -1   32   33   65 As   -p  -46981.       302.        8397.   
  -3   31   34   65 Se    x  -32919.       596.        8169.   
0 18   42   24   66 Cr    x  -24796.       596.        8163.   
  16   41   25   66 Mn    x  -36254.       401.        8324.   
  14   40   26   66 Fe    x  -49573.517    302.640     8514.234
  12   39   27   66 Co    x  -56111.332    252.102     8601.438
  10   38   28   66 Ni    x  -66006.285      1.397     8739.508
   8   37   29   66 Cu       -66258.274      0.683     8731.472
   6   36   30   66 Zn       -68899.427      0.920     8759.636
   4   35   31   66 Ga    -  -63724.427      3.138     8669.373
   2   34   32   66 Ge    -  -61624.427     30.164     8625.701
   0   33   33   66 As    x  -51502.304    679.991     8460.482
  -2   32   34   66 Se    x  -41722.       298.        8300.   
0 19   43   24   67 Cr    x  -19049.       699.        8075.   
  17   42   25   67 Mn    x  -33403.       503.        8278.   
  15   41   26   67 Fe    x  -45692.348    415.570     8449.695
  13   40   27   67 Co    x  -55061.049    318.259     8577.850
  11   39   28   67 Ni    x  -63742.680      2.888     8695.750
   9   38   29   67 Cu    x  -67318.779      1.211     8737.447
   7   37   30   67 Zn       -67880.441      0.936     8734.154
   5   36   31   67 Ga       -66879.683      1.271     8707.540
   3   35   32   67 Ge -n2p  -62657.810      4.666     8632.850
   1   34   33   67 As    -  -56647.810    100.109     8531.472
  -1   33   34   67 Se    x  -46491.       196.        8368.   
  -3   32   35   67 Br    x  -32798.       503.        8152.   
0 18   43   25   68 Mn    x  -28597.       596.        8204.   
  16   42   26   68 Fe    x  -43128.173    698.621     8406.422
  14   41   27   68 Co    x  -51350.415    318.259     8515.833
  12   40   28   68 Ni    x  -63463.815      2.981     8682.466
  10   39   29   68 Cu    x  -65567.035      1.584     8701.890
   8   38   30   68 Zn       -70007.220      0.955     8755.682
   6   37   31   68 Ga    -  -67086.120      1.534     8701.220
   4   36   32   68 Ge       -66979.785      6.227     8688.151
   2   35   33   68 As    -  -58899.233     43.366     8557.814
   0   34   34   68 Se    x  -54214.814     32.602     8477.420
  -2   33   35   68 Br   -p  -38642.       358.        8237.   
0 19   44   25   69 Mn    x  -25299.       801.        8155.   
  17   43   26   69 Fe    x  -38396.       503.        8333.   
  15   42   27   69 Co    x  -50002.598    335.338     8489.857
  13   41   28   69 Ni    x  -59978.648      3.726     8623.099
  11   40   29   69 Cu    x  -65736.213      1.397     8695.203
   9   39   30   69 Zn   -n  -68417.973      0.969     8722.731
   7   38   31   69 Ga       -69327.758      1.204     8724.578
   5   37   32   69 Ge       -67100.605      1.324     8680.962
   3   36   33   69 As       -63086.666     31.216     8611.451
   1   35   34   69 Se       -56301.531     34.443     8501.777
  -1   34   35   69 Br   -p  -46476.       105.        8348.   
  -3   33   36   69 Kr    x  -32435.       401.        8133.   
0 18   44   26   70 Fe    x  -35900.       596.        8294.   
  16   43   27   70 Co    x  -45643.206    838.345     8421.601
  14   42   28   70 Ni    x  -59149.870    345.800     8603.377
  12   41   29   70 Cu    x  -62976.127      1.584     8646.861
  10   40   30   70 Zn       -69564.648      1.952     8729.806
   8   39   31   70 Ga       -68910.089      1.208     8709.279
   6   38   32   70 Ge       -70563.111      1.027     8721.717
   4   37   33   70 As    -  -64343.111     50.011     8621.684
   2   36   34   70 Se    x  -62046.216     61.582     8577.695
   0   35   35   70 Br    -  -51426.       306.        8415.   
  -2   34   36   70 Kr   --  -41676.       385.        8264.   
0 19   45   26   71 Fe    x  -31000.       801.        8221.   
  17   44   27   71 Co    x  -43873.368    838.345     8391.740
  15   43   28   71 Ni    x  -55203.797    368.036     8540.304
  13   42   29   71 Cu    x  -62711.127      1.490     8635.022
  11   41   30   71 Zn   -n  -67326.897     10.189     8689.014
   9   40   31   71 Ga       -70140.242      1.018     8717.620
   7   39   32   71 Ge       -69907.736      1.025     8703.326
   5   38   33   71 As    -  -67894.336      4.209     8663.949
   3   37   34   71 Se    -  -63116.336     31.587     8585.635
   1   36   35   71 Br    x  -57063.323    568.211     8489.362
  -1   35   36   71 Kr    -  -46923.323    652.123     8335.526
  -3   34   37   71 Rb    x  -32304.       503.        8119.   
0 20   46   26   72 Fe    x  -28299.       801.        8182.   
  18   45   27   72 Co    x  -39300.       596.        8324.   
  16   44   28   72 Ni    x  -53940.319    436.425     8516.242
  14   43   29   72 Cu    x  -59782.999      1.397     8586.525
  12   42   30   72 Zn    +  -68131.380      6.086     8691.609
  10   41   31   72 Ga       -68589.380      1.017     8687.104
   8   40   32   72 Ge       -72585.911      1.635     8731.745
   6   39   33   72 As    -  -68229.809      4.398     8660.378
   4   38   34   72 Se       -67894.407     12.057     8644.854
   2   37   35   72 Br       -59015.201     59.610     8510.665
   0   36   36   72 Kr       -53940.919      7.993     8429.323
  -2   35   37   72 Rb    x  -38117.       503.        8199.   
0 19   46   27   73 Co    x  -37036.       699.        8289.   
  17   45   28   73 Ni    x  -49863.       298.        8454.   
  15   44   29   73 Cu    x  -58986.595      3.912     8568.557
  13   43   30   73 Zn +n2p  -65410.343     40.034     8645.837
  11   42   31   73 Ga    x  -69699.335      1.677     8693.873
   9   41   32   73 Ge       -71297.534      1.635     8705.049
   7   40   33   73 As       -70956.701      3.928     8689.663
   5   39   34   73 Se       -68217.642     10.689     8641.425
   3   38   35   73 Br       -63628.936     50.790     8567.849
   1   37   36   73 Kr    x  -56551.751      6.578     8460.184
  -1   36   37   73 Rb   -p  -46052.       150.        8306.   
  -3   35   38   73 Sr    x  -31699.       596.        8098.   
0 20   47   27   74 Co    x  -32248.       801.        8222.   
  18   46   28   74 Ni    x  -48372.       401.        8429.   
  16   45   29   74 Cu    x  -56006.205      6.148     8521.562
  14   44   30   74 Zn  +pp  -65708.883     47.138     8642.107
  12   43   31   74 Ga    x  -68049.585      3.726     8663.166
  10   42   32   74 Ge       -73422.437      1.635     8725.200
   8   41   33   74 As       -70859.967      2.349     8680.000
   6   40   34   74 Se       -72212.735      1.676     8687.708
   4   39   35   74 Br    -  -65306.081     15.093     8583.803
   2   38   36   74 Kr       -62331.509      2.040     8533.034
   0   37   37   74 Rb       -51917.050      3.675     8381.726
  -2   36   38   74 Sr    x  -40697.       503.        8220.   
0 21   48   27   75 Co    x  -29500.       801.        8183.   
  19   47   28   75 Ni    x  -43901.       401.        8365.   
  17   46   29   75 Cu    x  -54119.802    978.069     8490.407
  15   45   30   75 Zn    +  -62469.023     70.630     8591.299
  13   44   31   75 Ga    x  -68464.580      2.422     8660.808
  11   43   32   75 Ge   -n  -71856.427      1.636     8695.602
   9   42   33   75 As       -73032.410      1.818     8700.850
   7   41   34   75 Se       -72169.018      1.674     8678.907
   5   40   35   75 Br    -  -69139.018     14.241     8628.076
   3   39   36   75 Kr    x  -64323.624      8.104     8553.439
   1   38   37   75 Rb    x  -57221.677      7.452     8448.315
  -1   37   38   75 Sr    -  -46621.677    220.126     8296.551
0 20   48   28   76 Ni    x  -41610.       904.        8331.   
  18   47   29   76 Cu    x  -50975.985      6.707     8443.527
  16   46   30   76 Zn    +  -62136.640     80.024     8580.083
  14   45   31   76 Ga    x  -66296.640      1.956     8624.526
  12   44   32   76 Ge       -73213.046      1.651     8705.238
  10   43   33   76 As       -72289.504      1.819     8682.792
   8   42   34   76 Se       -75252.050      1.651     8711.478
   6   41   35   76 Br    -  -70289.169      9.467     8635.883
   4   40   36   76 Kr       -69014.318      4.032     8608.815
   2   39   37   76 Rb    x  -60479.832      1.863     8486.225
   0   38   38   76 Sr    x  -54243.893     37.260     8393.879
  -2   37   39   76 Y     x  -38704.       503.        8179.   
0 21   49   28   77 Ni    x  -36747.       503.        8264.   
  19   48   29   77 Cu    x  -48577.       401.        8408.   
  17   47   30   77 Zn    +  -58722.344    120.024     8529.135
  15   46   31   77 Ga    x  -65992.344      2.422     8613.390
  13   45   32   77 Ge   -n  -71214.029      1.699     8671.044
  11   44   33   77 As       -73916.577      2.304     8695.981
   9   43   34   77 Se       -74599.594      1.652     8694.691
   7   42   35   77 Br    -  -73234.914      3.260     8666.808
   5   41   36   77 Kr    x  -70169.443      1.956     8616.836
   3   40   37   77 Rb    x  -64824.531      7.452     8537.261
   1   39   38   77 Sr    x  -57804.063      9.315     8435.926
  -1   38   39   77 Y    -p  -46905.        62.        8284.   
0 22   50   28   78 Ni    x  -34298.      1099.        8230.   
  20   49   29   78 Cu    x  -44749.       401.        8354.   
  18   48   30   78 Zn    +  -57342.570     90.033     8505.576
  16   47   31   78 Ga    x  -63706.570      2.422     8577.135
  14   46   32   78 Ge  -nn  -71862.211      3.902     8671.665
  12   45   33   78 As  +pn  -72817.419      9.934     8673.881
  10   44   34   78 Se       -77026.086      1.655     8717.808
   8   43   35   78 Br    -  -73452.302      3.940     8661.960
   6   42   36   78 Kr       -74179.727      1.075     8661.256
   4   41   37   78 Rb    x  -66936.228      7.452     8558.361
   2   40   38   78 Sr    x  -63173.924      7.452     8500.096
   0   39   39   78 Y     x  -52527.       401.        8354.   
  -2   38   40   78 Zr    x  -41703.       503.        8205.   
0 21   50   29   79 Cu    x  -42327.       503.        8320.   
  19   49   30   79 Zn    +  -53420.       259.        8450.   
  17   48   31   79 Ga    +  -62509.526     98.140     8555.580
  15   47   32   79 Ge    +  -69488.526     89.619     8634.019
  13   46   33   79 As   +p  -73636.526      5.611     8676.622
  11   45   34   79 Se   -n  -75917.602      1.661     8695.593
   9   44   35   79 Br   +n  -76068.514      2.017     8687.600
   7   43   36   79 Kr    -  -74442.736      3.896     8657.118
   5   42   37   79 Rb       -70803.362      5.988     8601.147
   3   41   38   79 Sr    x  -65476.577      8.383     8523.816
   1   40   39   79 Y     -  -58356.577    450.078     8423.786
  -1   39   40   79 Zr    x  -47357.       401.        8275.   
0 22   51   29   80 Cu    x  -36449.       596.        8243.   
  20   50   30   80 Zn    +  -51844.769    172.051     8425.997
  18   49   31   80 Ga    +  -59135.169    123.295     8507.347
  16   48   32   80 Ge       -69515.169     28.312     8627.318
  14   47   33   80 As       -72159.286     23.332     8650.590
  12   46   34   80 Se       -77759.936      1.989     8710.819
  10   45   35   80 Br    -  -75889.472      2.013     8677.659
   8   44   36   80 Kr       -77892.492      1.470     8692.917
   6   43   37   80 Rb       -72172.854      6.975     8611.642
   4   42   38   80 Sr    x  -70308.223      6.575     8578.555
   2   41   39   80 Y     x  -61217.786    176.984     8455.145
   0   40   40   80 Zr    x  -55517.043   1490.390     8374.107
0 21   51   30   81 Zn    x  -46128.       298.        8351.   
  19   50   31   81 Ga    +  -57983.308    192.173     8487.744
  17   49   32   81 Ge    +  -66303.308    120.127     8580.801
  15   48   33   81 As   +p  -72533.308      5.527     8648.056
  13   47   34   81 Se   -n  -76389.519      2.020     8686.005
  11   46   35   81 Br       -77974.839      1.952     8695.918
   9   45   36   81 Kr       -77694.038      1.987     8682.793
   7   44   37   81 Rb       -75454.821      5.998     8645.490
   5   43   38   81 Sr    x  -71527.705      6.200     8587.348
   3   42   39   81 Y     -  -66017.338     62.155     8509.661
   1   41   40   81 Zr   ep  -58488.484    166.540     8407.053
  -1   40   41   81 Nb   -p  -47478.      1498.        8261.   
0 22   52   30   82 Zn    x  -42457.       503.        8303.   
  20   51   31   82 Ga    x  -53104.       298.        8423.   
  18   50   32   82 Ge    +  -65624.008    244.139     8566.304
  16   49   33   82 As    +  -70324.008    200.010     8614.080
  14   48   34   82 Se       -77594.008      2.020     8693.198
  12   47   35   82 Br       -77496.465      1.950     8682.468
  10   46   36   82 Kr       -80589.508      1.780     8710.647
   8   45   37   82 Rb       -76188.201      2.758     8647.431
   6   44   38   82 Sr       -76008.384      5.570     8635.698
   4   43   39   82 Y     -  -68192.393    102.579     8530.840
   2   42   40   82 Zr    -  -64192.       225.        8473.   
   0   41   41   82 Nb    x  -52974.       298.        8326.   
0 23   53   30   83 Zn    x  -36300.       503.        8226.   
  21   52   31   83 Ga    x  -49388.       298.        8374.   
  19   51   32   83 Ge    x  -60901.       196.        8503.   
  17   50   33   83 As    +  -69880.657    220.030     8602.199
  15   49   34   83 Se   -n  -75340.657      3.616     8658.557
  13   48   35   83 Br       -79008.930      4.221     8693.327
  11   47   36   83 Kr       -79981.709      2.812     8695.621
   9   46   37   83 Rb       -79074.805      6.009     8675.269
   7   45   38   83 Sr    -  -76795.439     10.315     8638.381
   5   44   39   83 Y     -  -72326.557     44.314     8575.113
   3   43   40   83 Zr    -  -66458.557     95.858     8494.988
   1   42   41   83 Nb    -  -58958.557    314.942     8395.201
  -1   41   42   83 Mo    x  -47748.       503.        8251.   
0 22   53   31   84 Ga    x  -44106.       401.        8308.   
  20   52   32   84 Ge    x  -58246.       298.        8467.   
  18   51   33   84 As    +  -66082.       300.        8551.   
  16   50   34   84 Se       -75951.829     14.541     8658.841
  14   49   35   84 Br       -77799.335     14.651     8671.522
  12   48   36   84 Kr       -82430.991      2.805     8717.347
  10   47   37   84 Rb       -79750.025      2.805     8676.117
   8   46   38   84 Sr       -80643.837      3.202     8677.444
   6   45   39   84 Y     -  -74157.855     91.379     8590.916
   4   44   40   84 Zr    x  -71492.       196.        8550.   
   2   43   41   84 Nb    x  -61879.       298.        8426.   
   0   42   42   84 Mo    x  -55806.       401.        8344.   
0 23   54   31   85 Ga    x  -40054.       503.        8257.   
  21   53   32   85 Ge    x  -53067.       401.        8401.   
  19   52   33   85 As    x  -63323.       196.        8513.   
  17   51   34   85 Se    +  -72428.267     29.896     8610.476
  15   50   35   85 Br    +  -78610.267     19.100     8674.001
  13   49   36   85 Kr       -81480.267      1.947     8698.562
  11   48   37   85 Rb       -82167.331      0.011     8697.441
   9   47   38   85 Sr       -81102.572      2.837     8675.710
   7   46   39   85 Y     x  -77842.123     18.965     8628.148
   5   45   40   85 Zr    -  -73149.123    100.800     8563.732
   3   44   41   85 Nb    -  -67149.123    223.966     8483.940
   1   43   42   85 Mo   ep  -59103.       280.        8380.   
  -1   42   43   85 Tc    x  -47665.       401.        8236.   
0 24   55   31   86 Ga    x  -34353.       801.        8189.   
  22   54   32   86 Ge    x  -49844.       503.        8360.   
  20   53   33   86 As    x  -59150.       298.        8459.   
  18   52   34   86 Se    +  -70540.570     15.557     8582.256
  16   51   35   86 Br    +  -75639.570     11.000     8632.450
  14   50   36   86 Kr    x  -83265.570      0.102     8712.027
  12   49   37   86 Rb       -82747.017      0.199     8696.901
  10   48   38   86 Sr       -84523.576      1.074     8708.461
   8   47   39   86 Y     -  -79283.576     14.183     8638.434
   6   46   40   86 Zr   4n  -77804.350     30.093     8612.137
   4   45   41   86 Nb    -  -69826.350     85.473     8510.272
   2   44   42   86 Mo    -  -64556.350    438.413     8439.896
   0   43   43   86 Tc    x  -53207.       298.        8299.   
0 23   55   32   87 Ge    x  -44237.       503.        8292.   
  21   54   33   87 As    x  -55983.       298.        8418.   
  19   53   34   87 Se    +  -66581.926     39.212     8530.882
  17   52   35   87 Br    +  -73856.926     17.680     8605.510
  15   51   36   87 Kr   -n  -80709.426      0.267     8675.282
  13   50   37   87 Rb       -84597.795      0.012     8710.983
  11   49   38   87 Sr       -84880.413      1.073     8705.239
   9   48   39   87 Y     -  -83018.723      1.557     8674.848
   7   47   40   87 Zr  +3n  -79348.150      8.343     8623.665
   5   46   41   87 Nb    -  -74183.150     60.577     8555.305
   3   45   42   87 Mo    -  -67694.927    223.279     8471.735
   1   44   43   87 Tc    x  -59122.       298.        8364.   
  -1   43   44   87 Ru    x  -47339.       596.        8220.   
0 24   56   32   88 Ge    x  -40138.       699.        8243.   
  22   55   33   88 As    x  -51288.       503.        8361.   
  20   54   34   88 Se    +  -63878.135     49.366     8494.935
  18   53   35   88 Br    +  -70732.135     38.419     8563.931
  16   52   36   88 Kr  -nn  -79692.135     13.417     8656.859
  14   51   37   88 Rb   -n  -82608.998      0.160     8681.115
  12   50   38   88 Sr       -87921.740      1.083     8732.596
  10   49   39   88 Y     -  -84299.140      1.850     8682.540
   8   48   40   88 Zr  +nn  -83623.101     10.277     8665.968
   6   47   41   88 Nb    -  -76073.101    100.527     8571.282
   4   46   42   88 Mo   4n  -72700.088     20.359     8524.062
   2   45   43   88 Tc    -  -62710.       201.        8402.   
   0   44   44   88 Ru    x  -55647.       401.        8313.   
0 25   57   32   89 Ge    x  -33692.       904.        8169.   
  23   56   33   89 As    x  -47143.       503.        8311.   
  21   55   34   89 Se    x  -59196.       298.        8438.   
  19   54   35   89 Br    +  -68571.620     59.807     8534.120
  17   53   36   89 Kr    +  -76726.620     51.739     8616.959
  15   52   37   89 Rb       -81712.502      5.462     8664.190
  13   51   38   89 Sr       -86209.141      1.087     8705.924
  11   50   39   89 Y        -87701.749      2.552     8713.904
   9   49   40   89 Zr       -84868.884      3.698     8673.284
   7   48   41   89 Nb    x  -80650.386     26.801     8617.094
   5   47   42   89 Mo  +3n  -75003.889     15.475     8544.860
   3   46   43   89 Tc    -  -67844.       201.        8456.   
   1   45   44   89 Ru    x  -59513.       503.        8353.   
  -1   44   45   89 Rh   -p  -47658.       448.        8211.   
0 24   57   33   90 As    x  -41451.       801.        8245.   
  22   56   34   90 Se    x  -55927.       401.        8397.   
  20   55   35   90 Br    +  -64619.846     77.249     8485.069
  18   54   36   90 Kr    +  -74969.846     18.505     8591.377
  16   53   37   90 Rb       -79361.712      6.534     8631.483
  14   52   38   90 Sr       -85941.604      2.887     8695.900
  12   51   39   90 Y        -86487.462      2.552     8693.272
  10   50   40   90 Zr       -88767.265      2.368     8709.910
   8   49   41   90 Nb    -  -82656.265      4.648     8633.318
   6   48   42   90 Mo    -  -80167.265      6.133     8596.969
   4   47   43   90 Tc    -  -71206.603    242.187     8488.714
   2   46   44   90 Ru    x  -65307.       298.        8414.   
   0   45   45   90 Rh    x  -53216.       503.        8271.   
0 25   58   33   91 As    x  -36859.       904.        8193.   
  23   57   34   91 Se    x  -50338.       503.        8332.   
  21   56   35   91 Br    +  -61508.323     72.560     8446.330
  19   55   36   91 Kr    +  -71310.323     57.139     8545.447
  17   54   37   91 Rb       -77745.323      8.055     8607.564
  15   53   38   91 Sr       -83645.279      4.523     8663.802
  13   52   39   91 Y        -86345.031      2.887     8684.872
  11   51   40   91 Zr       -87890.402      2.346     8693.257
   9   50   41   91 Nb    -  -86632.442      3.776     8670.836
   7   49   42   91 Mo   +n  -82204.165     11.181     8613.577
   5   48   43   91 Tc    -  -75984.165    200.312     8536.628
   3   47   44   91 Ru   IT  -68658.       583.        8448.   
   1   46   45   91 Rh    x  -59103.       401.        8334.   
  -1   45   46   91 Pd    -  -47403.       566.        8197.   
0 26   59   33   92 As    x  -30926.       904.        8127.   
  24   58   34   92 Se    x  -46649.       596.        8289.   
  22   57   35   92 Br    +  -56580.144     49.595     8388.687
  20   56   36   92 Kr    +  -68785.048     11.715     8512.845
  18   55   37   92 Rb       -74772.048      6.102     8569.417
  16   54   38   92 Sr       -82867.702      3.403     8648.910
  14   53   39   92 Y        -84813.327      9.264     8661.554
  12   52   40   92 Zr       -88453.882      2.345     8692.622
  10   51   41   92 Nb       -86448.337      2.828     8662.318
   8   50   42   92 Mo       -86805.003      3.804     8657.692
   6   49   43   92 Tc    -  -78934.648     26.004     8563.640
   4   48   44   92 Ru    x  -74408.       298.        8506.   
   2   47   45   92 Rh    x  -63360.       401.        8377.   
   0   46   46   92 Pd    x  -55498.       503.        8283.   
0 25   59   34   93 Se    x  -40716.       801.        8223.   
  23   58   35   93 Br    x  -53049.       298.        8347.   
  21   57   36   93 Kr    +  -64017.525    100.287     8456.834
  19   56   37   93 Rb       -72617.525      7.579     8540.895
  17   55   38   93 Sr       -80084.606      7.531     8612.773
  15   54   39   93 Y        -84223.160     10.632     8648.862
  13   53   40   93 Zr       -87117.040      2.341     8671.566
  11   52   41   93 Nb       -87208.278      2.429     8664.135
   9   51   42   93 Mo       -86803.495      3.804     8651.370
   7   50   43   93 Tc   -p  -83602.533      3.933     8608.539
   5   49   44   93 Ru    -  -77265.533     85.091     8531.987
   3   48   45   93 Rh    x  -69173.       401.        8437.   
   1   47   46   93 Pd    x  -59699.       401.        8326.   
  -1   46   47   93 Ag    x  -46780.       596.        8179.   
0 26   60   34   94 Se    x  -36803.       801.        8180.   
  24   59   35   94 Br    x  -47804.       401.        8289.   
  22   58   36   94 Kr    +  -61143.       300.        8422.   
  20   57   37   94 Rb       -68553.352      8.357     8492.663
  18   56   38   94 Sr       -78840.430      7.184     8593.777
  16   55   39   94 Y        -82348.499      7.166     8622.774
  14   54   40   94 Zr       -87266.837      2.420     8666.774
  12   53   41   94 Nb       -86364.502      2.429     8648.852
  10   52   42   94 Mo       -88409.708      1.918     8662.287
   8   51   43   94 Tc    -  -84153.961      4.498     8608.690
   6   50   44   94 Ru  +nn  -82567.898     12.733     8583.494
   4   49   45   94 Rh   IT  -72938.       447.        8473.   
   2   48   46   94 Pd    x  -66350.       401.        8394.   
   0   47   47   94 Ag    x  -53300.       503.        8247.   
0 25   60   35   95 Br    x  -43901.       503.        8245.   
  23   59   36   95 Kr    x  -56039.       401.        8365.   
  21   58   37   95 Rb       -65853.935     21.112     8459.813
  19   57   38   95 Sr       -75116.826      7.481     8549.082
  17   56   39   95 Y        -81207.068      7.222     8604.954
  15   55   40   95 Zr       -85657.766      2.399     8643.569
  13   54   41   95 Nb       -86781.901      1.968     8647.166
  11   53   42   95 Mo       -87707.492      1.916     8648.674
   9   52   43   95 Tc       -86016.873      5.417     8622.643
   7   51   44   95 Ru       -83449.819     11.874     8587.386
   5   50   45   95 Rh    -  -78339.819    150.469     8525.362
   3   49   46   95 Pd    x  -70151.       401.        8431.   
   1   48   47   95 Ag    x  -60100.       401.        8317.   
  -1   47   48   95 Cd    x  -46696.       596.        8168.   
0 26   61   35   96 Br    x  -38629.       699.        8188.   
  24   60   36   96 Kr    x  -53030.       503.        8330.   
  22   59   37   96 Rb       -61224.644     29.434     8407.544
  20   58   38   96 Sr       -72938.959     27.380     8521.419
  18   57   39   96 Y        -78346.709     23.442     8569.600
  16   56   40   96 Zr       -85442.791      2.788     8635.368
  14   55   41   96 Nb    +  -85603.696      3.730     8628.895
  12   54   42   96 Mo       -88790.496      1.916     8653.941
  10   53   43   96 Tc    -  -85817.254      5.490     8614.821
   8   52   44   96 Ru       -86072.062      7.882     8609.326
   6   51   45   96 Rh    -  -79679.409     12.733     8534.586
   4   50   46   96 Pd    -  -76229.409    150.539     8490.499
   2   49   47   96 Ag    x  -64571.       401.        8361.   
   0   48   48   96 Cd    x  -56104.       503.        8265.   
0 27   62   35   97 Br    x  -34652.       801.        8146.   
  25   61   36   97 Kr    x  -47916.       503.        8275.   
  23   60   37   97 Rb       -58356.314     30.512     8374.508
  21   59   38   97 Sr       -68788.109     19.190     8473.987
  19   58   39   97 Y        -76257.693     11.667     8542.927
  17   57   40   97 Zr       -82946.645      2.785     8603.820
  15   56   41   97 Nb       -85605.644      2.552     8623.167
  13   55   42   97 Mo       -87540.442      1.913     8635.048
  11   54   43   97 Tc       -87220.108      4.538     8623.680
   9   53   44   97 Ru   -n  -86112.242      8.350     8604.193
   7   52   45   97 Rh    -  -82589.242     36.328     8559.808
   5   51   46   97 Pd    -  -77799.242    302.192     8502.361
   3   50   47   97 Ag    -  -70819.242    321.589     8422.337
   1   49   48   97 Cd    x  -60603.       401.        8309.   
  -1   48   49   97 In    x  -47003.       596.        8161.   
0 26   62   36   98 Kr    x  -44796.       596.        8241.   
  24   61   37   98 Rb       -54221.644     50.247     8329.223
  22   60   38   98 Sr       -66645.662     26.349     8448.016
  20   59   39   98 Y        -72467.420     24.549     8499.439
  18   58   40   98 Zr       -81286.925     19.946     8581.450
  16   57   41   98 Nb  -pn  -83528.547      5.725     8596.341
  14   56   42   98 Mo       -88111.723      1.913     8635.125
  12   55   43   98 Tc       -86427.771      3.817     8609.959
  10   54   44   98 Ru       -88224.469      6.271     8620.309
   8   53   45   98 Rh    -  -83174.815     11.804     8560.799
   6   52   46   98 Pd  -pp  -81299.957     21.497     8533.685
   4   51   47   98 Ag    -  -73060.614     66.976     8441.627
   2   50   48   98 Cd    -  -67630.614     78.012     8378.235
   0   49   49   98 In    x  -53896.       196.        8230.   
0 27   63   36   99 Kr    x  -39495.       596.        8186.   
  25   62   37   99 Rb       -50878.870    125.670     8292.853
  23   61   38   99 Sr       -62185.677     79.999     8399.161
  21   60   39   99 Y        -70200.924     24.391     8472.220
  19   59   40   99 Zr       -77768.473     20.033     8540.758
  17   58   41   99 Nb       -82326.954     13.339     8578.900
  15   57   42   99 Mo       -85965.840      1.915     8607.754
  13   56   43   99 Tc       -87323.141      1.979     8613.562
  11   55   44   99 Ru       -87616.977      2.011     8608.627
   9   54   45   99 Rh       -85574.394      7.137     8580.093
   7   53   46   99 Pd       -82187.735     15.180     8537.982
   5   52   47   99 Ag    -  -76757.735    150.766     8475.231
   3   51   48   99 Cd    x  -69853.       205.        8398.   
   1   50   49   99 In    x  -61274.       401.        8303.   
  -1   49   50   99 Sn    x  -47199.       596.        8153.   
0 28   64   36  100 Kr    x  -36198.       503.        8152.   
  26   63   37  100 Rb    x  -46696.       298.        8249.   
  24   62   38  100 Sr    +  -60219.307    127.217     8376.218
  22   61   39  100 Y     +  -67294.307     78.640     8439.145
  20   60   40  100 Zr    +  -76604.307     35.837     8524.422
  18   59   41  100 Nb    +  -79939.307     25.677     8549.948
  16   58   42  100 Mo       -86184.307      5.855     8604.575
  14   57   43  100 Tc   -n  -86016.224      2.217     8595.070
  12   56   44  100 Ru       -89218.984      2.011     8619.274
  10   55   45  100 Rh       -85584.225     18.198     8575.103
   8   54   46  100 Pd       -85226.218     11.256     8563.700
   6   53   47  100 Ag       -78148.384     77.126     8485.098
   4   52   48  100 Cd       -74249.829     95.269     8438.289
   2   51   49  100 In    -  -64169.829    248.950     8329.666
   0   50   50  100 Sn    -  -56779.829    705.391     8247.942
0 27   64   37  101 Rb    +  -43597.231    166.082     8216.371
  25   63   38  101 Sr    +  -55407.231    124.432     8325.555
  23   62   39  101 Y     +  -64912.231     95.306     8411.918
  21   61   40  101 Zr    +  -73457.231     31.357     8488.776
  19   60   41  101 Nb    +  -78942.231     18.928     8535.337
  17   59   42  101 Mo   -n  -83511.231      5.856     8572.829
  15   58   43  101 Tc    +  -86335.840     24.084     8593.049
  13   57   44  101 Ru       -87949.720      2.014     8601.282
  11   56   45  101 Rh  +nn  -87408.021     17.230     8588.173
   9   55   46  101 Pd    -  -85428.021     17.688     8560.823
   7   54   47  101 Ag    -  -81224.197    104.408     8511.455
   5   53   48  101 Cd    -  -75747.660    150.936     8449.486
   3   52   49  101 In    x  -68614.       298.        8371.   
   1   51   50  101 Sn    x  -59560.       298.        8274.   
0 28   65   37  102 Rb    x  -38312.       503.        8163.   
  26   64   38  102 Sr    +  -53077.471    111.172     8300.222
  24   63   39  102 Y     +  -61892.471     86.367     8378.974
  22   62   40  102 Zr    +  -71742.471     50.589     8467.872
  20   61   41  102 Nb    +  -76347.471     40.734     8505.349
  18   60   42  102 Mo  -nn  -83557.471     20.839     8568.365
  16   59   43  102 Tc       -84565.665      9.393     8570.579
  14   58   44  102 Ru       -89098.043      2.014     8607.344
  12   57   45  102 Rh       -86775.004      4.941     8576.900
  10   56   46  102 Pd       -87925.075      2.988     8580.505
   8   55   47  102 Ag    x  -82264.893     27.945     8517.343
   6   54   48  102 Cd    -  -79677.893     29.067     8484.310
   4   53   49  102 In    -  -70709.488    111.699     8388.714
   2   52   50  102 Sn    -  -64929.488    131.820     8324.377
0 27   65   38  103 Sr    x  -47553.       503.        8244.   
  25   64   39  103 Y     x  -58936.       298.        8347.   
  23   63   40  103 Zr    +  -68372.027    108.742     8431.299
  21   62   41  103 Nb    +  -75317.027     67.822     8491.131
  19   61   42  103 Mo    +  -80847.027     60.826     8537.225
  17   60   43  103 Tc   +p  -84597.027      9.992     8566.037
  15   59   44  103 Ru       -87258.775      2.018     8584.283
  13   58   45  103 Rh       -88022.185      2.806     8584.100
  11   57   46  103 Pd       -87479.110      2.902     8571.231
   9   56   47  103 Ag       -84791.366     16.682     8537.541
   7   55   48  103 Cd       -80649.453     15.370     8489.733
   5   54   49  103 In    -  -74599.453     25.224     8423.399
   3   53   50  103 Sn    x  -66974.       298.        8342.   
   1   52   51  103 Sb    x  -56178.       298.        8229.   
0 28   66   38  104 Sr    x  -44404.       699.        8212.   
  26   65   39  104 Y     x  -54912.       401.        8306.   
  24   64   40  104 Zr    x  -66341.       401.        8408.   
  22   63   41  104 Nb    +  -72223.666    104.810     8457.350
  20   62   42  104 Mo    +  -80328.666     53.713     8527.760
  18   61   43  104 Tc    +  -82486.166     45.663     8540.983
  16   60   44  104 Ru       -88088.872      3.137     8587.333
  14   59   45  104 Rh   -n  -86949.825      2.807     8568.858
  12   58   46  104 Pd   +n  -89390.045      4.133     8584.799
  10   57   47  104 Ag    -  -85111.392      5.751     8536.135
   8   56   48  104 Cd       -83974.674      9.466     8517.683
   6   55   49  104 In       -76106.627     84.733     8434.506
   4   54   50  104 Sn    -  -71591.627    103.825     8383.570
   2   53   51  104 Sb   +a  -59176.       362.        8257.   
0 29   67   38  105 Sr    x  -38582.       699.        8156.   
  27   66   39  105 Y     x  -51353.       503.        8270.   
  25   65   40  105 Zr    x  -62364.       401.        8367.   
  23   64   41  105 Nb    +  -70852.653     99.799     8440.617
  21   63   42  105 Mo    +  -77337.653     71.133     8494.928
  19   62   43  105 Tc    +  -82287.653     55.089     8534.619
  17   61   44  105 Ru       -85927.653      3.138     8561.835
  15   60   45  105 Rh       -87845.641      4.027     8572.651
  13   59   46  105 Pd       -88412.828      4.073     8570.602
  11   58   47  105 Ag       -87067.992     10.982     8550.343
   9   57   48  105 Cd       -84330.103     11.549     8516.817
   7   56   49  105 In       -79481.085     17.348     8463.185
   5   55   50  105 Sn   +a  -73262.528     80.586     8396.509
   3   54   51  105 Sb   -p  -63820.056    104.903     8299.130
   1   53   52  105 Te    x  -52499.       503.        8184.   
0 28   67   39  106 Y     x  -46770.       699.        8225.   
  26   66   40  106 Zr    x  -59699.       503.        8339.   
  24   65   41  106 Nb    x  -67096.       196.        8402.   
  22   64   42  106 Mo    +  -76255.078     17.948     8480.718
  20   63   43  106 Tc    +  -79775.078     13.328     8506.545
  18   62   44  106 Ru    +  -86322.078      7.525     8560.929
  16   61   45  106 Rh    +  -86361.478      7.522     8553.920
  14   60   46  106 Pd       -89902.478      4.073     8579.945
  12   59   47  106 Ag       -86937.340      4.913     8544.591
  10   58   48  106 Cd       -87132.499      5.931     8539.052
   8   57   49  106 In       -80606.451     12.333     8470.105
   6   56   50  106 Sn       -77425.204     50.288     8432.712
   4   55   51  106 Sb   +a  -66330.       313.        8321.   
   2   54   52  106 Te   -a  -58214.429    132.152     8236.717
0 29   68   39  107 Y     x  -42718.       503.        8185.   
  27   67   40  107 Zr    x  -55191.       298.        8295.   
  25   66   41  107 Nb    x  -64916.       401.        8378.   
  23   65   42  107 Mo    +  -72942.869    161.627     8445.937
  21   64   43  107 Tc    +  -79102.869    150.077     8496.195
  19   63   44  107 Ru    +  -83922.869    123.686     8533.930
  17   62   45  107 Rh       -86863.285     11.929     8554.099
  15   61   46  107 Pd       -88367.594      4.083     8560.847
  13   60   47  107 Ag       -88401.743      4.271     8553.854
  11   59   48  107 Cd       -86984.841      5.773     8533.300
   9   58   49  107 In       -83559.577     11.391     8493.977
   7   57   50  107 Sn       -78576.801     83.434     8440.097
   5   56   51  107 Sb    x  -70654.       298.        8359.   
   3   55   52  107 Te   -a  -60541.       298.        8257.   
0 30   69   39  108 Y     x  -37744.       801.        8138.   
  28   68   40  108 Zr    x  -52201.       596.        8265.   
  26   67   41  108 Nb    x  -60696.       298.        8336.   
  24   66   42  108 Mo    +  -71303.       196.        8427.   
  22   65   43  108 Tc    +  -75952.879    126.467     8463.095
  20   64   44  108 Ru    +  -83672.879    116.163     8527.332
  18   63   45  108 Rh    +  -85019.304    105.056     8532.555
  16   62   46  108 Pd       -89524.304      3.442     8567.024
  14   61   47  108 Ag   -n  -87601.836      4.274     8541.980
  12   60   48  108 Cd       -89252.325      5.566     8550.018
  10   59   49  108 In       -84115.603      9.749     8495.212
   8   58   50  108 Sn       -82040.983     19.854     8468.758
   6   57   51  108 Sb    x  -72507.       205.        8373.   
   4   56   52  108 Te   -a  -65721.935    103.908     8303.168
   2   55   53  108 I    -p  -52652.       359.        8175.   
0 29   69   40  109 Zr    x  -47283.       503.        8218.   
  27   68   41  109 Nb    x  -58097.       503.        8310.   
  25   67   42  109 Mo    x  -67245.       298.        8387.   
  23   66   43  109 Tc    +  -74535.668     96.272     8446.498
  21   65   44  109 Ru    +  -80850.668     66.093     8497.257
  19   64   45  109 Rh   +p  -85010.668     11.968     8528.244
  17   63   46  109 Pd       -87606.591      3.440     8544.883
  15   62   47  109 Ag       -88722.669      2.900     8547.944
  13   61   48  109 Cd       -88508.424      3.896     8538.801
  11   60   49  109 In       -86488.746      5.828     8513.095
   9   59   50  109 Sn  +3n  -82639.154      9.967     8470.600
   7   58   51  109 Sb    -  -76259.154     18.851     8404.890
   5   57   52  109 Te   ep  -67612.012     63.199     8318.381
   3   56   53  109 I    -p  -57613.447    103.925     8219.474
0 30   70   40  110 Zr    x  -43901.       801.        8186.   
  28   69   41  110 Nb    x  -53617.       503.        8267.   
  26   68   42  110 Mo    x  -65456.       401.        8368.   
  24   67   43  110 Tc    +  -70960.763     76.550     8410.589
  22   66   44  110 Ru       -79981.763     53.244     8485.485
  20   65   45  110 Rh       -82775.901     50.445     8503.774
  18   64   46  110 Pd       -88349.175     10.873     8547.328
  16   63   47  110 Ag       -87460.552      2.899     8532.138
  14   62   48  110 Cd       -90352.990      2.665     8551.320
  12   61   49  110 In    -  -86474.990     11.850     8508.954
  10   60   50  110 Sn    x  -85843.888     13.777     8496.104
   8   59   51  110 Sb    -  -77544.       200.        8414.   
   6   58   52  110 Te   -a  -72277.120     52.642     8358.545
   4   57   53  110 I    +a  -60321.       309.        8243.   
   2   56   54  110 Xe   -a  -51904.646    132.883     8159.116
0 29   70   41  111 Nb    x  -50627.       503.        8238.   
  27   69   42  111 Mo    x  -61097.       401.        8326.   
  25   68   43  111 Tc    +  -69216.683    108.698     8391.820
  23   67   44  111 Ru    x  -76665.683     73.588     8451.880
  21   66   45  111 Rh    +  -82357.192     29.613     8496.106
  19   65   46  111 Pd   -n  -86004.158     10.880     8521.914
  17   64   47  111 Ag    +  -88220.719      3.015     8534.834
  15   63   48  111 Cd       -89257.519      2.662     8537.127
  13   62   49  111 In       -88395.728      4.828     8522.315
  11   61   50  111 Sn   +n  -85944.797      6.836     8493.186
   9   60   51  111 Sb    x  -80888.145     27.945     8440.583
   7   59   52  111 Te   ep  -73484.917     71.343     8366.839
   5   58   53  111 I    -a  -64947.       302.        8283.   
   3   57   54  111 Xe   -a  -54397.       302.        8181.   
0 30   71   41  112 Nb    x  -45802.       699.        8194.   
  28   70   42  112 Mo    x  -58833.       596.        8303.   
  26   69   43  112 Tc    +  -65999.617    124.158     8360.234
  24   68   44  112 Ru    x  -75483.617     73.588     8437.928
  22   67   45  112 Rh    +  -79741.327     51.609     8468.958
  20   66   46  112 Pd       -86336.399     17.947     8520.857
  18   65   47  112 Ag       -86624.458     16.884     8516.444
  16   64   48  112 Cd       -90580.518      2.659     8544.780
  14   63   49  112 In       -87996.067      5.126     8514.720
  12   62   50  112 Sn       -88661.269      4.283     8513.674
  10   61   51  112 Sb    x  -81600.729     17.829     8443.648
   8   60   52  112 Te 2p-n  -77301.267    170.277     8398.275
   6   59   53  112 I    -a  -67096.       211.        8300.   
   4   58   54  112 Xe   -a  -59966.685    104.097     8229.531
   2   57   55  112 Cs   -p  -46294.       302.        8100.   
0 31   72   41  113 Nb    x  -42197.       801.        8161.   
  29   71   42  113 Mo    x  -54138.       596.        8260.   
  27   70   43  113 Tc    x  -63724.       298.        8338.   
  25   69   44  113 Ru    +  -72202.714     69.997     8405.649
  23   68   45  113 Rh       -78682.714     48.986     8456.070
  21   67   46  113 Pd       -83692.028     35.792     8493.477
  19   66   47  113 Ag       -87032.672     16.613     8516.117
  17   65   48  113 Cd       -89049.279      2.673     8527.040
  15   64   49  113 In       -89369.620      3.212     8522.951
  13   63   50  113 Sn       -88333.039      4.017     8506.854
  11   62   51  113 Sb    -  -84419.744     17.586     8465.300
   9   61   52  113 Te    x  -78347.030     27.945     8404.636
   7   60   53  113 I    -a  -71128.339     53.435     8333.830
   5   59   54  113 Xe   -a  -62092.297     80.586     8246.942
   3   58   55  113 Cs   -p  -51704.182    104.129     8148.088
0 30   72   42  114 Mo    x  -51307.       699.        8233.   
  28   71   43  114 Tc    x  -59727.       596.        8300.   
  26   70   44  114 Ru    +  -70532.       230.        8388.   
  24   69   45  114 Rh    x  -75631.725    112.711     8425.932
  22   68   46  114 Pd       -83496.665     23.634     8488.060
  20   67   47  114 Ag       -84948.803     24.824     8493.936
  18   66   48  114 Cd       -90020.941      2.674     8531.565
  16   65   49  114 In       -88572.155      3.205     8511.994
  14   64   50  114 Sn       -90560.901      3.172     8522.576
  12   63   51  114 Sb    x  -84515.383     27.945     8462.683
  10   62   52  114 Te    x  -81888.570     27.945     8432.778
   8   61   53  114 I     x  -72796.       298.        8346.   
   6   60   54  114 Xe    x  -67085.913     11.178     8289.205
   4   59   55  114 Cs   ep  -54539.       305.        8172.   
   2   58   56  114 Ba   -a  -45945.564    139.200     8090.038
0 31   73   42  115 Mo    x  -46305.       801.        8188.   
  29   72   43  115 Tc    x  -57110.       699.        8275.   
  27   71   44  115 Ru    +  -66428.402    128.715     8349.623
  25   70   45  115 Rh    x  -74208.402     81.040     8410.472
  23   69   46  115 Pd    +  -80403.000     60.988     8457.535
  21   68   47  115 Ag    +  -84987.000     34.922     8490.593
  19   67   48  115 Cd       -88090.485      2.724     8510.777
  17   66   49  115 In       -89536.616      4.463     8516.549
  15   65   50  115 Sn       -90035.978      2.944     8514.088
  13   64   51  115 Sb    x  -87003.403     16.025     8480.915
  11   63   52  115 Te    x  -82062.759     27.945     8431.150
   9   62   53  115 I     x  -76337.797     28.876     8374.564
   7   61   54  115 Xe    x  -68656.771     12.109     8300.970
   5   60   55  115 Cs    x  -59699.       298.        8216.   
   3   59   56  115 Ba    x  -49025.       596.        8117.   
0 30   73   43  116 Tc    x  -52751.       699.        8236.   
  28   72   44  116 Ru    x  -64450.       699.        8330.   
  26   71   45  116 Rh    x  -70735.792    137.861     8377.612
  24   70   46  116 Pd    +  -79960.691     55.568     8450.393
  22   69   47  116 Ag    +  -82567.691     46.773     8466.122
  20   68   48  116 Cd       -88719.392      3.150     8512.410
  18   67   49  116 In   -n  -88250.019      4.468     8501.619
  16   66   50  116 Sn       -91528.107      2.943     8523.134
  14   65   51  116 Sb       -86821.176      5.840     8475.813
  12   64   52  116 Te    x  -85268.962     27.945     8455.687
  10   63   53  116 I     +  -77492.260     96.592     8381.902
   8   62   54  116 Xe    x  -73046.747     13.041     8336.835
   6   61   55  116 Cs   -p  -62068.       101.        8235.   
   4   60   56  116 Ba    x  -54604.       401.        8164.   
0 31   74   43  117 Tc    x  -49854.       699.        8210.   
  29   73   44  117 Ru    x  -60007.       699.        8290.   
  27   72   45  117 Rh    x  -68949.       503.        8360.   
  25   71   46  117 Pd    +  -76530.301     59.455     8417.833
  23   70   47  117 Ag    +  -82265.301     50.109     8460.163
  21   69   48  117 Cd   -n  -86425.301      3.305     8489.032
  19   68   49  117 In       -88945.042      5.668     8503.882
  17   67   50  117 Sn       -90399.950      2.922     8509.630
  15   66   51  117 Sb       -88644.750      9.413     8487.942
  13   65   52  117 Te    x  -85096.897     13.412     8450.931
  11   64   53  117 I     x  -80434.508     27.945     8404.395
   9   63   54  117 Xe    x  -74185.361     10.378     8344.297
   7   62   55  117 Cs       -66442.814     62.410     8271.435
   5   61   56  117 Ba   ep  -57288.       300.        8186.   
   3   60   57  117 La   -p  -46512.       401.        8088.   
0 32   75   43  118 Tc    x  -45196.       904.        8169.   
  30   74   44  118 Ru    x  -57920.       801.        8270.   
  28   73   45  118 Rh    x  -65139.       503.        8325.   
  26   72   46  118 Pd    +  -75465.639    209.931     8405.874
  24   71   47  118 Ag    +  -79565.639     63.806     8433.990
  22   70   48  118 Cd  -nn  -86708.557     20.247     8487.893
  20   69   49  118 In       -87230.346      8.250     8485.685
  18   68   50  118 Sn       -91656.060      2.888     8516.561
  16   67   51  118 Sb    -  -87999.420      4.146     8478.942
  14   66   52  118 Te  +nn  -87721.044     14.770     8469.953
  12   65   53  118 I     x  -80971.048     19.760     8406.119
  10   64   54  118 Xe    x  -78079.081     10.378     8374.981
   8   63   55  118 Cs       -68409.391     12.753     8286.405
   6   62   56  118 Ba    x  -62373.       196.        8229.   
   4   61   57  118 La    x  -49621.       298.        8114.   
0 31   75   44  119 Ru    x  -53244.       699.        8229.   
  29   74   45  119 Rh    x  -63239.       596.        8307.   
  27   73   46  119 Pd    x  -71623.       298.        8371.   
  25   72   47  119 Ag    +  -78557.492     89.775     8422.470
  23   71   48  119 Cd    +  -83907.492     80.371     8460.854
  21   70   49  119 In       -87704.492      7.713     8486.187
  19   69   50  119 Sn       -90068.363      2.873     8499.477
  17   68   51  119 Sb       -89477.443      8.200     8487.937
  15   67   52  119 Te    -  -87184.443      8.441     8462.094
  13   66   53  119 I     x  -83765.530     27.945     8426.789
  11   65   54  119 Xe    x  -78794.437     10.378     8378.441
   9   64   55  119 Cs   IT  -72305.075     13.940     8317.334
   7   63   56  119 Ba   ep  -64590.110    200.269     8245.928
   5   62   57  119 La    x  -54967.       401.        8158.   
   3   61   58  119 Ce    x  -44004.       596.        8060.   
0 32   76   44  120 Ru    x  -50943.       801.        8209.   
  30   75   45  120 Rh    x  -59234.       596.        8272.   
  28   74   46  120 Pd    +  -70149.064    123.908     8355.993
  26   73   47  120 Ag    +  -75649.064     73.165     8395.307
  24   72   48  120 Cd   +a  -83974.064     18.793     8458.162
  22   71   49  120 In    +  -85735.073     40.078     8466.318
  20   70   50  120 Sn       -91105.073      2.504     8504.548
  18   69   51  120 Sb    -  -88424.465      7.566     8475.690
  16   68   52  120 Te       -89404.587      9.696     8477.338
  14   67   53  120 I     -  -83789.587     17.861     8424.027
  12   66   54  120 Xe    x  -82172.448     11.817     8404.032
  10   65   55  120 Cs   IT  -73888.663      9.970     8328.480
   8   64   56  120 Ba    -  -68888.663    300.166     8280.294
   6   63   57  120 La    x  -57687.       503.        8180.   
   4   62   58  120 Ce    x  -49705.       699.        8107.   
0 31   76   45  121 Rh    x  -57082.       904.        8252.   
  29   75   46  121 Pd    x  -66257.       503.        8321.   
  27   74   47  121 Ag    +  -74661.064    146.810     8384.464
  25   73   48  121 Cd    +  -81061.064     84.576     8430.891
  23   72   49  121 In   +p  -85841.064     27.444     8463.929
  21   71   50  121 Sn       -89204.076      2.495     8485.257
  19   70   51  121 Sb       -89595.111      2.198     8482.023
  17   69   52  121 Te       -88551.151     25.930     8466.930
  15   68   53  121 I        -86287.260     10.361     8441.754
  13   67   54  121 Xe    x  -82472.775     11.111     8403.764
  11   66   55  121 Cs    x  -77100.495     13.817     8352.899
   9   65   56  121 Ba    -  -70742.779    141.851     8293.890
   7   64   57  121 La    x  -62401.       503.        8218.   
   5   63   58  121 Ce    x  -52704.       503.        8132.   
   3   62   59  121 Pr   -p  -41579.       700.        8033.   
0 32   77   45  122 Rh    x  -52900.       699.        8216.   
  30   76   46  122 Pd    x  -64692.       401.        8307.   
  28   75   47  122 Ag    x  -71231.       205.        8354.   
  26   74   48  122 Cd  +pp  -80730.320     43.023     8425.233
  24   73   49  122 In    +  -83577.359     50.074     8442.156
  22   72   50  122 Sn       -89945.950      2.716     8487.945
  20   71   51  122 Sb       -88330.175      2.197     8468.288
  18   70   52  122 Te       -90314.028      1.490     8478.137
  16   69   53  122 I     -  -86080.028      5.217     8437.019
  14   68   54  122 Xe    x  -85355.002     11.111     8424.664
  12   67   55  122 Cs       -78139.833     31.953     8359.110
  10   66   56  122 Ba    x  -74608.944     27.945     8323.756
   8   65   57  122 La    x  -64543.       298.        8235.   
   6   64   58  122 Ce    x  -57836.       401.        8173.   
   4   63   59  122 Pr    x  -44889.       503.        8061.   
0 31   77   46  123 Pd    x  -60612.       596.        8272.   
  29   76   47  123 Ag    x  -69955.       205.        8341.   
  27   75   48  123 Cd    +  -77311.209     40.876     8394.558
  25   74   49  123 In    +  -83426.209     24.121     8437.912
  23   73   50  123 Sn       -87820.474      2.706     8467.278
  21   72   51  123 Sb       -89224.113      2.071     8472.329
  19   71   52  123 Te       -89171.894      1.483     8465.544
  17   70   53  123 I        -87943.313      3.734     8449.195
  15   69   54  123 Xe       -85248.552      9.537     8420.926
  13   68   55  123 Cs    x  -81043.671     12.109     8380.379
  11   67   56  123 Ba    x  -75654.978     12.109     8330.208
   9   66   57  123 La    x  -68707.       196.        8267.   
   7   65   58  123 Ce    x  -60175.       298.        8192.   
   5   64   59  123 Pr    x  -50338.       596.        8105.   
0 32   78   46  124 Pd    x  -58796.       503.        8255.   
  30   77   47  124 Ag    x  -66471.       196.        8311.   
  28   76   48  124 Cd    +  -76710.752     62.641     8387.108
  26   75   49  124 In    +  -80876.752     49.020     8414.396
  24   74   50  124 Sn       -88236.752      1.394     8467.441
  22   73   51  124 Sb       -87620.291      2.070     8456.161
  20   72   52  124 Te       -90524.548      1.475     8473.273
  18   71   53  124 I     -  -87364.961      2.373     8441.483
  16   70   54  124 Xe       -87660.103      1.827     8437.554
  14   69   55  124 Cs    x  -81731.335      8.304     8383.432
  12   68   56  124 Ba    x  -79089.800     12.497     8355.820
  10   67   57  124 La    x  -70258.610     56.669     8278.292
   8   66   58  124 Ce    x  -64823.       298.        8228.   
   6   65   59  124 Pr    x  -53132.       596.        8128.   
   4   64   60  124 Nd    x  -44497.       596.        8052.   
0 31   78   47  125 Ag    x  -64804.       298.        8296.   
  29   77   48  125 Cd    +  -73358.534     68.893     8357.764
  27   76   49  125 In    +  -80480.534     30.038     8408.482
  25   75   50  125 Sn   -n  -85898.534      1.501     8445.567
  23   74   51  125 Sb    +  -88255.501      2.584     8458.164
  21   73   52  125 Te       -89022.201      1.475     8458.039
  19   72   53  125 I     -  -88836.431      1.477     8450.294
  17   71   54  125 Xe       -87192.064      1.869     8430.880
  15   70   55  125 Cs       -84087.575      7.744     8399.785
  13   69   56  125 Ba    x  -79667.970     11.111     8358.170
  11   68   57  125 La    x  -73759.389     25.946     8304.642
   9   67   58  125 Ce    x  -66658.       196.        8242.   
   7   66   59  125 Pr    x  -57911.       401.        8165.   
   5   65   60  125 Nd    x  -47618.       401.        8077.   
0 32   79   47  126 Ag    x  -61013.       298.        8264.   
  30   78   48  126 Cd    +  -72327.416     54.143     8347.307
  28   77   49  126 In    +  -77813.416     40.441     8384.638
  26   76   50  126 Sn  -nn  -86020.416     10.698     8443.564
  24   75   51  126 Sb    -  -86398.416     31.850     8440.355
  22   74   52  126 Te       -90064.575      1.477     8463.242
  20   73   53  126 I        -87910.536      3.744     8439.937
  18   72   54  126 Xe    -  -89168.536      6.246     8443.712
  16   71   55  126 Cs    x  -84344.940     12.109     8399.221
  14   70   56  126 Ba    x  -82669.928     12.497     8379.718
  12   69   57  126 La    x  -74973.468     90.508     8312.426
  10   68   58  126 Ce    x  -70820.558     27.945     8273.257
   8   67   59  126 Pr    x  -60258.       196.        8183.   
   6   66   60  126 Nd    x  -52890.       401.        8119.   
   4   65   61  126 Pm    x  -39570.       503.        8007.   
0 33   80   47  127 Ag    x  -58898.       298.        8246.   
  31   79   48  127 Cd    +  -68517.100     74.386     8315.132
  29   78   49  127 In    +  -76985.100     39.552     8375.649
  27   77   50  127 Sn    +  -83499.100     24.563     8420.780
  25   76   51  127 Sb    +  -86700.100      5.228     8439.824
  23   75   52  127 Te       -88281.100      1.528     8446.113
  21   74   53  127 I        -88983.125      3.532     8445.481
  19   73   54  127 Xe       -88320.793      4.013     8434.105
  17   72   55  127 Cs       -86240.020      5.575     8411.561
  15   71   56  127 Ba    x  -82815.595     11.488     8378.437
  13   70   57  127 La    x  -77895.769     25.946     8333.538
  11   69   58  127 Ce    x  -71975.611     57.753     8280.762
   9   68   59  127 Pr    x  -64431.       196.        8215.   
   7   67   60  127 Nd    x  -55424.       401.        8138.   
   5   66   61  127 Pm    x  -45056.       596.        8050.   
0 34   81   47  128 Ag    x  -54800.       298.        8212.   
  32   80   48  128 Cd    +  -67288.998    294.042     8303.632
  30   79   49  128 In    +  -74358.998     48.589     8352.755
  28   78   50  128 Sn    +  -83334.598     27.219     8416.765
  26   77   51  128 Sb   IT  -84608.531     25.061     8420.605
  24   76   52  128 Te       -88992.091      1.750     8448.740
  22   75   53  128 I        -87737.939      3.532     8432.829
  20   74   54  128 Xe       -89860.039      1.428     8443.296
  18   73   55  128 Cs       -85931.378      5.497     8406.491
  16   72   56  128 Ba       -85401.514     10.095     8396.240
  14   71   57  128 La    x  -78631.901     54.448     8337.240
  12   70   58  128 Ce    x  -75533.918     27.945     8306.925
  10   69   59  128 Pr    x  -66330.757     29.808     8228.913
   8   68   60  128 Nd    x  -60184.       196.        8175.   
   6   67   61  128 Pm    x  -48046.       401.        8074.   
   4   66   62  128 Sm    x  -39048.       503.        7997.   
0 35   82   47  129 Ag    x  -52452.       401.        8193.   
  33   81   48  129 Cd    x  -63202.       298.        8270.   
  31   80   49  129 In    +  -72938.793     43.103     8339.564
  29   79   50  129 Sn    x  -80593.793     28.876     8392.840
  27   78   51  129 Sb    +  -84627.681     21.285     8418.046
  25   77   52  129 Te       -87003.181      1.751     8430.396
  23   76   53  129 I        -88503.367      3.163     8435.960
  21   75   54  129 Xe       -88697.386      0.739     8431.400
  19   74   55  129 Cs       -87500.424      4.603     8416.056
  17   73   56  129 Ba       -85064.555     10.951     8391.109
  15   72   57  129 La    x  -81326.120     20.920     8356.064
  13   71   58  129 Ce    x  -76287.496     27.945     8310.940
  11   70   59  129 Pr    x  -69773.559     29.808     8254.380
   9   69   60  129 Nd   ep  -62235.       202.        8190.   
   7   68   61  129 Pm    x  -52946.       401.        8112.   
   5   67   62  129 Sm    x  -42253.       503.        8023.   
0 36   83   47  130 Ag  -nn  -46157.       334.        8144.   
  34   82   48  130 Cd    +  -61569.949    282.769     8256.066
  32   81   49  130 In    +  -69889.949     39.474     8314.048
  30   80   50  130 Sn       -80138.949     10.685     8386.868
  28   79   51  130 Sb       -82291.605     17.089     8397.409
  26   78   52  130 Te       -87351.410      1.926     8430.312
  24   77   53  130 I        -86932.379      3.163     8421.071
  22   76   54  130 Xe       -89881.713      0.750     8437.740
  20   75   55  130 Cs       -86900.424      8.366     8408.789
  18   74   56  130 Ba       -87261.603      2.790     8405.549
  16   73   57  130 La    x  -81628.008     25.946     8356.196
  14   72   58  130 Ce    x  -79422.905     27.945     8333.216
  12   71   59  130 Pr    x  -71175.457     64.273     8263.756
  10   70   60  130 Nd    x  -66596.233     27.945     8222.513
   8   69   61  130 Pm    x  -55470.       298.        8131.   
   6   68   62  130 Sm    x  -47581.       401.        8064.   
   4   67   63  130 Eu   -p  -33936.       503.        7953.   
0 35   83   48  131 Cd    x  -55266.       298.        8207.   
  33   82   49  131 In    +  -68137.141     27.993     8298.814
  31   81   50  131 Sn       -77314.218     21.178     8362.896
  29   80   51  131 Sb       -81987.983     20.617     8392.602
  27   79   52  131 Te       -85209.473      1.927     8411.221
  25   78   53  131 I     +  -87444.363      1.135     8422.309
  23   77   54  131 Xe       -88415.211      0.960     8423.748
  21   76   55  131 Cs       -88059.787      5.017     8415.063
  19   75   56  131 Ba       -86683.790      2.803     8398.587
  17   74   57  131 La    x  -83769.256     27.945     8370.367
  15   73   58  131 Ce    x  -79715.394     33.534     8333.449
  13   72   59  131 Pr    x  -74278.264     52.164     8285.972
  11   71   60  131 Nd    x  -67768.984     27.945     8230.311
   9   70   61  131 Pm    x  -59737.       196.        8163.   
   7   69   62  131 Sm    x  -50198.       298.        8084.   
   5   68   63  131 Eu   -p  -39353.       401.        7995.   
0 36   84   48  132 Cd    x  -50720.       503.        8171.   
  34   83   49  132 In    +  -62419.171     61.532     8253.773
  32   82   50  132 Sn       -76554.171     13.644     8354.930
  30   81   51  132 Sb       -79673.573     14.373     8372.634
  28   80   52  132 Te       -85182.183      6.924     8408.440
  26   79   53  132 I        -85699.888      5.797     8406.435
  24   78   54  132 Xe       -89280.480      0.972     8427.633
  22   77   55  132 Cs       -87155.926      1.900     8405.612
  20   76   56  132 Ba       -88434.841      1.057     8409.373
  18   75   57  132 La    x  -83740.245     39.164     8367.881
  16   74   58  132 Ce       -82474.025     20.574     8352.362
  14   73   59  132 Pr    x  -75213.484     56.821     8291.431
  12   72   60  132 Nd    x  -71425.808     24.205     8256.810
  10   71   61  132 Pm    x  -61711.       196.        8177.   
   8   70   62  132 Sm    x  -55247.       298.        8122.   
   6   69   63  132 Eu    x  -42504.       401.        8020.   
0 35   84   49  133 In    x  -57930.       298.        8219.   
  33   83   50  133 Sn    +  -70952.598     35.662     8310.680
  31   82   51  133 Sb    +  -78942.598     25.431     8364.873
  29   81   52  133 Te    +  -82944.598     24.449     8389.081
  27   80   53  133 I     +  -85886.598      4.665     8405.319
  25   79   54  133 Xe    +  -87643.598      2.400     8412.647
  23   78   55  133 Cs       -88070.958      0.022     8409.978
  21   77   56  133 Ba       -87553.459      0.995     8400.205
  19   76   57  133 La    x  -85494.383     27.945     8378.841
  17   75   58  133 Ce    x  -82423.228     16.354     8349.867
  15   74   59  133 Pr    x  -77937.607     12.497     8310.258
  13   73   60  133 Nd    x  -72332.373     46.575     8262.231
  11   72   61  133 Pm    x  -65407.646     50.301     8204.283
   9   71   62  133 Sm    x  -57129.       196.        8136.   
   7   70   63  133 Eu    x  -47283.       298.        8056.   
0 36   85   49  134 In    x  -52024.       401.        8173.   
  34   84   50  134 Sn    +  -66795.791     99.945     8277.873
  32   83   51  134 Sb    +  -74165.791     43.463     8327.034
  30   82   52  134 Te    +  -82559.490     10.663     8383.836
  28   81   53  134 I     +  -84072.490      8.044     8389.288
  26   80   54  134 Xe    x  -88124.490      0.840     8413.689
  24   79   55  134 Cs       -86891.181      0.026     8398.646
  22   78   56  134 Ba       -88949.868      0.399     8408.171
  20   77   57  134 La    x  -85218.650     19.930     8374.488
  18   76   58  134 Ce    x  -84835.983     20.387     8365.794
  16   75   59  134 Pr    x  -78514.011     35.470     8312.777
  14   74   60  134 Nd    x  -75646.459     11.817     8285.538
  12   73   61  134 Pm    x  -66738.751     57.753     8213.225
  10   72   62  134 Sm    x  -61507.       196.        8168.   
   8   71   63  134 Eu    x  -49826.       196.        8075.   
   6   70   64  134 Gd    x  -41573.       401.        8008.   
0 37   86   49  135 In    x  -47199.       503.        8137.   
  35   85   50  135 Sn    x  -60799.       401.        8232.   
  33   84   51  135 Sb    +  -69707.636    102.731     8292.117
  31   83   52  135 Te    +  -77827.636     89.742     8346.470
  29   82   53  135 I        -83789.636      7.320     8384.838
  27   81   54  135 Xe       -86417.033      4.532     8398.505
  25   80   55  135 Cs       -87581.853      1.000     8401.338
  23   79   56  135 Ba       -87850.512      0.412     8397.533
  21   78   57  135 La    -  -86650.512     10.008     8382.849
  19   77   58  135 Ce    -  -84624.930     11.043     8362.049
  17   76   59  135 Pr    x  -80935.888     11.817     8328.928
  15   75   60  135 Nd    x  -76213.758     19.296     8288.154
  13   74   61  135 Pm    x  -69977.556     58.684     8236.165
  11   73   62  135 Sm    x  -62857.216    154.628     8177.626
   9   72   63  135 Eu    x  -54194.       298.        8108.   
   7   71   64  135 Gd    x  -44181.       503.        8028.   
0 36   86   50  136 Sn    x  -56504.       503.        8199.   
  34   85   51  136 Sb    x  -64879.       298.        8255.   
  32   84   52  136 Te       -74425.210     45.231     8319.429
  30   83   53  136 I        -79499.294     49.698     8350.986
  28   82   54  136 Xe       -86425.137      7.041     8396.158
  26   81   55  136 Cs    +  -86338.711      1.902     8389.770
  24   80   56  136 Ba       -88886.935      0.414     8402.755
  22   79   57  136 La    x  -86036.945     52.914     8376.046
  20   78   58  136 Ce       -86468.332     13.308     8373.466
  18   77   59  136 Pr       -81327.241     12.258     8329.911
  16   76   60  136 Nd    x  -79199.314     11.817     8308.512
  14   75   61  136 Pm    x  -71197.972     78.062     8243.926
  12   74   62  136 Sm    x  -66810.917     12.497     8205.916
  10   73   63  136 Eu    x  -56262.       196.        8123.   
   8   72   64  136 Gd    x  -49052.       401.        8064.   
   6   71   65  136 Tb    x  -35974.       596.        7962.   
0 37   87   50  137 Sn    x  -50310.       596.        8153.   
  35   86   51  137 Sb    x  -60258.       401.        8220.   
  33   85   52  137 Te    +  -69561.221    122.466     8282.114
  31   84   53  137 I  p-2n  -76502.820     27.741     8327.072
  29   83   54  137 Xe   -n  -82379.350      7.042     8364.256
  27   82   55  137 Cs       -86545.599      0.455     8388.956
  25   81   56  137 Ba       -87721.227      0.421     8391.827
  23   80   57  137 La    +  -87100.653     13.404     8381.586
  21   79   58  137 Ce       -85878.553     13.308     8366.955
  19   78   59  137 Pr       -83177.333     11.787     8341.528
  17   77   60  137 Nd       -79580.199     11.482     8309.561
  15   76   61  137 Pm    x  -74072.875     13.041     8263.651
  13   75   62  137 Sm       -68025.381     42.391     8213.798
  11   74   63  137 Eu    x  -60016.       196.        8150.   
   9   73   64  137 Gd    x  -51214.       401.        8080.   
   7   72   65  137 Tb    x  -41004.       596.        7999.   
0 36   87   51  138 Sb    x  -55154.       298.        8182.   
  34   86   52  138 Te    x  -65931.       205.        8254.   
  32   85   53  138 I     +  -72330.890     82.351     8294.988
  30   84   54  138 Xe    +  -80150.890     43.378     8345.985
  28   83   55  138 Cs       -82887.407      9.160     8360.146
  26   82   56  138 Ba       -88261.631      0.423     8393.420
  24   81   57  138 La   +n  -86524.681      3.528     8375.164
  22   80   58  138 Ce       -87568.521     10.156     8377.059
  20   79   59  138 Pr    -  -83131.521     14.253     8339.238
  18   78   60  138 Nd    x  -82018.083     11.817     8325.500
  16   77   61  138 Pm    x  -74940.294     27.494     8268.543
  14   76   62  138 Sm    x  -71497.790     11.817     8237.928
  12   75   63  138 Eu    x  -61749.669     27.945     8161.620
  10   74   64  138 Gd    x  -55778.       196.        8113.   
   8   73   65  138 Tb    x  -43631.       401.        8019.   
   6   72   66  138 Dy    x  -34940.       596.        7950.   
0 37   88   51  139 Sb    x  -50319.       503.        8146.   
  35   87   52  139 Te    x  -60799.       401.        8216.   
  33   86   53  139 I     +  -68837.893     31.074     8268.249
  31   85   54  139 Xe    +  -75643.893     20.894     8311.585
  29   84   55  139 Cs    +  -80700.915      3.152     8342.338
  27   83   56  139 Ba       -84913.745      0.424     8367.017
  25   82   57  139 La       -87231.371      2.415     8378.063
  23   81   58  139 Ce       -86952.496      7.347     8370.428
  21   80   59  139 Pr       -84823.335      7.916     8349.482
  19   79   60  139 Nd       -81991.697     25.845     8323.482
  17   78   61  139 Pm       -77496.499     13.481     8285.514
  15   77   62  139 Sm    x  -72380.247     10.884     8243.078
  13   76   63  139 Eu    x  -65398.070     13.151     8187.218
  11   75   64  139 Gd    x  -57529.       196.        8125.   
   9   74   65  139 Tb    x  -48168.       298.        8052.   
   7   73   66  139 Dy    x  -37688.       503.        7971.   
0 36   88   52  140 Te    x  -56961.       298.        8188.   
  34   87   53  140 I     x  -64273.       196.        8234.   
  32   86   54  140 Xe    +  -72990.992     60.558     8290.919
  30   85   55  140 Cs       -77050.992      8.203     8314.331
  28   84   56  140 Ba       -83271.368      7.959     8353.174
  26   83   57  140 La       -84321.031      2.415     8355.083
  24   82   58  140 Ce       -88083.278      2.462     8376.368
  22   81   59  140 Pr    -  -84695.278      6.485     8346.580
  20   80   60  140 Nd    x  -84251.770     27.945     8337.824
  18   79   61  140 Pm    -  -78206.570     36.836     8289.056
  16   78   62  140 Sm    x  -75455.963     12.497     8263.820
  14   77   63  140 Eu    -  -66985.963     51.538     8197.732
  12   76   64  140 Gd    x  -61782.272     27.945     8154.975
  10   75   65  140 Tb    -  -50482.272    800.488     8068.672
   8   74   66  140 Dy    x  -42839.       503.        8008.   
   6   73   67  140 Ho   -p  -29305.       503.        7906.   
0 37   89   52  141 Te    x  -51558.       401.        8148.   
  35   88   53  141 I     x  -60519.       196.        8206.   
  33   87   54  141 Xe    +  -68326.902     90.613     8256.283
  31   86   55  141 Cs       -74476.902     10.525     8294.351
  29   85   56  141 Ba       -79725.632      8.108     8326.028
  27   84   57  141 La       -82938.221      4.577     8343.264
  25   83   58  141 Ce       -85440.105      2.462     8355.459
  23   82   59  141 Pr       -86020.892      2.468     8354.029
  21   81   60  141 Nd    -  -84197.879      3.739     8335.552
  19   80   61  141 Pm    x  -80522.949     13.972     8303.940
  17   79   62  141 Sm       -75938.662      8.627     8265.879
  15   78   63  141 Eu       -69926.584     12.641     8217.691
  13   77   64  141 Gd    x  -63224.224     19.760     8164.608
  11   76   65  141 Tb    x  -54540.837    105.259     8097.475
   9   75   66  141 Dy    x  -45317.       298.        8027.   
   7   74   67  141 Ho   -p  -34374.       503.        7943.   
0 38   90   52  142 Te    x  -47432.       596.        8119.   
  36   89   53  142 I     x  -55722.       401.        8172.   
  34   88   54  142 Xe    +  -65475.096    100.560     8234.897
  32   87   55  142 Cs       -70515.096     10.600     8264.881
  30   86   56  142 Ba       -77823.147      6.181     8310.836
  28   85   57  142 La       -80034.775      5.663     8320.902
  26   84   58  142 Ce       -84538.479      2.993     8347.108
  24   83   59  142 Pr       -83792.724      2.468     8336.347
  22   82   60  142 Nd       -85955.195      2.328     8346.066
  20   81   61  142 Pm    x  -81156.907     25.061     8306.766
  18   80   62  142 Sm       -78992.889      5.675     8286.017
  16   79   63  142 Eu    -  -71319.889     30.532     8226.472
  14   78   64  142 Gd    x  -66959.515     27.945     8190.256
  12   77   65  142 Tb    -  -57060.       301.        8115.   
  10   76   66  142 Dy    -  -49960.       362.        8060.   
   8   75   67  142 Ho    x  -37474.       503.        7966.   
0 37   90   53  143 I     x  -51642.       401.        8142.   
  35   89   54  143 Xe    x  -60445.       196.        8199.   
  33   88   55  143 Cs       -67671.410     23.686     8243.641
  31   87   56  143 Ba       -73935.736     13.248     8281.977
  29   86   57  143 La       -78187.073     15.425     8306.235
  27   85   58  143 Ce       -81611.999      2.993     8324.715
  25   84   59  143 Pr       -83073.499      2.633     8329.464
  23   83   60  143 Nd       -84007.448      2.328     8330.524
  21   82   61  143 Pm       -82965.734      3.308     8317.769
  19   81   62  143 Sm       -79523.191      3.630     8288.224
  17   80   63  143 Eu    x  -74242.392     10.986     8245.824
  15   79   64  143 Gd    -  -68232.392    200.301     8198.326
  13   78   65  143 Tb    x  -60434.400     59.616     8138.323
  11   77   66  143 Dy    x  -52322.       196.        8076.   
   9   76   67  143 Ho    x  -42281.       401.        8000.   
   7   75   68  143 Er    x  -31354.       596.        7919.   
0 38   91   53  144 I     x  -46584.       503.        8107.   
  36   90   54  144 Xe    x  -57278.       298.        8176.   
  34   89   55  144 Cs       -63269.947     26.252     8211.879
  32   88   56  144 Ba       -71768.956     13.349     8265.467
  30   87   57  144 La       -74892.447     48.815     8281.725
  28   86   58  144 Ce       -80436.989      3.444     8314.795
  26   85   59  144 Pr       -80755.645      3.342     8311.575
  24   84   60  144 Nd       -83753.165      2.328     8326.959
  22   83   61  144 Pm       -81421.106      3.190     8305.331
  20   82   62  144 Sm       -81971.958      2.807     8303.723
  18   81   63  144 Eu       -75621.643     10.827     8254.191
  16   80   64  144 Gd    x  -71759.504     27.945     8221.937
  14   79   65  144 Tb    x  -62368.181     27.945     8151.287
  12   78   66  144 Dy    x  -56584.535     30.739     8105.690
  10   77   67  144 Ho    x  -45196.       298.        8021.   
   8   76   68  144 Er    x  -36906.       401.        7958.   
0 37   91   54  145 Xe    x  -52098.       298.        8139.   
  35   90   55  145 Cs       -60056.986     10.842     8188.751
  33   89   56  145 Ba    -  -67414.986     70.835     8234.100
  31   88   57  145 La    +  -72986.839     90.123     8267.131
  29   87   58  145 Ce    +  -77096.839     41.498     8290.081
  27   86   59  145 Pr       -79631.839      7.446     8302.168
  25   85   60  145 Nd       -81437.134      2.334     8309.223
  23   84   61  145 Pm       -81273.762      3.137     8302.701
  21   83   62  145 Sm       -80657.737      2.814     8293.057
  19   82   63  145 Eu       -77998.429      3.843     8269.321
  17   81   64  145 Gd    x  -72927.362     18.756     8228.953
  15   80   65  145 Tb    x  -65880.845     56.821     8174.961
  13   79   66  145 Dy    x  -58288.238     45.643     8117.202
  11   78   67  145 Ho    x  -49183.       298.        8049.   
   9   77   68  145 Er    x  -39691.       401.        7978.   
   7   76   69  145 Tm   -p  -27877.       401.        7891.   
0 38   92   54  146 Xe    x  -48671.       401.        8115.   
  36   91   55  146 Cs       -55620.044     71.271     8157.557
  34   90   56  146 Ba       -65000.050     72.302     8216.445
  32   89   57  146 La       -69122.947     71.388     8239.325
  30   88   58  146 Ce       -75675.496     66.442     8278.847
  28   87   59  146 Pr       -76713.808     61.711     8280.600
  26   86   60  146 Nd       -80931.050      2.334     8304.127
  24   85   61  146 Pm    +  -79459.880      4.687     8288.692
  22   84   62  146 Sm       -81001.880      3.601     8293.895
  20   83   63  146 Eu       -77122.285      6.233     8261.964
  18   82   64  146 Gd       -76093.179      4.707     8249.557
  16   81   65  146 Tb       -67769.370     45.211     8187.186
  14   80   66  146 Dy       -62554.136     27.112     8146.107
  12   79   67  146 Ho    x  -51568.       196.        8065.   
  10   78   68  146 Er    x  -44712.       298.        8013.   
   8   77   69  146 Tm   -p  -31275.       401.        7916.   
0 39   93   54  147 Xe    x  -43259.       401.        8078.   
  37   92   55  147 Cs       -52019.275     53.056     8132.475
  35   91   56  147 Ba    +  -60598.       206.        8186.   
  33   90   57  147 La    +  -66848.403     48.072     8222.709
  31   89   58  147 Ce    +  -72028.748     30.523     8252.628
  29   88   59  147 Pr    +  -75454.748     23.057     8270.612
  27   87   60  147 Nd       -78151.936      2.335     8283.638
  25   86   61  147 Pm       -79047.936      2.409     8284.411
  23   85   62  147 Sm       -79272.075      2.412     8280.614
  21   84   63  147 Eu       -77550.499      3.228     8263.580
  19   83   64  147 Gd       -75363.063      3.030     8243.378
  17   82   65  147 Tb    -  -70752.013     11.915     8206.688
  15   81   66  147 Dy    x  -64187.855     19.760     8156.712
  13   80   67  147 Ho    x  -55837.477     27.945     8094.584
  11   79   68  147 Er    x  -47050.       298.        8029.   
   9   78   69  147 Tm   -p  -36365.       298.        7951.   
0 38   93   55  148 Cs       -47302.986    575.724     8100.195
  36   92   56  148 Ba    +  -58013.403     84.181     8167.277
  34   91   57  148 La    +  -63128.403     59.045     8196.551
  32   90   58  148 Ce    +  -70390.756     29.425     8240.335
  30   89   59  148 Pr    +  -72530.756     25.881     8249.508
  28   88   60  148 Nd       -77413.404      2.837     8277.213
  26   87   61  148 Pm   +p  -76871.898      6.083     8268.268
  24   86   62  148 Sm       -79342.169      2.417     8279.673
  22   85   63  148 Eu       -76302.498     10.208     8253.849
  20   84   64  148 Gd       -76275.830      2.807     8248.382
  18   83   65  148 Tb       -70540.457     13.907     8204.344
  16   82   66  148 Dy       -67859.496     10.583     8180.943
  14   81   67  148 Ho    x  -58015.310    129.478     8109.142
  12   80   68  148 Er    x  -51651.       196.        8061.   
  10   79   69  148 Tm    x  -39272.       401.        7972.   
   8   78   70  148 Yb    x  -30348.       596.        7906.   
0 39   94   55  149 Cs    x  -43845.       196.        8077.   
  37   93   56  149 Ba    x  -53486.       196.        8136.   
  35   92   57  149 La    +  -60795.       315.        8180.   
  33   91   58  149 Ce    +  -66695.080     96.908     8214.397
  31   90   59  149 Pr    +  -71056.550     82.122     8238.418
  29   89   60  149 Nd       -74380.875      2.838     8255.479
  27   88   61  149 Pm       -76071.245      4.159     8261.573
  25   87   62  149 Sm       -77141.922      2.443     8263.508
  23   86   63  149 Eu       -76446.560      4.348     8253.590
  21   85   64  149 Gd       -75133.454      3.950     8239.527
  19   84   65  149 Tb       -71495.975      4.284     8209.864
  17   83   66  149 Dy       -67715.154      8.764     8179.238
  15   82   67  149 Ho    -  -61688.403     18.404     8133.540
  13   81   68  149 Er    x  -53741.615     27.945     8074.955
  11   80   69  149 Tm    x  -44041.       298.        8005.   
   9   79   70  149 Yb    x  -33497.       503.        7929.   
0 40   95   55  150 Cs    x  -38964.       298.        8044.   
  38   94   56  150 Ba    x  -50599.       401.        8117.   
  36   93   57  150 La    x  -57035.       401.        8154.   
  34   92   58  150 Ce    +  -64823.663     47.814     8200.968
  32   91   59  150 Pr    +  -68303.663     26.194     8218.952
  30   90   60  150 Nd       -73689.663      3.184     8249.643
  28   89   61  150 Pm    +  -73603.339     20.147     8243.852
  26   88   62  150 Sm       -77057.339      2.433     8261.663
  24   87   63  150 Eu       -74797.274      6.497     8241.380
  22   86   64  150 Gd       -75768.769      6.317     8242.641
  20   85   65  150 Tb       -71110.545      7.556     8206.371
  18   84   66  150 Dy       -69316.955      4.910     8189.198
  16   83   67  150 Ho       -61947.908     14.182     8134.855
  14   82   68  150 Er       -57832.887     17.201     8102.206
  12   81   69  150 Tm    x  -46612.       196.        8022.   
  10   80   70  150 Yb    x  -38732.       401.        7964.   
   8   79   71  150 Lu   -p  -24938.       503.        7867.   
0 41   96   55  151 Cs    x  -35220.       503.        8020.   
  39   95   56  151 Ba    x  -45820.       401.        8085.   
  37   94   57  151 La    x  -54287.       401.        8136.   
  35   93   58  151 Ce    +  -61500.777    102.629     8178.103
  33   92   59  151 Pr    +  -66770.777     23.079     8207.823
  31   91   60  151 Nd   -n  -70952.896      3.186     8230.338
  29   90   61  151 Pm       -73395.232      5.340     8241.331
  27   89   62  151 Sm       -74582.481      2.433     8244.012
  25   88   63  151 Eu       -74659.094      2.455     8239.339
  23   87   64  151 Gd       -74194.911      3.674     8231.084
  21   86   65  151 Tb       -71629.520      4.582     8208.913
  19   85   66  151 Dy   -a  -68758.601      4.020     8184.719
  17   84   67  151 Ho   -a  -63632.086     12.053     8145.588
  15   83   68  151 Er    x  -58265.971     16.470     8104.869
  13   82   69  151 Tm   +a  -50781.802     20.252     8050.124
  11   81   70  151 Yb   ep  -41543.916    300.493     7983.765
   9   80   71  151 Lu   -p  -30202.       401.        7903.   
0 40   96   56  152 Ba    x  -42597.       503.        8063.   
  38   95   57  152 La    x  -50068.       401.        8107.   
  36   94   58  152 Ce    x  -59113.       196.        8162.   
  34   93   59  152 Pr    +  -63808.061    122.497     8187.433
  32   92   60  152 Nd       -70158.061     24.609     8224.062
  30   91   61  152 Pm       -71262.276     26.016     8226.180
  28   90   62  152 Sm       -74768.765      2.471     8244.102
  26   89   63  152 Eu       -72894.497      2.455     8226.624
  24   88   64  152 Gd   +n  -74714.206      2.513     8233.449
  22   87   65  152 Tb    -  -70724.206     40.079     8202.052
  20   86   66  152 Dy   -a  -70124.452      5.181     8192.959
  18   85   67  152 Ho   -a  -63608.266     13.971     8144.942
  16   84   68  152 Er   -a  -60500.173     10.706     8119.347
  14   83   69  152 Tm    x  -51770.574     73.588     8056.769
  12   82   70  152 Yb    -  -46305.574    208.423     8015.668
  10   81   71  152 Lu    x  -33422.       196.        7926.   
0 41   97   56  153 Ba    x  -37623.       801.        8031.   
  39   96   57  153 La    x  -46929.       596.        8087.   
  37   95   58  153 Ce    x  -55349.       401.        8137.   
  35   94   59  153 Pr    +  -61628.663    103.673     8172.430
  33   93   60  153 Nd    +  -67348.663     27.352     8204.702
  31   92   61  153 Pm       -70684.663     11.097     8221.392
  29   91   62  153 Sm       -72565.846      2.474     8228.574
  27   90   63  153 Eu       -73373.467      2.457     8228.740
  25   89   64  153 Gd       -72889.831      2.509     8220.465
  23   88   65  153 Tb       -71320.222      4.491     8205.093
  21   87   66  153 Dy       -69149.764      4.535     8185.793
  19   86   67  153 Ho   -a  -65019.410      5.554     8153.684
  17   85   68  153 Er       -60487.968      8.828     8118.954
  15   84   69  153 Tm   -a  -54015.370     18.461     8071.536
  13   83   70  153 Yb    x  -47059.       196.        8021.   
  11   82   71  153 Lu   +a  -38407.984    208.658     7959.300
   9   81   72  153 Hf    x  -27302.       503.        7882.   
0 40   97   57  154 La    x  -42383.       596.        8057.   
  38   96   58  154 Ce    x  -52704.       503.        8119.   
  36   95   59  154 Pr    +  -58201.466    151.651     8149.519
  34   94   60  154 Nd    +  -65691.466    114.008     8193.075
  32   93   61  154 Pm    +  -68498.396     44.794     8206.221
  30   92   62  154 Sm       -72461.596      2.548     8226.876
  28   91   63  154 Eu       -71744.378      2.462     8217.139
  26   90   64  154 Gd       -73713.221      2.504     8224.843
  24   89   65  154 Tb    -  -70161.974     45.367     8196.703
  22   88   66  154 Dy       -70398.165      7.633     8193.157
  20   87   67  154 Ho   -a  -64644.213      8.383     8150.713
  18   86   68  154 Er       -62612.157      5.470     8132.438
  16   85   69  154 Tm   -a  -54429.236     14.426     8074.222
  14   84   70  154 Yb   -a  -49933.735     17.288     8039.950
  12   83   71  154 Lu   +a  -39568.       202.        7968.   
  10   82   72  154 Hf    x  -32733.       503.        7918.   
0 41   98   57  155 La    x  -38797.       801.        8034.   
  39   97   58  155 Ce    x  -48400.       596.        8091.   
  37   96   59  155 Pr    x  -55778.       298.        8133.   
  35   95   60  155 Nd    +  -62473.       153.        8172.   
  33   94   61  155 Pm    +  -66973.239     30.109     8195.511
  31   93   62  155 Sm   -n  -70197.239      2.562     8211.264
  29   92   63  155 Eu       -71824.466      2.490     8216.715
  27   91   64  155 Gd       -72077.123      2.504     8213.297
  25   90   65  155 Tb    +  -71254.414     12.125     8202.942
  23   89   66  155 Dy   +n  -69159.914     11.976     8184.382
  21   88   67  155 Ho    x  -66039.673     17.890     8159.204
  19   87   68  155 Er   -a  -62215.463      6.520     8129.484
  17   86   69  155 Tm   -a  -56635.339     13.223     8088.436
  15   85   70  155 Yb   -a  -50503.433     16.625     8043.828
  13   84   71  155 Lu   +a  -42554.171     20.089     7987.495
  11   83   72  155 Hf    x  -34102.       401.        7928.   
   9   82   73  155 Ta   -p  -23668.       503.        7856.   
0 40   98   58  156 Ce    x  -45401.       596.        8071.   
  38   97   59  156 Pr    x  -51912.       401.        8108.   
  36   96   60  156 Nd    +  -60530.237    202.934     8158.429
  34   95   61  156 Pm    +  -64220.237     34.382     8177.068
  32   94   62  156 Sm       -69370.326      9.528     8205.066
  30   93   63  156 Eu       -70092.829      5.812     8204.682
  28   92   64  156 Gd       -72542.197      2.504     8215.368
  26   91   65  156 Tb       -70097.520      4.412     8194.682
  24   90   66  156 Dy       -70529.829      6.589     8192.439
  22   89   67  156 Ho    x  -65354.551     44.712     8154.249
  20   88   68  156 Er    x  -64212.821     24.428     8141.915
  18   87   69  156 Tm   -a  -56839.827     15.744     8089.637
  16   86   70  156 Yb   -a  -53264.490     11.287     8061.703
  14   85   71  156 Lu   -a  -43749.923     73.658     7995.697
  12   84   72  156 Hf   -a  -37852.167    208.458     7952.876
  10   83   73  156 Ta   -p  -25799.       401.        7871.   
0 41   99   58  157 Ce    x  -40669.       699.        8041.   
  39   98   59  157 Pr    x  -48969.       401.        8089.   
  37   97   60  157 Nd    x  -56793.       196.        8134.   
  35   96   61  157 Pm    +  -62373.426    111.930     8164.631
  33   95   62  157 Sm    +  -66733.426     50.282     8187.419
  31   94   63  157 Eu       -69467.426      5.319     8199.850
  29   93   64  157 Gd       -70830.678      2.505     8203.550
  27   92   65  157 Tb       -70770.626      2.521     8198.184
  25   91   66  157 Dy       -69427.886      6.672     8184.648
  23   90   67  157 Ho    x  -66828.930     24.428     8163.111
  21   89   68  157 Er    x  -63419.838     27.945     8136.414
  19   88   69  157 Tm    x  -58709.273     27.945     8101.428
  17   87   70  157 Yb       -53441.815     10.138     8062.894
  15   86   71  157 Lu   IT  -46483.134     18.682     8013.588
  13   85   72  157 Hf   -a  -38754.       196.        7959.   
  11   84   73  157 Ta   IT  -29628.547    208.684     7896.268
0 40   99   59  158 Pr    x  -44730.       596.        8062.   
  38   98   60  158 Nd    x  -54399.       401.        8119.   
  36   97   61  158 Pm    +  -59092.669    127.015     8143.276
  34   96   62  158 Sm    +  -65212.669     78.313     8177.059
  32   95   63  158 Eu    +  -67211.669     76.863     8184.759
  30   94   64  158 Gd       -70696.751      2.505     8201.865
  28   93   65  158 Tb       -69477.216      2.618     8189.195
  26   92   66  158 Dy       -70412.109      3.397     8190.160
  24   91   67  158 Ho    -  -66191.026     27.218     8158.493
  22   90   68  158 Er       -65303.809     25.219     8147.926
  20   89   69  158 Tm       -58703.194     25.219     8101.199
  18   88   70  158 Yb       -56014.817      8.203     8079.232
  16   87   71  158 Lu   -a  -47214.373     15.138     8018.581
  14   86   72  158 Hf   -a  -42104.119     17.501     7981.286
  12   85   73  158 Ta   +a  -31019.       202.        7906.   
  10   84   74  158 W    -a  -23695.       503.        7855.   
0 41  100   59  159 Pr    x  -41451.       699.        8042.   
  39   99   60  159 Nd    x  -50217.       503.        8092.   
  37   98   61  159 Pm    x  -56849.       196.        8129.   
  35   97   62  159 Sm    +  -62213.301    100.268     8157.530
  33   96   63  159 Eu       -66053.301      7.321     8176.760
  31   95   64  159 Gd       -68568.524      2.508     8187.659
  29   94   65  159 Tb       -69539.048      2.551     8188.842
  27   93   66  159 Dy       -69173.476      2.731     8181.623
  25   92   67  159 Ho    -  -67335.876      3.829     8165.145
  23   91   68  159 Er    -  -64567.376      4.319     8142.813
  21   90   69  159 Tm    x  -60570.398     27.945     8112.754
  19   89   70  159 Yb    x  -55842.973     18.356     8078.101
  17   88   71  159 Lu    x  -49714.975     37.663     8034.640
  15   87   72  159 Hf   -a  -42853.503     16.838     7986.566
  13   86   73  159 Ta   IT  -34448.350     20.514     7928.783
  11   85   74  159 W    -a  -25227.       401.        7866.   
0 40  100   60  160 Nd    x  -47422.       596.        8074.   
  38   99   61  160 Pm    x  -53104.       298.        8105.   
  36   98   62  160 Sm    x  -60417.       196.        8146.   
  34   97   63  160 Eu    +  -63369.       200.        8159.   
  32   96   64  160 Gd       -67948.626      2.556     8183.057
  30   95   65  160 Tb       -67842.938      2.555     8177.507
  28   94   66  160 Dy       -69678.064      2.536     8184.087
  26   93   67  160 Ho    -  -66388.064     15.213     8158.635
  24   92   68  160 Er    x  -66058.488     24.428     8151.685
  22   91   69  160 Tm    x  -60302.313     34.274     8110.820
  20   90   70  160 Yb    x  -58169.617     16.507     8092.601
  18   89   71  160 Lu    x  -50269.937     56.821     8038.338
  16   88   72  160 Hf   -a  -45937.205     11.583     8006.369
  14   87   73  160 Ta   -a  -35875.507     89.025     7938.593
  12   86   74  160 W    -a  -29361.804    208.508     7892.993
  10   85   75  160 Re   -p  -16660.       401.        7809.   
0 41  101   60  161 Nd    x  -42961.       699.        8047.   
  39  100   61  161 Pm    x  -50431.       503.        8088.   
  37   99   62  161 Sm    x  -56979.       298.        8124.   
  35   98   63  161 Eu    x  -61777.       298.        8149.   
  33   97   64  161 Gd   -n  -65512.709      2.745     8167.233
  31   96   65  161 Tb       -67468.186      2.604     8174.520
  29   95   66  161 Dy       -68061.133      2.535     8173.344
  27   94   67  161 Ho       -67202.843      3.222     8163.153
  25   93   68  161 Er   +n  -65208.950      9.404     8145.910
  23   92   69  161 Tm    x  -61898.708     27.945     8120.490
  21   91   70  161 Yb    x  -57844.214     15.993     8090.447
  19   90   71  161 Lu    x  -52562.344     27.945     8052.781
  17   89   72  161 Hf       -46318.685     22.536     8009.142
  15   88   73  161 Ta   IT  -38734.        55.        7957.   
  13   87   74  161 W    -a  -30407.       196.        7901.   
  11   86   75  161 Re   -p  -20875.601    208.576     7836.532
0 40  101   61  162 Pm    x  -46305.       699.        8063.   
  38  100   62  162 Sm    x  -54753.       503.        8110.   
  36   99   63  162 Eu    x  -58647.       298.        8129.   
  34   98   64  162 Gd  -nn  -64287.290      4.580     8159.077
  32   97   65  162 Tb    +  -65681.287     36.452     8162.853
  30   96   66  162 Dy       -68186.808      2.535     8173.490
  28   95   67  162 Ho       -66047.112      3.921     8155.452
  26   94   68  162 Er       -66342.620      3.467     8152.447
  24   93   69  162 Tm    -  -61483.558     26.277     8117.624
  22   92   70  162 Yb    x  -59831.527     15.993     8102.597
  20   91   71  162 Lu    x  -52836.866     75.036     8054.590
  18   90   72  162 Hf   -a  -49173.105      9.598     8027.145
  16   89   73  162 Ta   -a  -39782.377     52.241     7964.348
  14   88   74  162 W    -a  -34001.937     17.710     7923.837
  12   87   75  162 Re   +a  -22354.       202.        7847.   
  10   86   76  162 Os   -a  -14503.       503.        7794.   
0 41  102   61  163 Pm    x  -43147.       801.        8043.   
  39  101   62  163 Sm    x  -50897.       699.        8086.   
  37  100   63  163 Eu    x  -56626.       503.        8116.   
  35   99   64  163 Gd    x  -61488.       298.        8141.   
  33   98   65  163 Tb   +p  -64601.404      4.735     8155.666
  31   97   66  163 Dy       -66386.498      2.535     8161.818
  29   96   67  163 Ho       -66383.942      2.535     8157.002
  27   95   68  163 Er       -65174.074      5.243     8144.780
  25   94   69  163 Tm    -  -62735.074      6.040     8125.017
  23   93   70  163 Yb    x  -59304.213     15.993     8099.170
  21   92   71  163 Lu    x  -54791.409     27.945     8066.684
  19   91   72  163 Hf    x  -49286.280     27.945     8028.110
  17   90   73  163 Ta   -a  -42541.078     38.061     7981.929
  15   89   74  163 W    -a  -34909.095     52.759     7930.308
  13   88   75  163 Re   IT  -26006.814     19.947     7870.893
  11   87   76  163 Os   -a  -16124.       404.        7805.   
0 40  102   62  164 Sm    x  -48177.       801.        8069.   
  38  101   63  164 Eu    x  -53104.       596.        8095.   
  36  100   64  164 Gd    x  -59746.       401.        8130.   
  34   99   65  164 Tb    +  -62083.294    100.032     8139.797
  32   98   66  164 Dy       -65973.294      2.534     8158.746
  30   97   67  164 Ho       -64987.069      2.773     8147.963
  28   96   68  164 Er       -65949.562      3.070     8149.061
  26   95   69  164 Tm    x  -61888.462     27.945     8119.528
  24   94   70  164 Yb    x  -61022.716     15.993     8109.478
  22   93   71  164 Lu    x  -54642.370     27.945     8065.803
  20   92   72  164 Hf   +a  -51821.541     20.403     8043.833
  18   91   73  164 Ta    x  -43282.801     27.945     7986.997
  16   90   74  164 W    -a  -38233.747     11.756     7951.440
  14   89   75  164 Re   +a  -27644.       159.        7882.   
  12   88   76  164 Os   -a  -20459.661    208.591     7833.520
  10   87   77  164 Ir   -a   -7265.       413.        7748.   
0 41  103   62  165 Sm    x  -43799.       904.        8043.   
  39  102   63  165 Eu    x  -50561.       699.        8079.   
  37  101   64  165 Gd    x  -56467.       503.        8110.   
  35  100   65  165 Tb    x  -60659.       196.        8131.   
  33   99   66  165 Dy   -n  -63617.935      2.535     8143.942
  31   98   67  165 Ho       -64904.574      2.525     8146.998
  29   97   68  165 Er       -64528.312      3.081     8139.976
  27   96   69  165 Tm       -62935.934      3.319     8125.584
  25   95   70  165 Yb    x  -60287.224     27.945     8104.790
  23   94   71  165 Lu    x  -56442.273     26.540     8076.745
  21   93   72  165 Hf    x  -51635.507     27.945     8042.872
  19   92   73  165 Ta   +a  -45855.107     17.371     8003.098
  17   91   74  165 W        -38861.977     24.976     7955.974
  15   90   75  165 Re   +a  -30656.812     27.705     7901.504
  13   89   76  165 Os   -a  -21646.       202.        7842.   
  11   88   77  165 Ir   IT  -11625.       215.        7777.   
0 40  103   63  166 Eu    x  -46603.       801.        8055.   
  38  102   64  166 Gd    x  -54399.       596.        8097.   
  36  101   65  166 Tb    +  -57760.118    100.033     8112.929
  34  100   66  166 Dy   -n  -62590.118      2.566     8137.313
  32   99   67  166 Ho       -63076.897      2.525     8135.532
  30   98   68  166 Er       -64931.595      2.514     8141.992
  28   97   69  166 Tm    -  -61893.929     11.817     8118.980
  26   96   70  166 Yb  +nn  -61588.481      8.263     8112.427
  24   95   71  166 Lu    x  -56020.981     29.808     8074.175
  22   94   72  166 Hf    x  -53858.984     27.945     8056.438
  20   93   73  166 Ta    x  -46097.776     27.945     8004.971
  18   92   74  166 W    -a  -41891.844     10.398     7974.921
  16   91   75  166 Re   IT  -31850.        88.        7910.   
  14   90   76  166 Os   -a  -25438.400     18.236     7866.378
  12   89   77  166 Ir   -p  -13205.       202.        7788.   
  10   88   78  166 Pt   -a   -4792.       503.        7733.   
0 41  104   63  167 Eu    x  -43585.       801.        8037.   
  39  103   64  167 Gd    x  -50701.       596.        8075.   
  37  102   65  167 Tb    x  -55843.       401.        8101.   
  35  101   66  167 Dy    +  -59936.551     60.271     8121.028
  33  100   67  167 Ho  p2n  -62286.551      5.709     8130.415
  31   99   68  167 Er       -63296.733      2.512     8131.779
  29   98   69  167 Tm       -62548.311      2.674     8122.613
  27   97   70  167 Yb       -60594.053      4.628     8106.226
  25   96   71  167 Lu    x  -57501.125     31.671     8083.021
  23   95   72  167 Hf    x  -53467.756     27.945     8054.184
  21   94   73  167 Ta    x  -48351.060     27.945     8018.861
  19   93   74  167 W    +a  -42088.612     19.264     7976.676
  17   92   75  167 Re   +a  -34837.        52.        7929.   
  15   91   76  167 Os   -a  -26502.896     72.688     7873.979
  13   90   77  167 Ir   -p  -17078.797     18.948     7812.863
  11   89   78  167 Pt   -a   -6540.       407.        7745.   
0 40  104   64  168 Gd    x  -48102.       699.        8060.   
  38  103   65  168 Tb    x  -52499.       503.        8081.   
  36  102   66  168 Dy  +pp  -58564.175    140.027     8112.563
  34  101   67  168 Ho    +  -60066.731     30.105     8116.850
  32  100   68  168 Er       -62996.731      2.512     8129.634
  30   99   69  168 Tm       -61317.664      2.897     8114.982
  28   98   70  168 Yb       -61574.646      4.391     8111.855
  26   97   71  168 Lu    -  -57064.151     46.950     8080.350
  24   96   72  168 Hf    x  -55360.552     27.945     8065.553
  22   95   73  168 Ta    x  -48393.908     27.945     8019.428
  20   94   74  168 W    +a  -44890.192     16.283     7993.916
  18   93   75  168 Re   -a  -35794.885     30.821     7935.120
  16   92   76  168 Os   -a  -29990.680     12.103     7895.914
  14   91   77  168 Ir   IT  -18741.       151.        7824.   
  12   90   78  168 Pt   -a  -11037.512    208.792     7773.784
0 41  105   64  169 Gd    x  -43901.       801.        8035.   
  39  104   65  169 Tb    x  -50096.       596.        8067.   
  37  103   66  169 Dy    +  -55603.099    300.679     8094.798
  35  102   67  169 Ho   +p  -58803.099     20.189     8109.103
  33  101   68  169 Er       -60928.684      2.516     8117.052
  31  100   69  169 Tm       -61279.963      2.476     8114.501
  29   99   70  169 Yb       -60370.311      4.391     8104.489
  27   98   71  169 Lu    -  -58077.311      5.318     8086.292
  25   97   72  169 Hf    x  -54716.890     27.945     8061.778
  23   96   73  169 Ta    x  -50290.430     27.945     8030.957
  21   95   74  169 W        -44917.768     15.436     7994.537
  19   94   75  169 Re       -38385.847     28.102     7951.257
  17   93   76  169 Os   -a  -30721.352     25.197     7901.276
  15   92   77  169 Ir   +a  -22081.119     26.465     7845.521
  13   91   78  169 Pt   -a  -12375.       202.        7783.   
  11   90   79  169 Au    x   -1788.       298.        7716.   
0 40  105   65  170 Tb    x  -46342.       699.        8045.   
  38  104   66  170 Dy    x  -53663.       196.        8083.   
  36  103   67  170 Ho    +  -56244.606     50.076     8093.831
  34  102   68  170 Er       -60114.606      2.754     8111.994
  32  101   69  170 Tm       -59800.614      2.476     8105.545
  30  100   70  170 Yb       -60768.957      2.449     8106.639
  28   99   71  170 Lu    -  -57310.199     17.020     8081.691
  26   98   72  170 Hf    x  -56253.855     27.945     8070.875
  24   97   73  170 Ta    x  -50137.665     27.945     8030.296
  22   96   74  170 W    +a  -47293.364     15.127     8008.962
  20   95   75  170 Re    x  -38917.754     25.795     7955.092
  18   94   76  170 Os   -a  -33927.780     10.900     7921.137
  16   93   77  170 Ir   -a  -23320.       102.        7854.   
  14   92   78  170 Pt   -a  -16305.533     18.662     7808.273
  12   91   79  170 Au   -p   -3612.       203.        7729.   
0 41  106   65  171 Tb    x  -43501.       801.        8028.   
  39  105   66  171 Dy    x  -50114.       298.        8062.   
  37  104   67  171 Ho    +  -54524.862    600.006     8083.642
  35  103   68  171 Er       -57724.862      2.763     8097.781
  33  102   69  171 Tm       -59215.595      2.584     8101.923
  31  101   70  171 Yb       -59312.137      2.400     8097.913
  29  100   71  171 Lu       -57833.542      2.767     8084.691
  27   99   72  171 Hf    x  -55431.345     28.876     8066.068
  25   98   73  171 Ta    x  -51720.273     27.945     8039.791
  23   97   74  171 W     x  -47086.091     27.945     8008.115
  21   96   75  171 Re    x  -41250.281     27.945     7969.412
  19   95   76  171 Os       -34293.120     18.745     7924.152
  17   94   77  171 Ir   -a  -26430.172     39.519     7873.595
  15   93   78  171 Pt   -a  -17470.596     88.224     7816.624
  13   92   79  171 Au   IT   -7564.773     25.644     7754.121
  11   91   80  171 Hg    x    3502.       298.        7685.   
0 40  106   66  172 Dy    x  -47730.       401.        8049.   
  38  105   67  172 Ho    x  -51400.       401.        8065.   
  36  104   68  172 Er       -56489.417      4.618     8090.444
  34  103   69  172 Tm       -57379.990      5.970     8091.073
  32  102   70  172 Yb       -59260.280      2.398     8097.457
  30  101   71  172 Lu       -56741.334      2.978     8078.263
  28  100   72  172 Hf    x  -56403.544     24.428     8071.751
  26   99   73  172 Ta    x  -51329.977     27.945     8037.705
  24   98   74  172 W     x  -49097.186     27.945     8020.175
  22   97   75  172 Re   +a  -41523.244     53.979     7971.592
  20   96   76  172 Os   +a  -37238.053     14.586     7942.129
  18   95   77  172 Ir   -a  -27520.       105.        7881.   
  16   94   78  172 Pt   -a  -21101.014     12.778     7839.212
  14   93   79  172 Au   -a   -9282.       159.        7766.   
  12   92   80  172 Hg   -a   -1087.345    209.154     7713.757
0 41  107   66  173 Dy    x  -43780.       503.        8026.   
  39  106   67  173 Ho    x  -49099.       401.        8052.   
  37  105   68  173 Er    x  -53654.       196.        8074.   
  35  104   69  173 Tm  p2n  -56258.878      5.096     8084.479
  33  103   70  173 Yb       -57556.282      2.388     8087.456
  31  102   71  173 Lu       -56885.778      2.420     8079.058
  29  101   72  173 Hf    x  -55411.784     27.945     8066.016
  27  100   73  173 Ta    x  -52396.538     27.945     8044.064
  25   99   74  173 W     x  -48727.383     27.945     8018.333
  23   98   75  173 Re    x  -43553.865     27.945     7983.906
  21   97   76  173 Os       -37438.225     14.959     7944.033
  19   96   77  173 Ir   +a  -30271.935     13.693     7898.087
  17   95   78  173 Pt   -a  -21941.570     55.990     7845.413
  15   94   79  173 Au   +a  -12819.798     26.005     7788.163
  13   93   80  173 Hg   -a   -2569.       208.        7724.   
0 40  107   67  174 Ho    x  -45503.       503.        8032.   
  38  106   68  174 Er    x  -51949.       298.        8064.   
  36  105   69  174 Tm    +  -53869.598     44.785     8070.672
  34  104   70  174 Yb       -56949.598      2.388     8083.876
  32  103   71  174 Lu       -55575.279      2.405     8071.482
  30  102   72  174 Hf       -55846.626      2.806     8068.545
  28  101   73  174 Ta    x  -51740.766     27.945     8040.452
  26  100   74  174 W     x  -50227.088     27.945     8027.256
  24   99   75  174 Re    x  -43673.097     27.945     7985.094
  22   98   76  174 Os   +a  -39996.301     11.139     7959.466
  20   97   77  174 Ir   -a  -30868.738     27.666     7902.513
  18   96   78  174 Pt   -a  -25319.155     11.822     7866.122
  16   95   79  174 Au   -a  -14195.       102.        7798.   
  14   94   80  174 Hg   -a   -6647.425     19.606     7749.821
0 41  108   67  175 Ho    x  -42802.       596.        8016.   
  39  107   68  175 Er    x  -48652.       401.        8045.   
  37  106   69  175 Tm    +  -52315.634     50.057     8061.795
  35  105   70  175 Yb       -54700.634      2.388     8070.954
  33  104   71  175 Lu       -55170.695      2.187     8069.169
  31  103   72  175 Hf       -54483.847      2.825     8060.774
  29  102   73  175 Ta    x  -52408.647     27.945     8044.445
  27  101   74  175 W     x  -49632.795     27.945     8024.112
  25  100   75  175 Re    x  -45288.307     27.945     7994.816
  23   99   76  175 Os   +a  -40104.697     13.515     7960.725
  21   98   77  175 Ir       -33428.622     19.757     7918.105
  19   97   78  175 Pt       -25690.090     18.885     7869.415
  17   96   79  175 Au   -a  -17443.057     42.396     7817.818
  15   95   80  175 Hg   -a   -7989.172    101.408     7759.325
0 40  108   68  176 Er    x  -46500.       401.        8033.   
  38  107   69  176 Tm    +  -49374.133    100.033     8045.137
  36  106   70  176 Yb       -53494.133      2.571     8064.100
  34  105   71  176 Lu       -53387.359      2.184     8059.049
  32  104   72  176 Hf       -54577.509      2.216     8061.366
  30  103   73  176 Ta    x  -51365.374     30.739     8038.670
  28  102   74  176 W     x  -50641.603     27.945     8030.112
  26  101   75  176 Re    x  -45062.886     27.945     7993.970
  24  100   76  176 Os    x  -42097.940     27.945     7972.678
  22   99   77  176 Ir       -33861.029     20.340     7921.433
  20   98   78  176 Pt   +a  -28927.898     14.428     7888.958
  18   97   79  176 Au   -a  -18537.       105.        7825.   
  16   96   80  176 Hg   -a  -11779.132     14.176     7782.632
  14   95   81  176 Tl    x     550.       196.        7708.   
0 41  109   68  177 Er    x  -42802.       503.        8013.   
  39  108   69  177 Tm    x  -47469.       298.        8035.   
  37  107   70  177 Yb   -n  -50989.216      2.581     8049.989
  35  106   71  177 Lu       -52389.034      2.185     8053.478
  33  105   72  177 Hf       -52889.623      2.146     8051.886
  31  104   73  177 Ta    -  -51723.623      3.689     8040.878
  29  103   74  177 W     x  -49701.726     27.945     8025.035
  27  102   75  177 Re    x  -46269.170     27.945     8001.222
  25  101   76  177 Os   +a  -41949.530     15.718     7972.397
  23  100   77  177 Ir    x  -36047.421     19.760     7934.632
  21   99   78  177 Pt       -29370.489     14.988     7892.489
  19   98   79  177 Au       -21550.199     12.869     7843.887
  17   97   80  177 Hg   -a  -12780.882     75.066     7789.922
  15   96   81  177 Tl   IT   -3327.962     24.999     7732.096
0 40  109   69  178 Tm    x  -44116.       401.        8016.   
  38  108   70  178 Yb  -nn  -49698.297     10.325     8042.857
  36  107   71  178 Lu       -50343.004      2.889     8042.083
  34  106   72  178 Hf       -52444.262      2.144     8049.493
  32  105   73  178 Ta    -  -50507.262     15.152     8034.216
  30  104   74  178 W     -  -50415.962     15.284     8029.308
  28  103   75  178 Re    x  -45653.453     27.945     7998.157
  26  102   76  178 Os   +a  -43546.189     16.436     7981.923
  24  101   77  178 Ir    x  -36251.884     19.760     7936.549
  22  100   78  178 Pt   +a  -31998.007     10.823     7908.255
  20   99   79  178 Au   -a  -22326.122     57.144     7849.524
  18   98   80  178 Hg   -a  -16316.846     12.878     7811.368
  16   97   81  178 Tl   -a   -4754.       114.        7742.   
  14   96   82  178 Pb   -a    3567.800     24.280     7690.866
0 41  110   69  179 Tm    x  -41601.       503.        8002.   
  39  109   70  179 Yb    x  -46416.       298.        8025.   
  37  108   71  179 Lu       -49064.170      5.458     8035.102
  35  107   72  179 Hf       -50471.936      2.143     8038.596
  33  106   73  179 Ta       -50366.314      2.173     8033.636
  31  105   74  179 W    +n  -49303.561     15.506     8023.328
  29  104   75  179 Re    x  -46586.212     24.428     8003.776
  27  103   76  179 Os   +a  -43020.103     18.076     7979.483
  25  102   77  179 Ir   +a  -38077.364     10.899     7947.500
  23  101   78  179 Pt   +a  -32263.781      9.092     7910.651
  21  100   79  179 Au       -24952.104     16.549     7865.433
  19   99   80  179 Hg       -16921.649     27.308     7816.199
  17   98   81  179 Tl   -a   -8300.467     43.180     7763.666
  15   97   82  179 Pb    x    2003.       196.        7702.   
0 40  110   70  180 Yb    x  -44404.       401.        8014.   
  38  109   71  180 Lu    +  -46685.398     70.743     8022.088
  36  108   72  180 Hf       -49788.398      2.147     8034.981
  34  107   73  180 Ta       -48936.195      2.216     8025.900
  32  106   74  180 W        -49644.477      3.931     8025.488
  30  105   75  180 Re    x  -45839.673     21.392     8000.004
  28  104   76  180 Os   +a  -44358.859     20.301     7987.431
  26  103   77  180 Ir    x  -37977.526     21.706     7947.633
  24  102   78  180 Pt   +a  -34435.958     10.978     7923.611
  22  101   79  180 Au       -25596.408     21.009     7870.156
  20  100   80  180 Hg       -20244.723     13.968     7836.078
  18   99   81  180 Tl   -a   -9403.       116.        7771.   
  16   98   82  180 Pb   -a   -1939.209     20.888     7725.688
0 41  111   70  181 Yb    x  -40846.       401.        7994.   
  39  110   71  181 Lu    x  -44740.       298.        8012.   
  37  109   72  181 Hf       -47411.884      2.148     8022.052
  35  108   73  181 Ta       -48441.634      1.793     8023.418
  33  107   74  181 W        -48253.952      4.734     8018.059
  31  106   75  181 Re   4n  -46511.436     12.579     8004.110
  29  105   76  181 Os    x  -43552.934     31.671     7983.442
  27  104   77  181 Ir    x  -39471.782     25.627     7956.572
  25  103   78  181 Pt    x  -34374.658     14.863     7924.088
  23  102   79  181 Au   -a  -27871.187     19.976     7883.835
  21  101   80  181 Hg       -20661.178     15.383     7839.679
  19  100   81  181 Tl       -12801.105      9.357     7791.931
  17   99   82  181 Pb   -a   -3144.762     90.194     7734.258
0 40  111   71  182 Lu    x  -41880.       196.        7996.   
  38  110   72  182 Hf  -nn  -46058.563      6.373     8014.886
  36  109   73  182 Ta       -46433.254      1.794     8012.647
  34  108   74  182 W        -48247.518      0.828     8018.316
  32  107   75  182 Re   IT  -45447.518    101.984     7998.633
  30  106   76  182 Os       -44609.074     21.745     7989.728
  28  105   77  182 Ir       -39051.679     20.967     7954.894
  26  104   78  182 Pt   +a  -36169.301     15.620     7934.758
  24  103   79  182 Au   -a  -28300.768     20.260     7887.226
  22  102   80  182 Hg    x  -23576.146      9.715     7856.968
  20  101   81  182 Tl   -a  -13351.007     75.930     7796.487
  18  100   82  182 Pb   -a   -6826.135     14.007     7756.338
0 41  112   71  183 Lu    x  -39523.       298.        7984.   
  39  111   72  183 Hf    +  -43286.117     30.054     8000.045
  37  110   73  183 Ta   -n  -45296.117      1.805     8006.753
  35  109   74  183 W        -46367.023      0.824     8008.330
  33  108   75  183 Re    -  -45811.023      8.042     8001.017
  31  107   76  183 Os    x  -43662.754     49.797     7985.002
  29  106   77  183 Ir       -40197.266     25.115     7961.790
  27  105   78  183 Pt       -35772.441     15.592     7933.336
  25  104   79  183 Au   +a  -30186.894     10.492     7898.538
  23  103   80  183 Hg       -23799.819      8.200     7859.361
  21  102   81  183 Tl       -16587.297      9.749     7815.674
  19  101   82  183 Pb   -a   -7568.734     28.191     7762.117
0 42  113   71  184 Lu    x  -36412.       401.        7967.   
  40  112   72  184 Hf    +  -41501.304     39.708     7990.732
  38  111   73  184 Ta    +  -42841.304     26.014     7993.763
  36  110   74  184 W        -45707.304      0.859     8005.087
  34  109   75  184 Re       -44226.631      4.332     7992.788
  32  108   76  184 Os       -44256.145      1.304     7988.696
  30  107   77  184 Ir    x  -39610.851     27.945     7959.198
  28  106   78  184 Pt       -37332.183     18.126     7942.562
  26  105   79  184 Au   -a  -30318.710     22.275     7900.194
  24  104   80  184 Hg       -26349.123     10.065     7874.368
  22  103   81  184 Tl       -16885.078     49.317     7818.681
  20  102   82  184 Pb       -11045.339     14.297     7782.692
  18  101   83  184 Bi   -a    1047.       126.        7713.   
0 41  113   72  185 Hf    x  -38359.       196.        7974.   
  39  112   73  185 Ta    +  -41396.176     14.171     7986.370
  37  111   74  185 W        -43389.676      0.904     7992.917
  35  110   75  185 Re       -43822.152      1.193     7991.026
  33  109   76  185 Os       -42809.355      1.274     7981.323
  31  108   77  185 Ir    x  -40335.554     27.945     7963.722
  29  107   78  185 Pt    x  -36683.166     40.986     7939.750
  27  106   79  185 Au   -a  -31866.958     26.028     7909.488
  25  105   80  185 Hg   -a  -26175.833     15.536     7874.496
  23  104   81  185 Tl   IT  -19755.772     53.880     7835.564
  21  103   82  185 Pb   -a  -11541.263     16.175     7786.932
  19  102   83  185 Bi   IT   -2213.        53.        7732.   
0 42  114   72  186 Hf    x  -36431.       298.        7964.   
  40  113   73  186 Ta    +  -38608.542     60.025     7971.840
  38  112   74  186 W        -42509.542      1.749     7988.607
  36  111   75  186 Re       -41930.192      1.202     7981.286
  34  110   76  186 Os       -42999.479      1.380     7982.829
  32  109   77  186 Ir    x  -39172.952     16.526     7958.050
  30  108   78  186 Pt       -37864.474     21.745     7946.809
  28  107   79  186 Au       -31714.853     20.967     7909.540
  26  106   80  186 Hg    x  -28539.309     11.247     7888.261
  24  105   81  186 Tl    x  -20190.133    184.436     7839.167
  22  104   82  186 Pb   -a  -14681.328     11.298     7805.343
  20  103   83  186 Bi   -a   -3169.291     76.873     7739.245
0 43  115   72  187 Hf    x  -32984.       401.        7946.   
  41  114   73  187 Ta    x  -36766.       196.        7963.   
  39  113   74  187 W        -39904.768      1.748     7975.120
  37  112   75  187 Re       -41215.714      1.409     7977.947
  35  111   76  187 Os       -41218.183      1.409     7973.776
  33  110   77  187 Ir    -  -39715.774      6.163     7961.558
  31  109   78  187 Pt    x  -36712.973     27.945     7941.317
  29  108   79  187 Au       -33005.122     25.115     7917.305
  27  107   80  187 Hg       -28117.858     13.924     7886.986
  25  106   81  187 Tl       -22443.512      8.107     7852.458
  23  105   82  187 Pb       -14979.941      8.286     7808.363
  21  104   83  187 Bi        -6373.435     15.354     7758.155
0 44  116   72  188 Hf    x  -30879.       503.        7936.   
  42  115   73  188 Ta    x  -33813.       196.        7947.   
  40  114   74  188 W     +  -38667.150      3.317     7969.048
  38  113   75  188 Re   -n  -39016.150      1.414     7966.743
  36  112   76  188 Os       -41136.426      1.414     7973.860
  34  111   77  188 Ir       -38328.071      6.994     7954.761
  32  110   78  188 Pt       -37822.950      5.385     7947.912
  30  109   79  188 Au    x  -32300.802     20.387     7914.378
  28  108   80  188 Hg       -30201.784     11.532     7899.051
  26  107   81  188 Tl    x  -22346.744     32.609     7853.108
  24  106   82  188 Pb   -a  -17815.439     10.626     7824.844
  22  105   83  188 Bi   -a   -7204.962     49.812     7764.244
  20  104   84  188 Po   -a    -538.359     19.419     7724.622
0 43  116   73  189 Ta    x  -31829.       298.        7938.   
  41  115   74  189 W     +  -35477.935    200.172     7952.715
  39  114   75  189 Re   +p  -37977.935      8.297     7961.804
  37  113   76  189 Os       -38985.380      1.465     7962.995
  35  112   77  189 Ir       -38453.064     12.743     7956.039
  33  111   78  189 Pt       -36483.186     11.175     7941.477
  31  110   79  189 Au    x  -33581.955     20.081     7921.987
  29  109   80  189 Hg       -29630.792     33.413     7896.942
  27  108   81  189 Tl   +a  -24602.221     10.891     7866.196
  25  107   82  189 Pb    x  -17878.165     34.465     7826.480
  23  106   83  189 Bi   -a  -10061.055     53.953     7780.980
  21  105   84  189 Po   -a   -1415.347     22.060     7731.096
0 44  117   73  190 Ta    x  -28662.       401.        7922.   
  42  116   74  190 W     +  -34296.326    164.848     7947.121
  40  115   75  190 Re    +  -35566.326    149.248     7949.687
  38  114   76  190 Os       -38706.326      1.472     7962.096
  36  113   77  190 Ir   +n  -36751.194      1.715     7947.688
  34  112   78  190 Pt       -37323.422      5.705     7946.582
  32  111   79  190 Au    -  -32881.422     16.048     7919.086
  30  110   80  190 Hg       -31370.436     15.919     7907.016
  28  109   81  190 Tl   +a  -24333.279     49.436     7865.860
  26  108   82  190 Pb   -a  -20416.935     12.139     7841.130
  24  107   83  190 Bi   -a  -10903.017    184.504     7786.939
  22  106   84  190 Po   -a   -4563.217     13.410     7749.454
0 43  117   74  191 W     x  -31112.       196.        7931.   
  41  116   75  191 Re   +p  -34348.616     10.321     7943.949
  39  115   76  191 Os       -36393.733      1.474     7950.560
  37  114   77  191 Ir       -36706.409      1.668     7948.101
  35  113   78  191 Pt       -35697.960      4.367     7938.725
  33  112   79  191 Au       -33809.297     37.032     7924.741
  31  111   80  191 Hg       -30592.960     22.590     7903.805
  29  110   81  191 Tl   +a  -26281.028      7.569     7877.134
  27  109   82  191 Pb    x  -20246.022     39.123     7841.441
  25  108   83  191 Bi       -13240.145      7.430     7800.665
  23  107   84  191 Po        -5053.834     11.004     7753.708
0 44  118   74  192 W     x  -29649.       596.        7924.   
  42  117   75  192 Re    x  -31708.       196.        7931.   
  40  116   76  192 Os       -35880.506      2.556     7948.516
  38  115   77  192 Ir       -34833.207      1.669     7938.986
  36  114   78  192 Pt       -36292.864      2.470     7942.514
  34  113   79  192 Au    -  -32776.523     15.812     7920.125
  32  112   80  192 Hg    x  -32011.418     15.551     7912.065
  30  111   81  192 Tl    x  -25872.246     31.671     7876.016
  28  110   82  192 Pb   -a  -22555.968     12.612     7854.669
  26  109   83  192 Bi   -a  -13545.828     32.990     7803.666
  24  108   84  192 Po   -a   -8071.257     11.910     7771.078
0 43  118   75  193 Re    x  -30302.       196.        7924.   
  41  117   76  193 Os       -33392.604      2.561     7936.261
  39  116   77  193 Ir       -34533.808      1.672     7938.121
  37  115   78  193 Pt       -34477.014      1.681     7933.773
  35  114   79  193 Au       -33394.325     10.648     7924.110
  33  113   80  193 Hg       -31050.961     15.378     7907.914
  31  112   81  193 Tl    x  -27318.856    110.848     7884.523
  29  111   82  193 Pb    x  -22194.490     49.577     7853.918
  27  110   83  193 Bi    x  -15872.871      9.620     7817.110
  25  109   84  193 Po   -a   -8359.902     34.688     7774.129
  23  108   85  193 At   -a    -146.140     54.286     7727.518
0 44  119   75  194 Re    x  -27554.       298.        7911.   
  42  118   76  194 Os    +  -32432.681      2.609     7932.010
  40  117   77  194 Ir   -n  -32529.281      1.676     7928.475
  38  116   78  194 Pt       -34763.121      0.884     7935.957
  36  115   79  194 Au       -32262.062     10.203     7919.032
  34  114   80  194 Hg       -32192.983     12.535     7914.643
  32  113   81  194 Tl    x  -26827.027    135.067     7882.951
  30  112   82  194 Pb       -24207.600     17.466     7865.416
  28  111   83  194 Bi    x  -15990.063     49.183     7819.025
  26  110   84  194 Po   -a  -11005.037     12.569     7789.296
  24  109   85  194 At   -a   -1187.575    185.630     7734.658
0 43  119   76  195 Os    +  -29689.824    500.003     7918.658
  41  118   77  195 Ir   -n  -31689.824      1.677     7924.902
  39  117   78  195 Pt       -32796.847      0.877     7926.567
  37  116   79  195 Au       -32570.023      1.329     7921.392
  35  115   80  195 Hg       -31000.015     23.145     7909.329
  33  114   81  195 Tl   +a  -28155.026     13.796     7890.727
  31  113   82  195 Pb    x  -23713.927     23.367     7863.940
  29  112   83  195 Bi    x  -18023.722      5.589     7830.748
  27  111   84  195 Po   -a  -11074.785     39.279     7791.100
  25  110   85  195 At   -a   -3476.244      9.056     7748.121
  23  109   86  195 Rn   -a    5065.181     51.197     7700.307
0 44  120   76  196 Os  +pp  -28280.779     40.121     7912.248
  42  119   77  196 Ir    +  -29438.431     38.421     7914.163
  40  118   78  196 Pt       -32647.448      0.868     7926.544
  38  117   79  196 Au       -31140.018      2.972     7914.861
  36  116   80  196 Hg       -31826.683      2.942     7914.373
  34  115   81  196 Tl    x  -27496.631     12.109     7888.289
  32  114   82  196 Pb    x  -25360.754     14.279     7873.400
  30  113   83  196 Bi    x  -18009.031     24.428     7831.900
  28  112   84  196 Po   -a  -13474.451     12.978     7804.773
  26  111   85  196 At   -a   -3923.380     59.903     7752.051
  24  110   86  196 Rn   -a    1970.318     15.042     7717.990
0 43  120   77  197 Ir   +p  -28267.783     20.241     7909.018
  41  119   78  197 Pt       -30422.425      0.830     7915.984
  39  118   79  197 Au       -31141.091      0.602     7915.661
  37  117   80  197 Hg       -30540.979      3.203     7908.643
  35  116   81  197 Tl   +a  -28341.160     16.304     7893.505
  33  115   82  197 Pb   IT  -24748.749      5.590     7871.298
  31  114   83  197 Bi   +a  -19687.634      8.439     7841.636
  29  113   84  197 Po   -a  -13357.968     49.745     7805.535
  27  112   85  197 At   -a   -6344.205     50.917     7765.960
  25  111   86  197 Rn   -a    1475.814     60.854     7722.294
0 44  121   77  198 Ir    x  -25821.       196.        7897.   
  42  120   78  198 Pt   -n  -29907.673      3.113     7914.169
  40  119   79  198 Au       -29582.104      0.596     7908.573
  38  118   80  198 Hg       -30954.447      0.337     7911.553
  36  117   81  198 Tl    -  -27494.447     80.001     7890.127
  34  116   82  198 Pb    x  -26050.199     14.578     7878.882
  32  115   83  198 Bi    x  -19369.486     27.945     7841.189
  30  114   84  198 Po       -15473.405     17.440     7817.561
  28  113   85  198 At   -a   -6672.103     49.234     7769.159
  26  112   86  198 Rn   -a   -1230.817     13.091     7737.726
0 45  122   77  199 Ir p-2n  -24400.873     41.118     7891.218
  43  121   78  199 Pt   -n  -27392.356      3.153     7902.319
  41  120   79  199 Au       -29095.035      0.604     7906.943
  39  119   80  199 Hg       -29547.053      0.365     7905.284
  37  118   81  199 Tl    x  -28059.394     27.945     7893.876
  35  117   82  199 Pb   +a  -25227.978     26.423     7875.717
  33  116   83  199 Bi   +a  -20798.434     11.847     7849.526
  31  115   84  199 Po   -a  -15214.964     23.456     7817.537
  29  114   85  199 At   -a   -8819.148     50.311     7781.466
  27  113   86  199 Rn   -a   -1518.058     63.583     7740.846
  25  112   87  199 Fr   -a    6760.921     41.814     7695.312
0 44  122   78  200 Pt  -nn  -26602.838     20.241     7899.216
  42  121   79  200 Au    +  -27268.884     49.748     7898.635
  40  120   80  200 Hg       -29504.137      0.379     7905.899
  38  119   81  200 Tl    -  -27048.096      5.747     7889.707
  36  118   82  200 Pb   4n  -26243.283     10.938     7881.771
  34  117   83  200 Bi   +a  -20370.070     24.027     7848.494
  32  116   84  200 Po   -a  -16954.491     14.417     7827.504
  30  115   85  200 At   -a   -8987.739     24.468     7783.758
  28  114   86  200 Rn   -a   -4006.076     13.226     7754.938
  26  113   87  200 Fr   -a    6122.235     78.028     7700.385
0 45  123   78  201 Pt    +  -23741.111     50.102     7885.835
  43  122   79  201 Au       -26401.111      3.193     7895.176
  41  121   80  201 Hg       -27663.259      0.595     7897.564
  39  120   81  201 Tl  +nn  -27182.028     15.054     7891.277
  37  119   82  201 Pb   +a  -25257.915     22.355     7877.812
  35  118   83  201 Bi   +a  -21415.944     15.160     7854.806
  33  117   84  201 Po   -a  -16524.923      5.848     7826.580
  31  116   85  201 At   +a  -10789.496      8.284     7794.153
  29  115   86  201 Rn   -a   -4072.179     70.531     7756.841
  27  114   87  201 Fr   -a    3596.375     71.362     7714.797
0 46  124   78  202 Pt    x  -22598.       298.        7881.   
  44  123   79  202 Au    +  -24399.705    166.411     7886.140
  42  122   80  202 Hg       -27345.859      0.591     7896.852
  40  121   81  202 Tl       -25983.272     14.755     7886.234
  38  120   82  202 Pb       -25933.600      8.178     7882.115
  36  119   83  202 Bi    x  -20732.892     20.387     7852.496
  34  118   84  202 Po   -a  -17924.235     14.677     7834.719
  32  117   85  202 At   -a  -10590.867     27.978     7794.542
  30  116   86  202 Rn   -a   -6275.017     17.543     7769.303
  28  115   87  202 Fr   -a    3141.787     49.491     7718.812
  26  114   88  202 Ra   -a    9213.115     62.598     7684.883
0 45  124   79  203 Au       -23143.394      3.058     7880.864
  43  123   80  203 Hg       -25269.119      1.689     7887.482
  41  122   81  203 Tl       -25761.192      1.272     7886.052
  39  121   82  203 Pb       -24786.570      6.528     7877.397
  37  120   83  203 Bi       -21539.866     21.633     7857.549
  35  119   84  203 Po    x  -17307.062     25.946     7832.844
  33  118   85  203 At       -12163.464     11.817     7803.652
  31  117   86  203 Rn   -a   -6160.261     23.567     7770.226
  29  116   87  203 Fr    x     861.303     15.835     7731.783
  27  115   88  203 Ra   -a    8636.458     80.888     7689.628
0 46  125   79  204 Au    +  -20750.       200.        7870.   
  44  124   80  204 Hg       -24690.242      0.339     7885.545
  42  123   81  204 Tl       -24345.972      1.251     7880.022
  40  122   82  204 Pb       -25109.735      1.244     7879.931
  38  121   83  204 Bi   +a  -20667.303     25.953     7854.320
  36  120   84  204 Po   -a  -18333.551     11.023     7839.045
  34  119   85  204 At       -11875.313     23.979     7803.552
  32  118   86  204 Rn   -a   -7984.077     14.540     7780.642
  30  117   87  204 Fr   -a     608.456     24.593     7734.687
  28  116   88  204 Ra   -a    6054.402     15.373     7704.156
0 47  126   79  205 Au    x  -18751.       298.        7861.   
  45  125   80  205 Hg       -22287.497      3.644     7874.731
  43  124   81  205 Tl       -23820.592      1.325     7878.393
  41  123   82  205 Pb       -23770.091      1.241     7874.330
  39  122   83  205 Bi       -21061.670      7.179     7857.302
  37  121   84  205 Po    x  -17508.993     19.892     7836.156
  35  120   85  205 At   +a  -12971.536     15.062     7810.205
  33  119   86  205 Rn   -a   -7713.889     50.341     7780.742
  31  118   87  205 Fr    x   -1309.717      7.824     7745.686
  29  117   88  205 Ra   -a    5839.136     86.456     7706.997
0 46  126   80  206 Hg   +a  -20945.512     20.446     7869.170
  44  125   81  206 Tl       -22253.094      1.370     7871.720
  42  124   82  206 Pb       -23785.440      1.240     7875.361
  40  123   83  206 Bi    -  -20027.931      7.782     7853.323
  38  122   84  206 Po   -a  -18181.739      8.281     7840.563
  36  121   85  206 At   -a  -12419.576     20.471     7808.793
  34  120   86  206 Rn   -a   -9115.503     14.769     7788.956
  32  119   87  206 Fr   -a   -1242.551     28.196     7746.940
  30  118   88  206 Ra   -a    3565.079     18.030     7719.805
  28  117   89  206 Ac   -a   13511.303     70.352     7667.724
0 47  127   80  207 Hg    +  -16218.666    150.101     7847.312
  45  126   81  207 Tl       -21033.666      5.497     7866.793
  43  125   82  207 Pb       -22451.905      1.243     7869.865
  41  124   83  207 Bi       -20054.433      2.445     7854.504
  39  123   84  207 Po       -17145.849      6.638     7836.673
  37  122   85  207 At       -13242.582     21.495     7814.037
  35  121   86  207 Rn   -a   -8631.014     25.998     7787.980
  33  120   87  207 Fr        -2841.602     50.707     7756.232
  31  119   88  207 Ra   -a    3537.912     55.276     7721.634
  29  118   89  207 Ac   -a   11131.119     52.448     7681.172
0 48  128   80  208 Hg    x  -13097.       298.        7833.   
  46  127   81  208 Tl   +a  -16749.473      1.990     7847.180
  44  126   82  208 Pb       -21748.455      1.244     7867.452
  42  125   83  208 Bi   +n  -18870.022      2.355     7849.852
  40  124   84  208 Po   -a  -17469.516      1.802     7839.357
  38  123   85  208 At   +a  -12491.356     25.863     7811.663
  36  122   86  208 Rn   -a   -9647.976     11.149     7794.231
  34  121   87  208 Fr        -2665.206     46.535     7756.899
  32  120   88  208 Ra   -a    1713.894     15.408     7732.084
  30  119   89  208 Ac   -a   10760.201     55.721     7684.831
0 49  129   80  209 Hg    x   -8346.       196.        7812.   
  47  128   81  209 Tl   +a  -13638.048      7.901     7833.365
  45  127   82  209 Pb       -17614.440      1.813     7848.647
  43  126   83  209 Bi       -18258.461      1.448     7847.985
  41  125   84  209 Po   -a  -16365.944      1.842     7835.187
  39  124   85  209 At       -12879.634      7.463     7814.763
  37  123   86  209 Rn   -a   -8928.610     19.988     7792.115
  35  122   87  209 Fr        -3769.239     14.625     7763.686
  33  121   88  209 Ra   -a    1854.952     50.467     7733.033
  31  120   89  209 Ac   -a    8844.409     50.608     7695.847
  29  119   90  209 Th   -a   16502.052     99.873     7655.464
0 50  130   80  210 Hg    x   -5114.       298.        7798.   
  48  129   81  210 Tl   +a   -9246.298     11.638     7813.585
  46  128   82  210 Pb       -14728.292      1.527     7835.964
  44  127   83  210 Bi       -14791.778      1.446     7832.541
  42  126   84  210 Po       -15953.071      1.242     7834.345
  40  125   85  210 At   -a  -11971.830      7.843     7811.662
  38  124   86  210 Rn   -a   -9597.913      8.558     7796.632
  36  123   87  210 Fr        -3346.170     22.232     7763.136
  34  122   88  210 Ra   -a     461.069     15.195     7741.281
  32  121   89  210 Ac   -a    8789.565     57.402     7697.896
  30  120   90  210 Th   -a   14042.591     25.008     7669.156
0 49  130   81  211 Tl   +a   -6076.       201.        7800.   
  47  129   82  211 Pb       -10491.450      2.661     7817.000
  45  128   83  211 Bi       -11858.421      5.500     7819.770
  43  127   84  211 Po   -a  -12432.507      1.343     7818.783
  41  126   85  211 At   -a  -11647.148      2.771     7811.354
  39  125   86  211 Rn   -a   -8755.556      6.793     7793.941
  37  124   87  211 Fr        -4157.682     21.101     7768.443
  35  123   88  211 Ra   -a     836.470     26.242     7741.066
  33  122   89  211 Ac   -a    7204.953     71.212     7707.176
  31  121   90  211 Th   -a   13905.728     74.534     7671.711
0 50  131   81  212 Tl   +a   -1651.       300.        7780.   
  48  130   82  212 Pb        -7547.389      2.209     7804.312
  46  129   83  212 Bi        -8117.295      1.990     7803.310
  44  128   84  212 Po       -10369.420      1.248     7810.243
  42  127   85  212 At   -a   -8621.190      7.214     7798.306
  40  126   86  212 Rn   -a   -8659.606      3.182     7794.797
  38  125   87  212 Fr        -3537.587     25.803     7766.946
  36  124   88  212 Ra   -a    -191.422     11.273     7747.472
  34  123   89  212 Ac   -a    7278.529     68.305     7708.546
  32  122   90  212 Th   -a   12091.061     18.474     7682.156
  30  121   91  212 Pa   -a   21614.516     74.865     7633.543
0 49  131   82  213 Pb   +a   -3184.313      7.796     7785.082
  47  130   83  213 Bi        -5230.649      5.003     7791.016
  45  129   84  213 Po        -6653.400      3.092     7794.023
  43  128   85  213 At   -a   -6579.472      4.922     7790.003
  41  127   86  213 Rn   -a   -5698.258      5.678     7782.192
  39  126   87  213 Fr        -3549.848      7.671     7768.433
  37  125   88  213 Ra   -a     357.656     20.299     7746.415
  35  124   89  213 Ac   -a    6154.980     52.095     7715.524
  33  123   90  213 Th   -a   12118.868     71.042     7683.852
  31  122   91  213 Pa   -a   19663.224     71.142     7644.760
0 50  132   82  214 Pb         -181.261      2.381     7772.386
  48  131   83  214 Bi        -1200.193     11.229     7773.492
  46  130   84  214 Po        -4469.913      1.528     7785.115
  44  129   85  214 At   -a   -3379.708      4.325     7776.365
  42  128   86  214 Rn   -a   -4319.753      9.199     7777.102
  40  127   87  214 Fr   -a    -958.372      8.766     7757.739
  38  126   88  214 Ra   -a     100.503      9.205     7749.135
  36  125   89  214 Ac   -a    6428.984     22.490     7715.907
  34  124   90  214 Th   -a   10711.967     16.817     7692.237
  32  123   91  214 Pa   -a   19485.380     76.125     7647.584
0 51  133   82  215 Pb   +a    4477.       411.        7752.   
  49  132   83  215 Bi    x    1648.537     14.904     7761.627
  47  131   84  215 Po         -540.277      2.547     7768.169
  45  130   85  215 At   -a   -1255.123      6.846     7767.855
  43  129   86  215 Rn   -a   -1168.574      7.687     7763.814
  41  128   87  215 Fr   -a     318.103      7.082     7753.260
  39  127   88  215 Ra   -a    2533.509      7.594     7739.317
  37  126   89  215 Ac   -a    6011.514     21.406     7719.501
  35  125   90  215 Th   -a   10926.733     26.889     7693.001
  33  124   91  215 Pa   -a   17871.519     87.012     7657.061
0 50  133   83  216 Bi    x    5873.948     11.178     7743.499
  48  132   84  216 Po         1783.844      2.203     7758.813
  46  131   85  216 At         2257.250      3.647     7752.999
  44  130   86  216 Rn   -a     255.574      7.312     7758.644
  42  129   87  216 Fr   -a    2978.909     14.196     7742.414
  40  128   88  216 Ra   -a    3291.002      8.750     7737.347
  38  127   89  216 Ac   -a    8122.698     26.577     7711.356
  36  126   90  216 Th   -a   10304.294     12.923     7697.634
  34  125   91  216 Pa   -a   17800.445     69.932     7659.308
0 51  134   83  217 Bi    x    8821.       196.        7731.   
  49  133   84  217 Po   +a    5900.825      6.646     7741.281
  47  132   85  217 At         4395.555      4.917     7744.612
  45  131   86  217 Rn   -a    3658.607      4.226     7744.403
  43  130   87  217 Fr   -a    4314.635      6.548     7737.774
  41  129   88  217 Ra   -a    5887.347      8.529     7726.921
  39  128   89  217 Ac   -a    8706.595     12.753     7710.324
  37  127   90  217 Th   -a   12215.918     20.789     7690.547
  35  126   91  217 Pa   -a   17068.683     52.288     7664.579
  33  125   92  217 U    -a   22699.383     86.873     7635.026
0 52  135   83  218 Bi   +a   13335.       359.        7712.   
  50  134   84  218 Po         8358.331      2.379     7731.521
  48  133   85  218 At   -a    8098.722     11.623     7729.124
  46  132   86  218 Rn         5217.537      2.373     7738.751
  44  131   87  218 Fr   -a    7059.162      4.781     7726.715
  42  130   88  218 Ra   -a    6651.082     11.186     7724.998
  40  129   89  218 Ac   -a   10843.944     50.763     7702.176
  38  128   90  218 Th   -a   12374.432     12.952     7691.567
  36  127   91  218 Pa   -a   18668.900     24.613     7659.104
  34  126   92  218 U    -a   21923.337     30.519     7640.587
0 51  135   84  219 Po   +a   12802.       359.        7713.   
  49  134   85  219 At   +a   10397.048      3.883     7720.191
  47  133   86  219 Rn         8830.754      2.531     7723.771
  45  132   87  219 Fr   -a    8618.322      7.084     7721.169
  43  131   88  219 Ra   -a    9394.190      8.272     7714.054
  41  130   89  219 Ac   -a   11569.518     50.499     7700.548
  39  129   90  219 Th   -a   14472.525     50.573     7683.720
  37  128   91  219 Pa   -a   18521.029     54.390     7661.662
  35  127   92  219 U    -a   23212.048     56.771     7636.669
0 52  136   84  220 Po   +a   15465.       359.        7702.   
  50  135   85  220 At   -a   14352.164     51.234     7703.810
  48  134   86  220 Rn        10613.426      2.203     7717.248
  46  133   87  220 Fr        11482.904      4.093     7709.740
  44  132   88  220 Ra   -a   10272.874      9.241     7711.684
  42  131   89  220 Ac   -a   13751.627     14.889     7692.315
  40  130   90  220 Th   -a   14668.946     22.171     7684.589
  38  129   91  220 Pa   -a   20376.714     56.624     7655.089
  36  128   92  220 U    -a   23029.       200.        7639.   
0 51  136   85  221 At    x   16813.       196.        7694.   
  49  135   86  221 Rn   +a   14472.420      5.902     7701.388
  47  134   87  221 Fr        13278.226      4.796     7703.252
  45  133   88  221 Ra   -a   12963.917      4.656     7701.134
  43  132   89  221 Ac   -a   14523.155     50.427     7690.539
  41  131   90  221 Th   -a   16937.984      9.357     7676.072
  39  130   91  221 Pa   -a   20379.211     51.601     7656.961
  37  129   92  221 U    -a   24591.       102.        7634.   
0 52  137   85  222 At    x   20800.       298.        7678.   
  50  136   86  222 Rn        16373.558      2.360     7694.491
  48  135   87  222 Fr        16349.332     21.223     7691.076
  46  134   88  222 Ra        14321.283      4.571     7696.687
  44  133   89  222 Ac   -a   16621.441      5.197     7682.802
  42  132   90  222 Th   -a   17202.945     12.288     7676.659
  40  131   91  222 Pa   -a   22116.        73.        7651.   
  38  130   92  222 U    -a   24299.       101.        7638.   
0 53  138   85  223 At    x   23464.       401.        7668.   
  51  137   86  223 Rn    x   20297.       298.        7679.   
  49  136   87  223 Fr   +a   18383.833      2.397     7683.658
  47  135   88  223 Ra        17234.662      2.523     7685.303
  45  134   89  223 Ac   -a   17826.437      7.154     7679.141
  43  133   90  223 Th   -a   19385.739      9.225     7668.640
  41  132   91  223 Pa   -a   22320.714     71.064     7651.971
  39  131   92  223 U    -a   25838.340     71.117     7632.688
0 52  138   86  224 Rn    x   22440.       298.        7671.   
  50  137   87  224 Fr    +   21657.190     50.048     7670.775
  48  136   88  224 Ra        18827.190      2.203     7679.917
  46  135   89  224 Ac   -a   20234.720      4.152     7670.140
  44  134   90  224 Th   -a   19996.285     10.952     7667.712
  42  133   91  224 Pa   -a   23870.222     15.546     7646.925
  40  132   92  224 U    -a   25713.685     25.315     7635.203
0 53  139   86  225 Rn    x   26492.       298.        7655.   
  51  138   87  225 Fr    +   23814.031     30.148     7662.970
  49  137   88  225 Ra        21994.031      2.986     7667.581
  47  136   89  225 Ac        21638.220      4.660     7665.686
  45  135   90  225 Th   -a   22310.233      5.116     7659.222
  43  134   91  225 Pa   -a   24340.570     71.013     7646.721
  41  133   92  225 U    -a   27377.277     11.577     7629.747
  39  132   93  225 Np   -a   31590.626     71.851     7607.544
0 54  140   86  226 Rn    x   28774.       401.        7646.   
  52  139   87  226 Fr    +   27373.099    100.028     7649.028
  50  138   88  226 Ra        23669.099      2.346     7661.956
  48  137   89  226 Ac        24310.214      3.333     7655.658
  46  136   90  226 Th        23197.060      4.707     7657.121
  44  135   91  226 Pa   -a   26033.165     11.430     7641.110
  42  134   92  226 U    -a   27328.826     13.040     7631.916
  40  133   93  226 Np   -a   32738.        88.        7605.   
0 55  141   86  227 Rn   +a   32981.       423.        7630.   
  53  140   87  227 Fr    +   29654.986    100.028     7640.836
  51  139   88  227 Ra   -n   27178.986      2.362     7648.297
  49  138   89  227 Ac        25850.941      2.393     7650.701
  47  137   90  227 Th        25806.176      2.521     7647.452
  45  136   91  227 Pa   -a   26831.753      7.462     7639.488
  43  135   92  227 U    -a   29021.970     16.864     7626.393
  41  134   93  227 Np   -a   32562.040     72.508     7607.351
0 56  142   86  228 Rn   +a   35384.       410.        7621.   
  54  141   87  228 Fr    +   33282.       200.        7627.   
  52  140   88  228 Ra   +a   28941.792      2.434     7642.421
  50  139   89  228 Ac    -   28895.981      2.523     7639.191
  48  138   90  228 Th        26772.188      2.201     7645.074
  46  137   91  228 Pa   -a   28924.171      4.400     7632.204
  44  136   92  228 U    -a   29224.699     14.952     7627.455
  42  135   93  228 Np    x   33701.       196.        7604.   
  40  134   94  228 Pu   -a   36088.247     32.485     7590.489
0 55  142   87  229 Fr    x   35816.157     37.260     7617.691
  53  141   88  229 Ra        32562.774     18.709     7628.482
  51  140   89  229 Ac        30753.502     33.276     7632.966
  49  139   90  229 Th        29586.514      2.821     7634.646
  47  138   91  229 Pa        29897.971      2.749     7629.869
  45  137   92  229 U    -a   31210.582      5.958     7620.721
  43  136   93  229 Np   -a   33779.521     86.850     7606.087
  41  135   94  229 Pu   -a   37399.683     51.323     7586.862
0 56  143   87  230 Fr   +a   39598.       448.        7603.   
  54  142   88  230 Ra    x   34517.809     12.109     7621.907
  52  141   89  230 Ac    -   33807.809    300.244     7621.593
  50  140   90  230 Th        30863.976      1.792     7630.990
  48  139   91  230 Pa        32174.506      3.277     7621.891
  46  138   92  230 U    -a   31614.706      4.761     7620.923
  44  137   93  230 Np   -a   35236.181     51.290     7601.776
  42  136   94  230 Pu   -a   36933.632     15.096     7590.994
0 57  144   87  231 Fr   +a   42328.       467.        7593.   
  55  143   88  231 Ra    x   38396.       298.        7607.   
  53  142   89  231 Ac    +   35917.278    100.016     7614.407
  51  141   90  231 Th        33817.278      1.800     7620.112
  49  140   91  231 Pa        33425.722      2.257     7618.420
  47  139   92  231 U    -a   33807.368      3.021     7613.381
  45  138   93  231 Np   -a   35625.068     50.554     7602.125
  43  137   94  231 Pu   -a   38285.435     26.432     7587.222
  41  136   95  231 Am    x   42439.       298.        7566.   
0 58  145   87  232 Fr   +a   46363.       639.        7578.   
  56  144   88  232 Ra   +a   40649.       280.        7599.   
  54  143   89  232 Ac    +   39148.307    100.020     7602.450
  52  142   90  232 Th        35448.307      1.991     7615.026
  50  141   91  232 Pa    +   35947.837      7.748     7609.501
  48  140   92  232 U    -a   34610.734      2.203     7611.892
  46  139   93  232 Np    -   37361.       100.        7597.   
  44  138   94  232 Pu   -a   38365.534     18.086     7588.963
  42  137   95  232 Am    x   43398.       298.        7564.   
0 57  145   88  233 Ra   +a   44767.       468.        7584.   
  55  144   89  233 Ac    x   41498.       298.        7594.   
  53  143   90  233 Th        38733.238      1.993     7602.886
  51  142   91  233 Pa        37490.098      2.161     7604.864
  49  141   92  233 U         36919.958      2.705     7603.953
  47  140   93  233 Np   -a   37949.575     50.948     7596.176
  45  139   94  233 Pu   -a   40051.797     50.354     7583.796
  43  138   95  233 Am   -a   43173.       102.        7567.   
  41  137   96  233 Cm   -a   47293.098     71.652     7546.002
0 58  146   88  234 Ra   +a   47230.       490.        7575.   
  56  145   89  234 Ac    x   45103.       401.        7581.   
  54  144   90  234 Th   +a   40614.285      3.500     7596.849
  52  143   91  234 Pa   IT   40341.197      4.723     7594.673
  50  142   92  234 U         38146.625      1.827     7600.708
  48  141   93  234 Np    -   39956.471      8.519     7589.630
  46  140   94  234 Pu   -a   40349.597      6.967     7584.607
  44  139   95  234 Am   -a   44534.       207.        7563.   
  42  138   96  234 Cm   -a   46723.592     18.204     7550.681
0 57  146   89  235 Ac   +a   47722.       358.        7572.   
  55  145   90  235 Th +n2p   44255.350     50.036     7583.374
  53  144   91  235 Pa    +   42330.456     50.033     7588.236
  51  143   92  235 U         40920.456      1.823     7590.907
  49  142   93  235 Np        41044.669      1.994     7587.049
  47  141   94  235 Pu   -a   42183.684     20.570     7578.873
  45  140   95  235 Am   -a   44662.       120.        7565.   
  43  139   96  235 Cm   -a   47910.       202.        7548.   
  41  138   97  235 Bk    x   52704.       401.        7524.   
0 58  147   89  236 Ac   +a   51508.       499.        7558.   
  56  146   90  236 Th    x   46454.       196.        7576.   
  54  145   91  236 Pa    +   45346.325    200.008     7577.504
  52  144   92  236 U         42446.325      1.826     7586.477
  50  143   93  236 Np   IT   43379.304     50.437     7579.209
  48  142   94  236 Pu   -a   42902.718      2.205     7577.913
  46  141   95  236 Am    -   46183.       100.        7561.   
  44  140   96  236 Cm   -a   47890.       201.        7550.   
  42  139   97  236 Bk    x   53403.       401.        7523.   
0 57  147   90  237 Th   +a   50202.       359.        7562.   
  55  146   91  237 Pa    +   47641.875    100.018     7569.902
  53  145   92  237 U         45391.875      1.882     7576.094
  51  144   93  237 Np        44873.275      1.833     7574.982
  49  143   94  237 Pu        45093.307      2.236     7570.752
  47  142   95  237 Am   -a   46571.        59.        7561.   
  45  141   96  237 Cm   -a   49277.       206.        7546.   
  43  140   97  237 Bk   -a   53098.       224.        7527.   
  41  139   98  237 Cf    x   57818.       503.        7504.   
0 58  148   90  238 Th   +a   52625.       283.        7554.   
  56  147   91  238 Pa    +   50768.948     60.030     7558.870
  54  146   92  238 U         47308.948      1.904     7570.120
  52  145   93  238 Np   -n   47456.272      1.844     7566.214
  50  144   94  238 Pu        46164.745      1.834     7568.354
  48  143   95  238 Am   -a   48423.087     50.720     7555.578
  46  142   96  238 Cm   -a   49395.914     36.629     7548.203
  44  141   97  238 Bk   -a   54288.       288.        7524.   
  42  140   98  238 Cf    x   57203.       401.        7509.   
0 57  148   91  239 Pa    x   53337.       196.        7550.   
  55  147   92  239 U    -n   50573.883      1.912     7558.557
  53  146   93  239 Np        49312.385      2.077     7560.561
  51  145   94  239 Pu        48589.877      1.827     7560.311
  49  144   95  239 Am   -a   49391.985      2.444     7553.681
  47  143   96  239 Cm    -   51192.       100.        7543.   
  45  142   97  239 Bk   -a   54287.       233.        7527.   
  43  141   98  239 Cf   -a   58145.       209.        7507.   
0 58  149   91  240 Pa    x   56803.       298.        7538.   
  56  148   92  240 U    +a   52715.098      5.154     7551.771
  54  147   93  240 Np    +   52314.736     15.139     7550.180
  52  146   94  240 Pu        50126.995      1.825     7556.036
  50  145   95  240 Am   +n   51511.785     13.908     7547.006
  48  144   96  240 Cm   -a   51725.434      2.285     7542.856
  46  143   97  240 Bk    -   55665.       150.        7523.   
  44  142   98  240 Cf   -a   58034.       201.        7510.   
  42  141   99  240 Es    x   64199.       401.        7481.   
0 57  149   92  241 U     x   56197.       298.        7539.   
  55  148   93  241 Np    +   54261.791     70.734     7544.263
  53  147   94  241 Pu        52956.791      1.825     7546.432
  51  146   95  241 Am        52936.008      1.829     7543.272
  49  145   96  241 Cm        53703.425      2.170     7536.841
  47  144   97  241 Bk    -   56103.       200.        7524.   
  45  143   98  241 Cf   -a   59361.       255.        7507.   
  43  142   99  241 Es   -a   63843.       227.        7485.   
0 58  150   92  242 U    +a   58620.       201.        7532.   
  56  149   93  242 Np    +   57418.390    200.009     7533.397
  54  148   94  242 Pu        54718.390      1.860     7541.321
  52  147   95  242 Am   -n   55469.685      1.832     7534.984
  50  146   96  242 Cm   -a   54805.218      1.835     7534.497
  48  145   97  242 Bk    -   57735.       200.        7519.   
  46  144   98  242 Cf   -a   59337.614     36.854     7509.302
  44  143   99  242 Es   -a   64967.       326.        7483.   
  42  142  100  242 Fm    x   68400.       401.        7465.   
0 57  150   93  243 Np   IT   59875.        32.        7525.   
  55  149   94  243 Pu        57755.509      3.188     7531.004
  53  148   95  243 Am        57176.109      2.293     7530.169
  51  147   96  243 Cm   -a   57183.593      2.083     7526.918
  49  146   97  243 Bk   -a   58691.176      4.745     7517.495
  47  145   98  243 Cf   -a   60945.       142.        7505.   
  45  144   99  243 Es   -a   64783.       234.        7486.   
  43  143  100  243 Fm   -a   69259.       215.        7464.   
0 58  151   93  244 Np    x   63202.       298.        7514.   
  56  150   94  244 Pu        59805.555      5.053     7524.817
  54  149   95  244 Am    +   59880.951      2.081     7521.301
  52  148   96  244 Cm   -a   58453.651      1.825     7523.944
  50  147   97  244 Bk   -a   60715.501     14.472     7511.468
  48  146   98  244 Cf   -a   61479.247      2.920     7505.132
  46  145   99  244 Es   -a   66027.       181.        7483.   
  44  144  100  244 Fm   -a   69009.       284.        7468.   
0 57  151   94  245 Pu   -n   63106.068     14.417     7513.576
  55  150   95  245 Am   +a   61899.746      3.467     7515.306
  53  149   96  245 Cm   -a   61004.706      2.081     7515.766
  51  148   97  245 Bk   -a   61815.448      2.306     7509.264
  49  147   98  245 Cf   -a   63386.875      2.856     7499.657
  47  146   99  245 Es   -a   66438.       200.        7484.   
  45  145  100  245 Fm   -a   70221.       275.        7465.   
  43  144  101  245 Md   IT   75292.       323.        7441.   
0 58  152   94  246 Pu        65395.190     15.255     7506.538
  56  151   95  246 Am   IT   64994.640     18.176     7504.986
  54  150   96  246 Cm        62618.439      2.061     7511.465
  52  149   97  246 Bk    -   63968.439     60.035     7502.797
  50  148   98  246 Cf   -a   64091.733      2.090     7499.115
  48  147   99  246 Es   -a   67902.       224.        7480.   
  46  146  100  246 Fm   -a   70140.589     38.678     7468.166
  44  145  101  246 Md   -a   76276.       329.        7440.   
0 59  153   94  247 Pu    x   68996.       298.        7494.   
  57  152   95  247 Am    +   67154.       100.        7499.   
  55  151   96  247 Cm        65533.901      4.364     7501.928
  53  150   97  247 Bk   -a   65490.624      5.501     7498.936
  51  149   98  247 Cf    -   66136.624      8.140     7493.153
  49  148   99  247 Es   -a   68610.        30.        7480.   
  47  147  100  247 Fm   -a   71583.       143.        7465.   
  45  146  101  247 Md   IT   76043.       324.        7444.   
0 58  153   95  248 Am    +   70562.       200.        7487.   
  56  152   96  248 Cm        67392.202      5.055     7496.731
  54  151   97  248 Bk   IT   68080.        71.        7491.   
  52  150   98  248 Cf   -a   67239.766      5.323     7491.036
  50  149   99  248 Es   -a   70301.        52.        7476.   
  48  148  100  248 Fm   -a   71906.414     11.695     7465.910
  46  147  101  248 Md   -a   77149.       237.        7442.   
  44  146  102  248 No   -a   80664.       301.        7424.   
0 59  154   95  249 Am    x   73104.       298.        7479.   
  57  153   96  249 Cm   -n   70750.150      5.061     7485.552
  55  152   97  249 Bk    +   69849.622      2.612     7486.027
  53  151   98  249 Cf   -a   69725.622      2.195     7483.383
  51  150   99  249 Es   -a   71176.        30.        7474.   
  49  149  100  249 Fm   -a   73619.       101.        7461.   
  47  148  101  249 Md   -a   77326.       224.        7443.   
  45  147  102  249 No   -a   81816.       340.        7422.   
0 58  154   96  250 Cm  -nn   72989.038     11.205     7478.940
  56  153   97  250 Bk   +a   72951.370      3.968     7475.961
  54  152   98  250 Cf   -a   71171.793      2.070     7479.950
  52  151   99  250 Es    -   73227.       100.        7469.   
  50  150  100  250 Fm   -a   74073.581     11.933     7462.084
  48  149  101  250 Md   -a   78636.       301.        7441.   
  46  148  102  250 No   -a   81516.       204.        7426.   
0 59  155   96  251 Cm    +   76647.617     22.804     7466.724
  57  154   97  251 Bk    +   75227.617     10.956     7469.264
  55  153   98  251 Cf   -a   74134.617      4.477     7470.502
  53  152   99  251 Es   -a   74512.202      6.072     7465.881
  51  151  100  251 Fm   -a   75986.640      8.382     7456.890
  49  150  101  251 Md   -a   79027.       203.        7442.   
  47  149  102  251 No   -a   82914.       175.        7423.   
  45  148  103  251 Lr    x   87896.       298.        7400.   
0 60  156   96  252 Cm    x   79056.       298.        7460.   
  58  155   97  252 Bk    +   78534.       200.        7459.   
  56  154   98  252 Cf   -a   76033.987      5.055     7465.349
  54  153   99  252 Es    -   77293.987     50.255     7457.244
  52  152  100  252 Fm   -a   76817.382      5.686     7456.031
  50  151  101  252 Md    x   80630.       196.        7438.   
  48  150  102  252 No   -a   82881.097     12.993     7425.760
  46  149  103  252 Lr   -a   88837.       248.        7399.   
0 59  156   97  253 Bk   -a   80929.       359.        7451.   
  57  155   98  253 Cf   -a   79301.015      6.174     7454.831
  55  154   99  253 Es   -a   79013.697      2.612     7452.874
  53  153  100  253 Fm   -a   79349.538      3.718     7448.455
  51  152  101  253 Md    x   81301.       205.        7438.   
  49  151  102  253 No   -a   84466.       102.        7422.   
  47  150  103  253 Lr   -a   88687.       224.        7402.   
  45  149  104  253 Rf   -a   93791.       453.        7379.   
0 60  157   97  254 Bk    x   84393.       298.        7440.   
  58  156   98  254 Cf   -a   81340.767     12.303     7449.228
  56  155   99  254 Es   -a   81991.986      4.242     7443.584
  54  154  100  254 Fm   -a   80904.186      2.783     7444.786
  52  153  101  254 Md    -   83514.       100.        7431.   
  50  152  102  254 No   -a   84724.274     17.644     7423.586
  48  151  103  254 Lr   -a   89847.       336.        7400.   
  46  150  104  254 Rf   -a   93320.       285.        7384.   
0 59  157   98  255 Cf    +   84809.       200.        7438.   
  57  156   99  255 Es   -a   84088.873     11.038     7437.822
  55  155  100  255 Fm   -a   83799.253      4.821     7435.890
  53  154  101  255 Md   -a   84842.994      6.625     7428.729
  51  153  102  255 No   -a   86853.555     10.308     7417.776
  49  152  103  255 Lr   -a   90057.       206.        7402.   
  47  151  104  255 Rf   -a   94397.       175.        7382.   
  45  150  105  255 Db   -a  100041.       423.        7357.   
0 60  158   98  256 Cf    x   87039.       298.        7432.   
  58  157   99  256 Es    +   87186.       100.        7428.   
  56  156  100  256 Fm   -a   85486.109      7.166     7431.783
  54  155  101  256 Md   -a   87615.418     52.818     7420.409
  52  154  102  256 No   -a   87823.739      7.877     7416.539
  50  153  103  256 Lr   -a   91872.       220.        7398.   
  48  152  104  256 Rf   -a   94235.704     24.117     7385.381
  46  151  105  256 Db   -a  100720.       291.        7357.   
0 59  158   99  257 Es   -a   89403.       411.        7422.   
  57  157  100  257 Fm   -a   88589.481      6.334     7422.196
  55  156  101  257 Md   -a   88996.213      2.797     7417.569
  53  155  102  257 No   -a   90240.522     21.700     7409.683
  51  154  103  257 Lr   -a   92735.       207.        7397.   
  49  153  104  257 Rf   -a   95934.       103.        7381.   
  47  152  105  257 Db   -a  100342.       225.        7361.   
0 60  159   99  258 Es    x   92702.       298.        7412.   
  58  158  100  258 Fm   -a   90426.       200.        7418.   
  56  157  101  258 Md   -a   91688.184      4.631     7409.669
  54  156  102  258 No   -a   91479.       200.        7407.   
  52  155  103  258 Lr   -a   94839.       102.        7391.   
  50  154  104  258 Rf   -a   96399.       201.        7382.   
  48  153  105  258 Db   -a  101748.       344.        7359.   
  46  152  106  258 Sg   -a  105415.       414.        7341.   
0 59  159  100  259 Fm   -a   93704.       283.        7407.   
  57  158  101  259 Md   -a   93624.       200.        7405.   
  55  157  102  259 No   -a   94109.       100.        7400.   
  53  156  103  259 Lr   -a   95852.        71.        7390.   
  51  155  104  259 Rf   -a   98400.        72.        7377.   
  49  154  105  259 Db   -a  102101.       212.        7360.   
  47  153  106  259 Sg   -a  106656.       177.        7339.   
0 60  160  100  260 Fm   -a   95644.       499.        7403.   
  58  159  101  260 Md   -a   96551.       316.        7396.   
  56  158  102  260 No   -a   95611.       200.        7397.   
  54  157  103  260 Lr   -a   98276.       115.        7383.   
  52  156  104  260 Rf   -a   99149.       200.        7377.   
  50  155  105  260 Db   -a  103676.       231.        7357.   
  48  154  106  260 Sg   -a  106583.474     38.859     7342.424
  46  153  107  260 Bh   -a  113614.       578.        7312.   
0 59  160  101  261 Md   -a   98478.       647.        7391.   
  57  159  102  261 No   -a   98504.       300.        7388.   
  55  158  103  261 Lr   -a   99561.       200.        7381.   
  53  157  104  261 Rf   -a  101315.395     28.750     7371.396
  51  156  105  261 Db   -a  104379.       231.        7357.   
  49  155  106  261 Sg   -a  108162.       125.        7339.   
  47  154  107  261 Bh   -a  113329.       230.        7316.   
0 60  161  101  262 Md   -a  101407.       582.        7383.   
  58  160  102  262 No   -a   99951.       447.        7385.   
  56  159  103  262 Lr   -a  102123.       200.        7374.   
  54  158  104  262 Rf   -a  102394.       283.        7370.   
  52  157  105  262 Db   -a  106269.       182.        7352.   
  50  156  106  262 Sg   -a  108424.       283.        7341.   
  48  155  107  262 Bh   -a  114473.       345.        7315.   
0 59  161  102  263 No   -a  102979.       490.        7376.   
  57  160  103  263 Lr   -a  103669.       361.        7371.   
  55  159  104  263 Rf   -a  104837.       183.        7363.   
  53  158  105  263 Db   -a  107111.       168.        7352.   
  51  157  106  263 Sg   IT  110216.       124.        7337.   
  49  156  107  263 Bh   -a  114606.       367.        7317.   
  47  155  108  263 Hs   -a  119751.       349.        7295.   
0 60  162  102  264 No   -a  104649.       639.        7373.   
  58  161  103  264 Lr   -a  106226.       436.        7364.   
  56  160  104  264 Rf   -a  106176.       447.        7361.   
  54  159  105  264 Db   -a  109361.       231.        7346.   
  52  158  106  264 Sg   -a  110784.       283.        7338.   
  50  157  107  264 Bh   -a  116068.       276.        7315.   
  48  156  108  264 Hs   -a  119599.066     43.846     7298.239
0 59  162  103  265 Lr   -a  107903.       713.        7360.   
  57  161  104  265 Rf   -a  108709.       424.        7354.   
  55  160  105  265 Db   -a  110476.       283.        7344.   
  53  159  106  265 Sg   -a  112817.611     57.676     7332.652
  51  158  107  265 Bh   -a  116574.       379.        7316.   
  49  157  108  265 Hs   -a  121173.       135.        7295.   
  47  156  109  265 Mt   -a  126824.       462.        7271.   
0 60  163  103  266 Lr   -a  111132.       655.        7351.   
  58  162  104  266 Rf   -a  109876.       539.        7352.   
  56  161  105  266 Db   -a  112738.       361.        7339.   
  54  160  106  266 Sg   -a  113703.       285.        7332.   
  52  159  107  266 Bh   -a  118246.       201.        7312.   
  50  158  108  266 Hs   -a  121185.       284.        7298.   
  48  157  109  266 Mt   -a  127893.       345.        7270.   
0 59  163  104  267 Rf   -a  113204.       575.        7343.   
  57  162  105  267 Db   -a  113994.       469.        7337.   
  55  161  106  267 Sg   -a  115901.       271.        7327.   
  53  160  107  267 Bh   -a  118906.       263.        7312.   
  51  159  108  267 Hs   -a  122761.       103.        7295.   
  49  158  109  267 Mt   -a  127901.       543.        7273.   
  47  157  110  267 Ea   -a  134453.       366.        7245.   
0 60  164  104  268 Rf   -a  115174.       706.        7338.   
  58  163  105  268 Db   -a  116851.       529.        7329.   
  56  162  106  268 Sg   -a  117001.       539.        7325.   
  54  161  107  268 Bh   -a  120866.       378.        7308.   
  52  160  108  268 Hs   -a  123108.       412.        7297.   
  50  159  109  268 Mt   -a  129224.       315.        7271.   
  48  158  110  268 Ea   -a  133944.       502.        7250.   
0 59  164  105  269 Db   -a  118728.       774.        7325.   
  57  163  106  269 Sg   -a  119934.       656.        7317.   
  55  162  107  269 Bh   -a  121741.       412.        7308.   
  53  161  108  269 Hs   -a  124872.       117.        7293.   
  51  160  109  269 Mt   -a  129529.       551.        7273.   
  49  159  110  269 Ea   -a  135183.       137.        7249.   
0 60  165  105  270 Db   -a  121757.       720.        7316.   
  58  164  106  270 Sg   -a  121400.       617.        7315.   
  56  163  107  270 Bh   -a  124463.       469.        7300.   
  54  162  108  270 Hs   -a  125426.       286.        7294.   
  52  161  109  270 Mt   -a  131021.       539.        7270.   
  50  160  110  270 Ea   -a  134806.       289.        7253.   
0 59  165  106  271 Sg   -a  124329.       648.        7307.   
  57  164  107  271 Bh   -a  125919.       557.        7298.   
  55  163  108  271 Hs   -a  128226.       337.        7286.   
  53  162  109  271 Mt   -a  131470.       565.        7272.   
  51  161  110  271 Ea   -a  136056.       105.        7252.   
0 60  166  106  272 Sg   -a  125898.       767.        7304.   
  58  165  107  272 Bh   -a  128576.       608.        7291.   
  56  164  108  272 Hs   -a  129526.       575.        7284.   
  54  163  109  272 Mt   -a  133891.       483.        7266.   
  52  162  110  272 Ea   -a  136293.       648.        7254.   
  50  161  111  272 Eb   -a  143091.       331.        7226.   
0 61  167  106  273 Sg    x  128751.       661.        7296.   
  59  166  107  273 Bh   -a  130053.       830.        7288.   
  57  165  108  273 Hs   -a  132259.       825.        7277.   
  55  164  109  273 Mt   -a  134986.       510.        7264.   
  53  163  110  273 Ea   -a  138665.       127.        7248.   
  51  162  111  273 Eb   -a  143154.       605.        7229.   
0 60  167  107  274 Bh   -a  132682.       780.        7282.   
  58  166  108  274 Hs   -a  133325.       648.        7276.   
  56  165  109  274 Mt   -a  137388.       557.        7259.   
  54  164  110  274 Ea   -a  139251.       492.        7249.   
  52  163  111  274 Eb   -a  145046.       617.        7225.   
0 61  168  107  275 Bh    x  134368.       652.        7278.   
  59  167  108  275 Hs   -a  135953.       714.        7270.   
  57  166  109  275 Mt   -a  138463.       592.        7258.   
  55  165  110  275 Ea   -a  141751.       451.        7243.   
  53  164  111  275 Eb   -a  145445.       692.        7227.   
0 60  168  108  276 Hs   -a  137123.       824.        7268.   
  58  167  109  276 Mt   -a  140801.       678.        7252.   
  56  166  110  276 Ea   -a  142551.       608.        7243.   
  54  165  111  276 Eb   -a  147636.       627.        7222.   
0 61  169  108  277 Hs   -a  139576.       726.        7262.   
  59  168  109  277 Mt   -a  141978.       883.        7251.   
  57  167  110  277 Ea   -a  144984.       964.        7237.   
  55  166  111  277 Eb   -a  148591.       618.        7221.   
  53  165  112  277 Ec   -a  152712.       130.        7204.   
0 60  169  109  278 Mt   -a  144207.       836.        7246.   
  58  168  110  278 Ea   -a  145750.       678.        7237.   
  56  167  111  278 Eb   -a  150533.       632.        7217.   
  54  166  112  278 Ec   -a  153056.       531.        7206.   
0 61  170  109  279 Mt   -a  145493.       718.        7244.   
  59  169  110  279 Ea   -a  147978.       742.        7232.   
  57  168  111  279 Eb   -a  151338.       663.        7218.   
  55  167  112  279 Ec   -a  155136.       493.        7201.   
0 60  170  110  280 Ea   -a  148848.       848.        7232.   
  58  169  111  280 Eb   -a  153206.       742.        7214.   
  56  168  112  280 Ec   -a  155596.       640.        7203.   
0 61  171  110  281 Ea   -a  150959.       728.        7228.   
  59  170  111  281 Eb   -a  154043.       932.        7214.   
  57  169  112  281 Ec   -a  157689.       985.        7198.   
0 60  171  111  282 Eb   -a  156012.       888.        7210.   
  58  170  112  282 Ec   -a  158135.       707.        7200.   
0 61  172  111  283 Eb   -a  156878.       778.        7210.   
  59  171  112  283 Ec   -a  160023.       768.        7196.   
  57  170  113  283 Ed   -a  164363.       728.        7178.   
0 60  172  112  284 Ec   -a  160574.       849.        7197.   
  58  171  113  284 Ed   -a  165881.       800.        7176.   
0 61  173  112  285 Ec   -a  162177.       730.        7195.   
  59  172  113  285 Ed   -a  166488.       979.        7177.   
  57  171  114  285 Ee   -a  171114.      1030.        7158.   
0 60  173  113  286 Ed   -a  168117.       937.        7174.   
  58  172  114  286 Ee   -a  171260.       768.        7161.   
0 61  174  113  287 Ed   -a  168643.       834.        7176.   
  59  173  114  287 Ee   -a  172884.       770.        7158.   
  57  172  115  287 Ef   -a  178088.       787.        7137.   
0 60  174  114  288 Ee   -a  172968.       851.        7161.   
  58  173  115  288 Ef   -a  179305.       854.        7136.   
0 61  175  114  289 Ee   -a  174449.       731.        7159.   
  59  174  115  289 Ef   -a  179513.      1024.        7139.   
  57  173  116  289 Eg   -a  185239.      1087.        7116.   
0 60  175  115  290 Ef   -a  180842.       984.        7137.   
  58  174  116  290 Eg   -a  184985.       844.        7120.   
0 61  176  115  291 Ef   -a  181068.       886.        7140.   
  59  175  116  291 Eg   -a  186309.       846.        7119.   
  57  174  117  291 Eh   -a  192413.       883.        7096.   
0 60  176  116  292 Eg   -a  186100.       852.        7123.   
  58  175  117  292 Eh   -a  193330.       943.        7096.   
0 57  175  118  293 Ei   -a  199964.      1197.        7074.   
