  0.000D+00  0.000D+00  0.000D+00  0.000D+00  0.000D+00  0.000D+00  0.000D+00
  0.000D+00  0.000D+00  0.000D+00  0.000D+00  0.000D+00  0.000D+00  0.000D+00
  0.000D+00  0.000D+00  0.000D+00  0.000D+00  0.000D+00  0.000D+00  0.000D+00
  0.000D+00  0.000D+00  0.000D+00  0.000D+00  0.000D+00  0.000D+00  0.000D+00
  0.000D+00  0.000D+00  0.000D+00  0.000D+00  0.000D+00  0.000D+00  0.000D+00
  0.000D+00  0.000D+00  0.000D+00  0.000D+00  0.000D+00  0.000D+00  0.000D+00
  0.000D+00  0.000D+00  0.000D+00  0.000D+00  0.000D+00  0.000D+00  0.000D+00
  0.000D+00  0.000D+00  0.000D+00  0.000D+00  0.000D+00  0.000D+00  0.000D+00
  0.000D+00  0.000D+00  0.000D+00  0.000D+00  0.000D+00  0.000D+00  0.000D+00
  0.000D+00  0.000D+00  0.000D+00  0.000D+00  0.000D+00  0.000D+00  0.000D+00
  0.000D+00  0.000D+00  0.000D+00  0.000D+00  0.000D+00  0.000D+00  0.000D+00
  0.000D+00  0.000D+00  0.000D+00  0.000D+00  0.000D+00  0.000D+00  0.000D+00
  0.000D+00  0.000D+00  0.000D+00  0.000D+00  0.000D+00  0.000D+00  0.000D+00
  0.000D+00  0.000D+00  0.000D+00  0.000D+00  0.000D+00  0.000D+00  0.000D+00
  0.000D+00  0.000D+00  0.000D+00  0.000D+00  0.000D+00  0.000D+00  0.000D+00
  0.000D+00  0.000D+00  0.000D+00  0.000D+00  0.000D+00  0.000D+00  0.000D+00
  0.000D+00  0.000D+00  0.000D+00  0.000D+00  0.000D+00  0.000D+00  0.000D+00
  0.000D+00  0.000D+00  0.000D+00  0.000D+00  0.000D+00  0.000D+00  0.000D+00
  0.000D+00  0.000D+00  0.000D+00  0.000D+00  0.000D+00  0.000D+00  0.000D+00
  0.000D+00  0.000D+00  0.000D+00  0.000D+00  0.000D+00  0.000D+00  0.000D+00
  0.000D+00  0.000D+00  0.000D+00  0.000D+00  0.000D+00  0.000D+00  0.000D+00
  0.000D+00  0.000D+00  0.000D+00  0.000D+00  0.000D+00  0.000D+00  0.000D+00
  0.000D+00  0.000D+00  0.000D+00  0.000D+00  0.000D+00  0.000D+00  0.000D+00
  0.000D+00  0.000D+00  0.000D+00  0.000D+00  0.000D+00  0.000D+00  0.000D+00
  0.000D+00  0.000D+00  0.000D+00  0.000D+00  0.000D+00  0.000D+00  0.000D+00
  0.000D+00  0.000D+00  0.000D+00  0.000D+00  0.000D+00  0.000D+00  0.000D+00
  0.000D+00  0.000D+00  0.000D+00  0.000D+00  0.000D+00  0.000D+00  0.000D+00
  0.000D+00  0.000D+00  0.000D+00  0.000D+00  0.000D+00  0.000D+00  0.000D+00
  0.000D+00  0.000D+00  0.000D+00  0.000D+00  0.000D+00  0.000D+00  0.000D+00
  0.000D+00  0.000D+00  0.000D+00  0.000D+00  0.000D+00  0.000D+00  0.000D+00
  0.000D+00  0.000D+00  0.000D+00  0.000D+00  0.000D+00  0.000D+00  0.000D+00
  0.000D+00  0.000D+00  0.000D+00  0.000D+00  0.000D+00  0.000D+00  0.000D+00
  0.000D+00  0.000D+00  0.000D+00  0.000D+00  0.000D+00  0.000D+00  0.000D+00
  0.000D+00  0.000D+00  0.000D+00  0.000D+00  0.000D+00  0.000D+00  0.000D+00
  0.000D+00  0.000D+00  0.000D+00  0.000D+00  0.000D+00  0.000D+00  0.000D+00
  0.000D+00  0.000D+00  0.000D+00  0.000D+00  0.000D+00  0.000D+00  0.000D+00
  0.000D+00  0.000D+00  0.000D+00  0.000D+00  0.000D+00  0.000D+00  0.000D+00
  0.000D+00  0.000D+00  0.000D+00  0.000D+00  0.000D+00  0.000D+00  0.000D+00
  0.000D+00  0.000D+00  0.000D+00  0.000D+00  0.000D+00  0.000D+00  0.000D+00
  0.000D+00  0.000D+00  0.000D+00  0.000D+00  0.000D+00  0.000D+00  0.000D+00
  0.000D+00  0.000D+00  0.000D+00  0.000D+00  0.000D+00  0.000D+00  0.000D+00
  0.000D+00  0.000D+00  0.000D+00  0.000D+00  0.000D+00  0.000D+00  0.000D+00
  0.000D+00  0.000D+00  0.000D+00  0.000D+00  0.000D+00  0.000D+00  0.000D+00
  0.000D+00  0.000D+00  0.000D+00  0.000D+00  0.000D+00  0.000D+00  0.000D+00
  0.000D+00  0.000D+00  0.000D+00  0.000D+00  0.000D+00  0.000D+00  0.000D+00
  0.000D+00  0.000D+00  0.000D+00  0.000D+00  0.000D+00  0.000D+00  0.000D+00
  0.000D+00  0.000D+00  0.000D+00  0.000D+00  0.000D+00  0.000D+00  0.000D+00
  0.000D+00  0.000D+00  0.000D+00  0.000D+00  0.000D+00  0.000D+00  0.000D+00
  0.000D+00  0.000D+00  0.000D+00  0.000D+00  0.000D+00  0.000D+00  0.000D+00
  0.000D+00  0.000D+00  0.000D+00  0.000D+00  0.000D+00  0.000D+00  0.000D+00
  0.000D+00  0.000D+00  0.000D+00  0.000D+00  0.000D+00  0.000D+00  0.000D+00
  0.000D+00  0.000D+00  0.000D+00  0.000D+00  0.000D+00  0.000D+00  0.000D+00
  0.000D+00  0.000D+00  0.000D+00  0.000D+00  0.000D+00  0.000D+00  0.000D+00
  0.000D+00  0.000D+00  0.000D+00  0.000D+00  0.000D+00  0.000D+00  0.000D+00
  0.000D+00  0.000D+00  0.000D+00  0.000D+00  0.000D+00  0.000D+00  0.000D+00
  0.000D+00  0.000D+00  0.000D+00  0.000D+00  0.000D+00  0.000D+00  0.000D+00
  0.000D+00  0.000D+00  0.000D+00  0.000D+00  0.000D+00  0.000D+00  0.000D+00
  0.000D+00  0.000D+00  0.000D+00  0.000D+00  0.000D+00  0.000D+00  0.000D+00
  0.000D+00  0.000D+00  0.000D+00  0.000D+00  0.000D+00  0.000D+00  0.000D+00
  0.000D+00  0.000D+00  0.000D+00  0.000D+00  0.000D+00  0.000D+00  0.000D+00
  0.000D+00  0.000D+00  0.000D+00  0.000D+00  0.000D+00  0.000D+00  0.000D+00
  0.000D+00  0.000D+00  0.000D+00  0.000D+00  0.000D+00  0.000D+00  0.000D+00
  0.000D+00  0.000D+00  0.000D+00  0.000D+00  0.000D+00  0.000D+00  0.000D+00
  0.000D+00  0.000D+00  0.000D+00  0.000D+00  0.000D+00  0.000D+00  0.000D+00
  0.000D+00  0.000D+00  0.000D+00  0.000D+00  0.000D+00  0.000D+00  0.000D+00
  0.000D+00  0.000D+00  0.000D+00  0.000D+00  0.000D+00  0.000D+00  0.000D+00
  0.000D+00  0.000D+00  0.000D+00  0.000D+00  0.000D+00  0.000D+00  0.000D+00
  0.000D+00  0.000D+00  0.000D+00  0.000D+00  0.000D+00  0.000D+00  0.000D+00
  0.000D+00  0.000D+00  0.000D+00  0.000D+00  0.000D+00  0.000D+00  0.000D+00
  0.000D+00  0.000D+00  0.000D+00  0.000D+00  0.000D+00  0.000D+00  0.000D+00
  0.000D+00  0.000D+00  0.000D+00  0.000D+00  0.000D+00  0.000D+00  0.000D+00
  0.000D+00  0.000D+00  0.000D+00  0.000D+00  0.000D+00  0.000D+00  0.000D+00
  0.000D+00  0.000D+00  0.000D+00  0.000D+00  0.000D+00  0.000D+00  0.000D+00
  0.000D+00  0.000D+00  0.000D+00  0.000D+00  0.000D+00  0.000D+00  0.000D+00
  0.000D+00  0.000D+00  0.000D+00  0.000D+00  0.000D+00  0.000D+00  0.000D+00
  0.000D+00  0.000D+00  0.000D+00  0.000D+00  0.000D+00  0.000D+00  0.000D+00
  0.000D+00  0.000D+00  0.000D+00  0.000D+00  0.000D+00  0.000D+00  0.000D+00
  0.000D+00  0.000D+00  0.000D+00  0.000D+00  0.000D+00  0.000D+00  0.000D+00
  0.000D+00  0.000D+00  0.000D+00  0.000D+00  0.000D+00  0.000D+00  0.000D+00
  0.000D+00  0.000D+00  0.000D+00  0.000D+00  0.000D+00  0.000D+00  0.000D+00
  0.000D+00  0.000D+00  0.000D+00  0.000D+00  0.000D+00  0.000D+00  0.000D+00
  0.000D+00  0.000D+00  0.000D+00  0.000D+00  0.000D+00  0.000D+00  0.000D+00
  0.000D+00  0.000D+00  0.000D+00  0.000D+00  0.000D+00  0.000D+00  0.000D+00
  0.000D+00  0.000D+00  0.000D+00  0.000D+00  0.000D+00  0.000D+00  0.000D+00
  0.000D+00  0.000D+00  0.000D+00  0.000D+00  0.000D+00  0.000D+00  0.000D+00
  0.000D+00  0.000D+00  0.000D+00  0.000D+00  0.000D+00  0.000D+00  0.000D+00
  0.000D+00  0.000D+00  0.000D+00  0.000D+00  0.000D+00  0.000D+00  0.000D+00
  0.000D+00  0.000D+00  0.000D+00  0.000D+00  0.000D+00  0.000D+00  0.000D+00
  0.000D+00  0.000D+00  0.000D+00  0.000D+00  0.000D+00  0.000D+00  0.000D+00
  0.000D+00  0.000D+00  0.000D+00  0.000D+00  0.000D+00  0.000D+00  0.000D+00
  0.000D+00  0.000D+00  0.000D+00  0.000D+00  0.000D+00  0.000D+00  0.000D+00
  0.000D+00  0.000D+00  0.000D+00  0.000D+00  0.000D+00  0.000D+00  0.814D-11
  0.000D+00  0.000D+00  0.000D+00  0.000D+00  0.000D+00  0.000D+00  0.000D+00
  0.000D+00  0.000D+00  0.000D+00  0.000D+00  0.000D+00  0.000D+00  0.000D+00
  0.000D+00  0.000D+00  0.000D+00  0.000D+00  0.000D+00  0.000D+00  0.000D+00
  0.000D+00  0.000D+00  0.000D+00  0.000D+00  0.000D+00  0.000D+00  0.000D+00
  0.000D+00  0.000D+00  0.000D+00  0.000D+00  0.000D+00  0.000D+00  0.000D+00
  0.000D+00  0.000D+00  0.000D+00  0.000D+00  0.000D+00  0.000D+00  0.000D+00
  0.000D+00  0.000D+00  0.000D+00  0.000D+00  0.000D+00  0.000D+00  0.000D+00
  0.000D+00  0.000D+00  0.000D+00  0.000D+00  0.000D+00  0.000D+00  0.000D+00
  0.000D+00  0.000D+00  0.000D+00  0.000D+00  0.000D+00  0.000D+00  0.000D+00
  0.000D+00  0.000D+00  0.000D+00  0.000D+00  0.000D+00  0.000D+00  0.000D+00
  0.000D+00  0.000D+00  0.000D+00  0.000D+00  0.000D+00  0.000D+00  0.000D+00
  0.000D+00  0.000D+00  0.000D+00  0.000D+00  0.000D+00  0.000D+00  0.000D+00
  0.000D+00  0.000D+00  0.000D+00  0.000D+00  0.000D+00  0.000D+00  0.000D+00
  0.000D+00  0.000D+00  0.000D+00  0.000D+00  0.000D+00  0.000D+00  0.000D+00
  0.000D+00  0.000D+00  0.000D+00  0.000D+00  0.000D+00  0.000D+00  0.000D+00
  0.000D+00  0.000D+00  0.000D+00  0.000D+00  0.000D+00  0.000D+00  0.000D+00
  0.000D+00  0.000D+00  0.000D+00  0.000D+00  0.000D+00  0.000D+00  0.000D+00
  0.000D+00  0.000D+00  0.000D+00  0.000D+00  0.000D+00  0.000D+00  0.000D+00
  0.000D+00  0.423D+00  0.000D+00  0.000D+00  0.000D+00  0.000D+00  0.000D+00
  0.000D+00  0.000D+00  0.000D+00  0.000D+00  0.000D+00  0.000D+00  0.000D+00
  0.000D+00  0.000D+00  0.000D+00  0.000D+00  0.000D+00  0.000D+00  0.000D+00
  0.000D+00  0.000D+00  0.000D+00  0.000D+00  0.000D+00  0.000D+00  0.000D+00
  0.000D+00  0.000D+00  0.000D+00  0.000D+00  0.000D+00  0.170D+00  0.431D-02
  0.000D+00  0.000D+00  0.000D+00  0.000D+00  0.000D+00  0.000D+00  0.000D+00
  0.000D+00  0.000D+00  0.000D+00  0.000D+00  0.000D+00  0.000D+00  0.000D+00
  0.000D+00  0.000D+00  0.000D+00  0.000D+00  0.000D+00  0.000D+00  0.000D+00
  0.000D+00  0.000D+00  0.000D+00  0.000D+00  0.000D+00  0.000D+00  0.000D+00
  0.000D+00  0.000D+00  0.000D+00  0.000D+00  0.000D+00  0.000D+00  0.000D+00
  0.000D+00  0.000D+00  0.000D+00  0.000D+00  0.000D+00  0.000D+00  0.000D+00
  0.000D+00  0.000D+00  0.000D+00  0.000D+00  0.000D+00  0.000D+00  0.000D+00
  0.000D+00  0.000D+00  0.000D+00  0.000D+00  0.000D+00  0.000D+00  0.000D+00
  0.000D+00  0.000D+00  0.000D+00  0.000D+00  0.000D+00  0.000D+00  0.000D+00
  0.000D+00  0.000D+00  0.000D+00  0.000D+00  0.000D+00  0.000D+00  0.000D+00
  0.000D+00  0.000D+00  0.000D+00  0.000D+00  0.000D+00  0.000D+00  0.000D+00
  0.000D+00  0.000D+00  0.000D+00  0.000D+00  0.000D+00  0.000D+00  0.000D+00
  0.000D+00  0.000D+00  0.000D+00  0.000D+00  0.000D+00  0.000D+00  0.000D+00
  0.000D+00  0.000D+00  0.000D+00  0.000D+00  0.000D+00  0.000D+00  0.000D+00
  0.000D+00  0.000D+00  0.000D+00  0.000D+00  0.000D+00  0.000D+00  0.000D+00
  0.000D+00  0.000D+00  0.000D+00  0.000D+00  0.000D+00  0.000D+00  0.000D+00
  0.000D+00  0.000D+00  0.000D+00  0.000D+00  0.000D+00  0.000D+00  0.000D+00
  0.000D+00  0.000D+00  0.000D+00  0.000D+00  0.000D+00  0.000D+00  0.000D+00
  0.000D+00  0.000D+00  0.000D+00  0.000D+00  0.000D+00  0.000D+00  0.000D+00
  0.000D+00  0.000D+00  0.000D+00  0.000D+00  0.000D+00  0.000D+00  0.000D+00
  0.000D+00  0.000D+00  0.000D+00  0.000D+00  0.000D+00  0.000D+00  0.000D+00
  0.000D+00  0.000D+00  0.000D+00  0.000D+00  0.000D+00  0.000D+00  0.000D+00
  0.000D+00  0.000D+00  0.000D+00  0.000D+00  0.231D+00  0.922D-01  0.000D+00
  0.000D+00  0.000D+00  0.000D+00  0.000D+00  0.000D+00  0.000D+00  0.000D+00
  0.000D+00  0.000D+00  0.000D+00  0.000D+00  0.000D+00  0.000D+00  0.000D+00
  0.000D+00  0.000D+00  0.000D+00  0.000D+00  0.000D+00  0.000D+00  0.000D+00
  0.000D+00  0.000D+00  0.000D+00  0.000D+00  0.000D+00  0.000D+00  0.000D+00
  0.000D+00  0.000D+00  0.000D+00  0.000D+00  0.000D+00  0.000D+00  0.000D+00
  0.000D+00  0.000D+00  0.000D+00  0.000D+00  0.000D+00  0.000D+00  0.000D+00
  0.000D+00  0.000D+00  0.000D+00  0.000D+00  0.000D+00  0.000D+00  0.000D+00
  0.000D+00  0.000D+00  0.000D+00  0.000D+00  0.000D+00  0.000D+00  0.000D+00
  0.000D+00  0.000D+00  0.000D+00  0.000D+00  0.000D+00  0.000D+00  0.000D+00
  0.000D+00  0.000D+00  0.000D+00  0.000D+00  0.000D+00  0.000D+00  0.000D+00
  0.000D+00  0.000D+00  0.000D+00  0.000D+00  0.000D+00  0.000D+00  0.000D+00
  0.000D+00  0.000D+00  0.000D+00  0.000D+00  0.000D+00  0.000D+00  0.000D+00
  0.000D+00  0.000D+00  0.000D+00  0.000D+00  0.000D+00  0.000D+00  0.000D+00
  0.000D+00  0.000D+00  0.000D+00  0.000D+00  0.000D+00  0.000D+00  0.000D+00
  0.000D+00  0.000D+00  0.000D+00  0.000D+00  0.000D+00  0.000D+00  0.000D+00
  0.000D+00  0.000D+00  0.000D+00  0.000D+00  0.000D+00  0.000D+00  0.000D+00
  0.000D+00  0.000D+00  0.000D+00  0.000D+00  0.000D+00  0.000D+00  0.000D+00
  0.000D+00  0.000D+00  0.000D+00  0.000D+00  0.000D+00  0.000D+00  0.000D+00
  0.000D+00  0.000D+00  0.000D+00  0.000D+00  0.000D+00  0.000D+00  0.000D+00
  0.000D+00  0.000D+00  0.000D+00  0.000D+00  0.000D+00  0.000D+00  0.000D+00
  0.000D+00  0.000D+00  0.000D+00  0.000D+00  0.000D+00  0.000D+00  0.000D+00
  0.000D+00  0.000D+00  0.000D+00  0.000D+00  0.000D+00  0.000D+00  0.000D+00
  0.000D+00  0.000D+00  0.566D-10  0.395D-10  0.225D-10  0.557D-11  0.000D+00
  0.000D+00  0.000D+00  0.000D+00  0.000D+00  0.000D+00  0.000D+00  0.000D+00
  0.000D+00  0.000D+00  0.000D+00  0.000D+00  0.000D+00  0.000D+00  0.000D+00
  0.000D+00  0.000D+00  0.000D+00  0.000D+00  0.000D+00  0.000D+00  0.000D+00
  0.000D+00  0.000D+00  0.000D+00  0.000D+00  0.000D+00  0.000D+00  0.000D+00
  0.000D+00  0.000D+00  0.000D+00  0.000D+00  0.000D+00  0.000D+00  0.000D+00
  0.000D+00  0.000D+00  0.000D+00  0.000D+00  0.000D+00  0.000D+00  0.000D+00
  0.000D+00  0.000D+00  0.000D+00  0.000D+00  0.000D+00  0.000D+00  0.000D+00
  0.000D+00  0.000D+00  0.000D+00  0.000D+00  0.000D+00  0.000D+00  0.000D+00
  0.000D+00  0.000D+00  0.000D+00  0.000D+00  0.000D+00  0.000D+00  0.000D+00
  0.000D+00  0.000D+00  0.000D+00  0.000D+00  0.000D+00  0.000D+00  0.000D+00
  0.000D+00  0.000D+00  0.000D+00  0.000D+00  0.000D+00  0.000D+00  0.000D+00
  0.000D+00  0.000D+00  0.000D+00  0.000D+00  0.000D+00  0.000D+00  0.000D+00
  0.000D+00  0.000D+00  0.000D+00  0.000D+00  0.000D+00  0.000D+00  0.000D+00
  0.000D+00  0.000D+00  0.000D+00  0.000D+00  0.000D+00  0.000D+00  0.000D+00
  0.000D+00  0.000D+00  0.000D+00  0.000D+00  0.000D+00  0.000D+00  0.000D+00
  0.000D+00  0.000D+00  0.104D-09  0.000D+00  0.000D+00  0.000D+00  0.000D+00
  0.000D+00  0.000D+00  0.000D+00  0.000D+00  0.000D+00  0.000D+00  0.000D+00
  0.000D+00  0.000D+00  0.000D+00  0.000D+00  0.000D+00  0.000D+00  0.000D+00
  0.000D+00  0.000D+00  0.000D+00  0.000D+00  0.000D+00  0.000D+00  0.000D+00
  0.000D+00  0.000D+00  0.000D+00  0.000D+00  0.000D+00  0.000D+00  0.000D+00
  0.000D+00  0.000D+00  0.000D+00  0.000D+00  0.000D+00  0.000D+00  0.000D+00
  0.000D+00  0.000D+00  0.000D+00  0.000D+00  0.000D+00  0.000D+00  0.000D+00
  0.000D+00  0.626D-10  0.463D-10  0.300D-10  0.138D-10  0.000D+00  0.000D+00
  0.000D+00  0.000D+00  0.000D+00  0.000D+00  0.000D+00  0.000D+00  0.000D+00
  0.000D+00  0.000D+00  0.000D+00  0.000D+00  0.000D+00  0.000D+00  0.000D+00
  0.000D+00  0.000D+00  0.000D+00  0.000D+00  0.000D+00  0.000D+00  0.000D+00
  0.000D+00  0.000D+00  0.000D+00  0.000D+00  0.000D+00  0.000D+00  0.000D+00
  0.000D+00  0.000D+00  0.000D+00  0.000D+00  0.000D+00  0.000D+00  0.000D+00
  0.000D+00  0.000D+00  0.000D+00  0.000D+00  0.000D+00  0.000D+00  0.000D+00
  0.000D+00  0.000D+00  0.000D+00  0.000D+00  0.000D+00  0.000D+00  0.000D+00
  0.000D+00  0.000D+00  0.000D+00  0.000D+00  0.000D+00  0.000D+00  0.000D+00
  0.000D+00  0.000D+00  0.000D+00  0.000D+00  0.000D+00  0.000D+00  0.000D+00
  0.000D+00  0.000D+00  0.000D+00  0.000D+00  0.000D+00  0.000D+00  0.000D+00
  0.000D+00  0.000D+00  0.000D+00  0.000D+00  0.000D+00  0.000D+00  0.000D+00
  0.000D+00  0.000D+00  0.000D+00  0.000D+00  0.000D+00  0.000D+00  0.000D+00
  0.000D+00  0.000D+00  0.000D+00  0.000D+00  0.000D+00  0.000D+00  0.000D+00
  0.000D+00  0.000D+00  0.000D+00  0.000D+00  0.000D+00  0.000D+00  0.000D+00
  0.000D+00  0.000D+00  0.633D-10  0.000D+00  0.000D+00  0.000D+00  0.000D+00
  0.000D+00  0.000D+00  0.000D+00  0.000D+00  0.000D+00  0.000D+00  0.000D+00
  0.000D+00  0.000D+00  0.000D+00  0.000D+00  0.000D+00  0.000D+00  0.000D+00
  0.000D+00  0.000D+00  0.000D+00  0.000D+00  0.000D+00  0.000D+00  0.000D+00
  0.000D+00  0.000D+00  0.000D+00  0.000D+00  0.000D+00  0.000D+00  0.000D+00
  0.000D+00  0.000D+00  0.000D+00  0.000D+00  0.000D+00  0.000D+00  0.000D+00
  0.000D+00  0.000D+00  0.000D+00  0.000D+00  0.000D+00  0.000D+00  0.000D+00
  0.000D+00  0.000D+00  0.000D+00  0.000D+00  0.000D+00  0.000D+00  0.833D-10
  0.195D+00  0.256D+00  0.194D+00  0.107D+00  0.109D-01  0.000D+00  0.000D+00
  0.000D+00  0.000D+00  0.000D+00  0.000D+00  0.000D+00  0.000D+00  0.000D+00
  0.000D+00  0.000D+00  0.000D+00  0.000D+00  0.000D+00  0.000D+00  0.000D+00
  0.000D+00  0.000D+00  0.000D+00  0.000D+00  0.000D+00  0.000D+00  0.000D+00
  0.000D+00  0.000D+00  0.000D+00  0.000D+00  0.000D+00  0.000D+00  0.000D+00
  0.000D+00  0.000D+00  0.000D+00  0.000D+00  0.000D+00  0.000D+00  0.000D+00
  0.000D+00  0.000D+00  0.000D+00  0.000D+00  0.000D+00  0.000D+00  0.000D+00
  0.000D+00  0.000D+00  0.000D+00  0.000D+00  0.000D+00  0.000D+00  0.000D+00
  0.000D+00  0.000D+00  0.000D+00  0.000D+00  0.000D+00  0.000D+00  0.000D+00
  0.000D+00  0.000D+00  0.000D+00  0.000D+00  0.000D+00  0.000D+00  0.000D+00
  0.000D+00  0.000D+00  0.000D+00  0.000D+00  0.000D+00  0.000D+00  0.000D+00
  0.000D+00  0.000D+00  0.000D+00  0.000D+00  0.000D+00  0.000D+00  0.000D+00
  0.000D+00  0.000D+00  0.000D+00  0.000D+00  0.000D+00  0.000D+00  0.000D+00
  0.000D+00  0.000D+00  0.000D+00  0.000D+00  0.000D+00  0.000D+00  0.000D+00
  0.000D+00  0.000D+00  0.221D-10  0.176D-09  0.000D+00  0.000D+00  0.000D+00
  0.000D+00  0.000D+00  0.000D+00  0.000D+00  0.000D+00  0.000D+00  0.000D+00
  0.000D+00  0.000D+00  0.000D+00  0.000D+00  0.000D+00  0.000D+00  0.000D+00
  0.000D+00  0.000D+00  0.000D+00  0.000D+00  0.000D+00  0.000D+00  0.000D+00
  0.000D+00  0.000D+00  0.000D+00  0.000D+00  0.000D+00  0.000D+00  0.000D+00
  0.000D+00  0.000D+00  0.000D+00  0.000D+00  0.000D+00  0.000D+00  0.000D+00
  0.000D+00  0.000D+00  0.000D+00  0.000D+00  0.000D+00  0.000D+00  0.000D+00
  0.000D+00  0.000D+00  0.000D+00  0.000D+00  0.000D+00  0.000D+00  0.000D+00
  0.000D+00  0.000D+00  0.000D+00  0.000D+00  0.520D+00  0.453D+00  0.378D+00
  0.298D+00  0.215D+00  0.130D+00  0.423D-01  0.000D+00  0.000D+00  0.000D+00
  0.000D+00  0.000D+00  0.000D+00  0.000D+00  0.000D+00  0.000D+00  0.000D+00
  0.000D+00  0.000D+00  0.000D+00  0.000D+00  0.000D+00  0.000D+00  0.000D+00
  0.000D+00  0.000D+00  0.000D+00  0.000D+00  0.000D+00  0.000D+00  0.000D+00
  0.000D+00  0.000D+00  0.000D+00  0.000D+00  0.000D+00  0.000D+00  0.000D+00
  0.000D+00  0.000D+00  0.000D+00  0.000D+00  0.000D+00  0.000D+00  0.000D+00
  0.000D+00  0.000D+00  0.000D+00  0.000D+00  0.000D+00  0.000D+00  0.000D+00
  0.000D+00  0.000D+00  0.000D+00  0.000D+00  0.000D+00  0.000D+00  0.000D+00
  0.000D+00  0.000D+00  0.000D+00  0.000D+00  0.000D+00  0.000D+00  0.000D+00
  0.000D+00  0.000D+00  0.000D+00  0.000D+00  0.000D+00  0.000D+00  0.000D+00
  0.000D+00  0.000D+00  0.000D+00  0.000D+00  0.000D+00  0.000D+00  0.000D+00
  0.000D+00  0.000D+00  0.000D+00  0.000D+00  0.000D+00  0.000D+00  0.000D+00
  0.000D+00  0.000D+00  0.000D+00  0.000D+00  0.000D+00  0.000D+00  0.000D+00
  0.000D+00  0.000D+00  0.000D+00  0.138D-09  0.000D+00  0.000D+00  0.000D+00
  0.000D+00  0.000D+00  0.000D+00  0.000D+00  0.000D+00  0.000D+00  0.000D+00
  0.000D+00  0.000D+00  0.000D+00  0.000D+00  0.000D+00  0.000D+00  0.000D+00
  0.000D+00  0.000D+00  0.000D+00  0.000D+00  0.000D+00  0.000D+00  0.000D+00
  0.000D+00  0.000D+00  0.000D+00  0.000D+00  0.000D+00  0.000D+00  0.000D+00
  0.000D+00  0.000D+00  0.000D+00  0.000D+00  0.000D+00  0.000D+00  0.000D+00
  0.000D+00  0.000D+00  0.000D+00  0.000D+00  0.000D+00  0.000D+00  0.000D+00
  0.000D+00  0.000D+00  0.000D+00  0.000D+00  0.000D+00  0.000D+00  0.000D+00
  0.000D+00  0.000D+00  0.000D+00  0.000D+00  0.000D+00  0.000D+00  0.000D+00
  0.000D+00  0.000D+00  0.584D+00  0.512D+00  0.438D+00  0.364D+00  0.288D+00
  0.213D+00  0.138D+00  0.615D-01  0.000D+00  0.000D+00  0.000D+00  0.000D+00
  0.000D+00  0.000D+00  0.000D+00  0.000D+00  0.000D+00  0.000D+00  0.000D+00
  0.000D+00  0.000D+00  0.000D+00  0.000D+00  0.000D+00  0.000D+00  0.000D+00
  0.000D+00  0.000D+00  0.000D+00  0.000D+00  0.000D+00  0.000D+00  0.000D+00
  0.000D+00  0.000D+00  0.000D+00  0.000D+00  0.000D+00  0.000D+00  0.000D+00
  0.000D+00  0.000D+00  0.000D+00  0.000D+00  0.000D+00  0.000D+00  0.000D+00
  0.000D+00  0.000D+00  0.000D+00  0.000D+00  0.000D+00  0.000D+00  0.000D+00
  0.000D+00  0.000D+00  0.000D+00  0.000D+00  0.000D+00  0.000D+00  0.000D+00
  0.000D+00  0.000D+00  0.000D+00  0.000D+00  0.000D+00  0.000D+00  0.000D+00
  0.000D+00  0.000D+00  0.000D+00  0.000D+00  0.000D+00  0.000D+00  0.000D+00
  0.000D+00  0.000D+00  0.000D+00  0.000D+00  0.000D+00  0.000D+00  0.000D+00
  0.000D+00  0.000D+00  0.000D+00  0.000D+00  0.000D+00  0.000D+00  0.000D+00
  0.000D+00  0.000D+00  0.000D+00  0.990D-10  0.230D-09  0.000D+00  0.000D+00
  0.000D+00  0.000D+00  0.000D+00  0.000D+00  0.000D+00  0.000D+00  0.000D+00
  0.000D+00  0.000D+00  0.000D+00  0.000D+00  0.000D+00  0.000D+00  0.000D+00
  0.000D+00  0.000D+00  0.000D+00  0.000D+00  0.000D+00  0.000D+00  0.000D+00
  0.000D+00  0.000D+00  0.000D+00  0.000D+00  0.000D+00  0.000D+00  0.000D+00
  0.000D+00  0.000D+00  0.000D+00  0.000D+00  0.000D+00  0.000D+00  0.000D+00
  0.000D+00  0.000D+00  0.000D+00  0.000D+00  0.000D+00  0.000D+00  0.000D+00
  0.000D+00  0.000D+00  0.000D+00  0.000D+00  0.000D+00  0.000D+00  0.000D+00
  0.000D+00  0.000D+00  0.000D+00  0.000D+00  0.000D+00  0.000D+00  0.000D+00
  0.000D+00  0.000D+00  0.000D+00  0.000D+00  0.000D+00  0.000D+00  0.000D+00
  0.556D+00  0.472D+00  0.373D+00  0.202D+00  0.759D-10  0.616D-10  0.474D-10
  0.332D-10  0.191D-10  0.501D-11  0.000D+00  0.000D+00  0.000D+00  0.000D+00
  0.000D+00  0.000D+00  0.000D+00  0.000D+00  0.000D+00  0.000D+00  0.000D+00
  0.000D+00  0.000D+00  0.000D+00  0.000D+00  0.000D+00  0.000D+00  0.000D+00
  0.000D+00  0.000D+00  0.000D+00  0.000D+00  0.000D+00  0.000D+00  0.000D+00
  0.000D+00  0.000D+00  0.000D+00  0.000D+00  0.000D+00  0.000D+00  0.000D+00
  0.000D+00  0.000D+00  0.000D+00  0.000D+00  0.000D+00  0.000D+00  0.000D+00
  0.000D+00  0.000D+00  0.000D+00  0.000D+00  0.000D+00  0.000D+00  0.000D+00
  0.000D+00  0.000D+00  0.000D+00  0.000D+00  0.000D+00  0.000D+00  0.000D+00
  0.000D+00  0.000D+00  0.000D+00  0.000D+00  0.000D+00  0.000D+00  0.000D+00
  0.000D+00  0.000D+00  0.000D+00  0.000D+00  0.000D+00  0.000D+00  0.000D+00
  0.000D+00  0.000D+00  0.000D+00  0.000D+00  0.000D+00  0.000D+00  0.000D+00
  0.000D+00  0.000D+00  0.000D+00  0.585D-10  0.194D-09  0.000D+00  0.000D+00
  0.000D+00  0.000D+00  0.000D+00  0.000D+00  0.000D+00  0.000D+00  0.000D+00
  0.000D+00  0.000D+00  0.000D+00  0.000D+00  0.000D+00  0.000D+00  0.000D+00
  0.000D+00  0.000D+00  0.000D+00  0.000D+00  0.000D+00  0.000D+00  0.000D+00
  0.000D+00  0.000D+00  0.000D+00  0.000D+00  0.000D+00  0.000D+00  0.000D+00
  0.000D+00  0.000D+00  0.000D+00  0.000D+00  0.000D+00  0.000D+00  0.000D+00
  0.000D+00  0.000D+00  0.000D+00  0.000D+00  0.000D+00  0.000D+00  0.000D+00
  0.000D+00  0.000D+00  0.000D+00  0.000D+00  0.000D+00  0.000D+00  0.000D+00
  0.000D+00  0.000D+00  0.000D+00  0.000D+00  0.000D+00  0.000D+00  0.000D+00
  0.000D+00  0.000D+00  0.000D+00  0.000D+00  0.000D+00  0.000D+00  0.000D+00
  0.000D+00  0.000D+00  0.000D+00  0.000D+00  0.161D-09  0.147D-09  0.133D-09
  0.119D-09  0.105D-09  0.909D-10  0.770D-10  0.631D-10  0.493D-10  0.355D-10
  0.217D-10  0.797D-11  0.000D+00  0.000D+00  0.000D+00  0.000D+00  0.000D+00
  0.000D+00  0.000D+00  0.000D+00  0.000D+00  0.000D+00  0.000D+00  0.000D+00
  0.000D+00  0.000D+00  0.000D+00  0.000D+00  0.000D+00  0.000D+00  0.000D+00
  0.000D+00  0.000D+00  0.000D+00  0.000D+00  0.000D+00  0.000D+00  0.000D+00
  0.000D+00  0.000D+00  0.000D+00  0.000D+00  0.000D+00  0.000D+00  0.000D+00
  0.000D+00  0.000D+00  0.000D+00  0.000D+00  0.000D+00  0.000D+00  0.000D+00
  0.000D+00  0.000D+00  0.000D+00  0.000D+00  0.000D+00  0.000D+00  0.000D+00
  0.000D+00  0.000D+00  0.000D+00  0.000D+00  0.000D+00  0.000D+00  0.000D+00
  0.000D+00  0.000D+00  0.000D+00  0.000D+00  0.000D+00  0.000D+00  0.000D+00
  0.000D+00  0.000D+00  0.000D+00  0.000D+00  0.000D+00  0.000D+00  0.000D+00
  0.000D+00  0.000D+00  0.000D+00  0.172D-10  0.155D-09  0.271D-09  0.000D+00
  0.000D+00  0.000D+00  0.000D+00  0.000D+00  0.000D+00  0.000D+00  0.000D+00
  0.000D+00  0.000D+00  0.000D+00  0.000D+00  0.000D+00  0.000D+00  0.000D+00
  0.000D+00  0.000D+00  0.000D+00  0.000D+00  0.000D+00  0.000D+00  0.000D+00
  0.000D+00  0.000D+00  0.000D+00  0.000D+00  0.000D+00  0.000D+00  0.000D+00
  0.000D+00  0.000D+00  0.000D+00  0.000D+00  0.000D+00  0.000D+00  0.000D+00
  0.000D+00  0.000D+00  0.000D+00  0.000D+00  0.000D+00  0.000D+00  0.000D+00
  0.000D+00  0.000D+00  0.000D+00  0.000D+00  0.000D+00  0.000D+00  0.000D+00
  0.000D+00  0.000D+00  0.000D+00  0.000D+00  0.000D+00  0.000D+00  0.000D+00
  0.000D+00  0.000D+00  0.000D+00  0.000D+00  0.000D+00  0.000D+00  0.000D+00
  0.000D+00  0.000D+00  0.000D+00  0.000D+00  0.000D+00  0.000D+00  0.000D+00
  0.000D+00  0.187D-09  0.173D-09  0.159D-09  0.145D-09  0.132D-09  0.118D-09
  0.104D-09  0.908D-10  0.773D-10  0.638D-10  0.503D-10  0.368D-10  0.234D-10
  0.196D-01  0.000D+00  0.000D+00  0.000D+00  0.000D+00  0.000D+00  0.000D+00
  0.000D+00  0.000D+00  0.000D+00  0.000D+00  0.000D+00  0.000D+00  0.000D+00
  0.000D+00  0.000D+00  0.000D+00  0.000D+00  0.000D+00  0.000D+00  0.000D+00
  0.000D+00  0.000D+00  0.000D+00  0.000D+00  0.000D+00  0.000D+00  0.000D+00
  0.000D+00  0.000D+00  0.000D+00  0.000D+00  0.000D+00  0.000D+00  0.000D+00
  0.000D+00  0.000D+00  0.000D+00  0.000D+00  0.000D+00  0.000D+00  0.000D+00
  0.000D+00  0.000D+00  0.000D+00  0.000D+00  0.000D+00  0.000D+00  0.000D+00
  0.000D+00  0.000D+00  0.000D+00  0.000D+00  0.000D+00  0.000D+00  0.000D+00
  0.000D+00  0.000D+00  0.000D+00  0.000D+00  0.000D+00  0.000D+00  0.000D+00
  0.000D+00  0.000D+00  0.000D+00  0.000D+00  0.116D-09  0.236D-09  0.337D-09
  0.000D+00  0.000D+00  0.000D+00  0.000D+00  0.000D+00  0.000D+00  0.000D+00
  0.000D+00  0.000D+00  0.000D+00  0.000D+00  0.000D+00  0.000D+00  0.000D+00
  0.000D+00  0.000D+00  0.000D+00  0.000D+00  0.000D+00  0.000D+00  0.000D+00
  0.000D+00  0.000D+00  0.000D+00  0.000D+00  0.000D+00  0.000D+00  0.000D+00
  0.000D+00  0.000D+00  0.000D+00  0.000D+00  0.000D+00  0.000D+00  0.000D+00
  0.000D+00  0.000D+00  0.000D+00  0.000D+00  0.000D+00  0.000D+00  0.000D+00
  0.000D+00  0.000D+00  0.000D+00  0.000D+00  0.000D+00  0.000D+00  0.000D+00
  0.000D+00  0.000D+00  0.000D+00  0.000D+00  0.000D+00  0.000D+00  0.000D+00
  0.000D+00  0.000D+00  0.000D+00  0.000D+00  0.000D+00  0.000D+00  0.000D+00
  0.000D+00  0.000D+00  0.000D+00  0.000D+00  0.000D+00  0.000D+00  0.000D+00
  0.000D+00  0.000D+00  0.000D+00  0.000D+00  0.000D+00  0.211D-09  0.197D-09
  0.184D-09  0.170D-09  0.157D-09  0.143D-09  0.130D-09  0.117D-09  0.219D+00
  0.306D+00  0.289D+00  0.247D+00  0.196D+00  0.140D+00  0.813D-01  0.214D-01
  0.000D+00  0.000D+00  0.000D+00  0.000D+00  0.000D+00  0.000D+00  0.000D+00
  0.000D+00  0.000D+00  0.000D+00  0.000D+00  0.000D+00  0.000D+00  0.000D+00
  0.000D+00  0.000D+00  0.000D+00  0.000D+00  0.000D+00  0.000D+00  0.000D+00
  0.000D+00  0.000D+00  0.000D+00  0.000D+00  0.000D+00  0.000D+00  0.000D+00
  0.000D+00  0.000D+00  0.000D+00  0.000D+00  0.000D+00  0.000D+00  0.000D+00
  0.000D+00  0.000D+00  0.000D+00  0.000D+00  0.000D+00  0.000D+00  0.000D+00
  0.000D+00  0.000D+00  0.000D+00  0.000D+00  0.000D+00  0.000D+00  0.000D+00
  0.000D+00  0.000D+00  0.000D+00  0.000D+00  0.000D+00  0.000D+00  0.000D+00
  0.000D+00  0.000D+00  0.000D+00  0.000D+00  0.420D+00  0.138D-06  0.304D-09
  0.394D-09  0.000D+00  0.000D+00  0.000D+00  0.000D+00  0.000D+00  0.000D+00
  0.000D+00  0.000D+00  0.000D+00  0.000D+00  0.000D+00  0.000D+00  0.000D+00
  0.000D+00  0.000D+00  0.000D+00  0.000D+00  0.000D+00  0.000D+00  0.000D+00
  0.000D+00  0.000D+00  0.000D+00  0.000D+00  0.000D+00  0.000D+00  0.000D+00
  0.000D+00  0.000D+00  0.000D+00  0.000D+00  0.000D+00  0.000D+00  0.000D+00
  0.000D+00  0.000D+00  0.000D+00  0.000D+00  0.000D+00  0.000D+00  0.000D+00
  0.000D+00  0.000D+00  0.000D+00  0.000D+00  0.000D+00  0.000D+00  0.000D+00
  0.000D+00  0.000D+00  0.000D+00  0.000D+00  0.000D+00  0.000D+00  0.000D+00
  0.000D+00  0.000D+00  0.000D+00  0.000D+00  0.000D+00  0.000D+00  0.000D+00
  0.000D+00  0.000D+00  0.000D+00  0.000D+00  0.000D+00  0.000D+00  0.000D+00
  0.000D+00  0.000D+00  0.000D+00  0.000D+00  0.000D+00  0.000D+00  0.000D+00
  0.000D+00  0.000D+00  0.233D-09  0.220D-09  0.206D-09  0.193D-09  0.445D+00
  0.536D+00  0.546D+00  0.525D+00  0.490D+00  0.448D+00  0.400D+00  0.350D+00
  0.297D+00  0.243D+00  0.188D+00  0.132D+00  0.760D-01  0.194D-01  0.000D+00
  0.000D+00  0.000D+00  0.000D+00  0.000D+00  0.000D+00  0.000D+00  0.000D+00
  0.000D+00  0.000D+00  0.000D+00  0.000D+00  0.000D+00  0.000D+00  0.000D+00
  0.000D+00  0.000D+00  0.000D+00  0.000D+00  0.000D+00  0.000D+00  0.000D+00
  0.000D+00  0.000D+00  0.000D+00  0.000D+00  0.000D+00  0.000D+00  0.000D+00
  0.000D+00  0.000D+00  0.000D+00  0.000D+00  0.000D+00  0.000D+00  0.000D+00
  0.000D+00  0.000D+00  0.000D+00  0.000D+00  0.000D+00  0.000D+00  0.000D+00
  0.000D+00  0.000D+00  0.000D+00  0.000D+00  0.000D+00  0.000D+00  0.000D+00
  0.000D+00  0.000D+00  0.000D+00  0.000D+00  0.120D+00  0.945D+00  0.462D+00
  0.362D-09  0.000D+00  0.000D+00  0.000D+00  0.000D+00  0.000D+00  0.000D+00
  0.000D+00  0.000D+00  0.000D+00  0.000D+00  0.000D+00  0.000D+00  0.000D+00
  0.000D+00  0.000D+00  0.000D+00  0.000D+00  0.000D+00  0.000D+00  0.000D+00
  0.000D+00  0.000D+00  0.000D+00  0.000D+00  0.000D+00  0.000D+00  0.000D+00
  0.000D+00  0.000D+00  0.000D+00  0.000D+00  0.000D+00  0.000D+00  0.000D+00
  0.000D+00  0.000D+00  0.000D+00  0.000D+00  0.000D+00  0.000D+00  0.000D+00
  0.000D+00  0.000D+00  0.000D+00  0.000D+00  0.000D+00  0.000D+00  0.000D+00
  0.000D+00  0.000D+00  0.000D+00  0.000D+00  0.000D+00  0.000D+00  0.000D+00
  0.000D+00  0.000D+00  0.000D+00  0.000D+00  0.000D+00  0.000D+00  0.000D+00
  0.000D+00  0.000D+00  0.000D+00  0.000D+00  0.000D+00  0.000D+00  0.000D+00
  0.000D+00  0.000D+00  0.000D+00  0.000D+00  0.000D+00  0.000D+00  0.000D+00
  0.000D+00  0.000D+00  0.000D+00  0.000D+00  0.000D+00  0.231D+00  0.629D+00
  0.735D+00  0.765D+00  0.761D+00  0.740D+00  0.708D+00  0.670D+00  0.627D+00
  0.581D+00  0.533D+00  0.484D+00  0.433D+00  0.382D+00  0.331D+00  0.278D+00
  0.226D+00  0.173D+00  0.121D+00  0.677D-01  0.141D-01  0.000D+00  0.000D+00
  0.000D+00  0.000D+00  0.000D+00  0.000D+00  0.000D+00  0.000D+00  0.000D+00
  0.000D+00  0.000D+00  0.000D+00  0.000D+00  0.000D+00  0.000D+00  0.000D+00
  0.000D+00  0.000D+00  0.000D+00  0.000D+00  0.000D+00  0.000D+00  0.000D+00
  0.000D+00  0.000D+00  0.000D+00  0.000D+00  0.000D+00  0.000D+00  0.000D+00
  0.000D+00  0.000D+00  0.000D+00  0.000D+00  0.000D+00  0.000D+00  0.000D+00
  0.000D+00  0.000D+00  0.000D+00  0.000D+00  0.000D+00  0.000D+00  0.000D+00
  0.000D+00  0.000D+00  0.000D+00  0.000D+00  0.000D+00  0.888D+00  0.109D+01
  0.328D-09  0.414D-09  0.000D+00  0.000D+00  0.000D+00  0.000D+00  0.000D+00
  0.000D+00  0.000D+00  0.000D+00  0.000D+00  0.000D+00  0.000D+00  0.000D+00
  0.000D+00  0.000D+00  0.000D+00  0.000D+00  0.000D+00  0.000D+00  0.000D+00
  0.000D+00  0.000D+00  0.000D+00  0.000D+00  0.000D+00  0.000D+00  0.000D+00
  0.000D+00  0.000D+00  0.000D+00  0.000D+00  0.000D+00  0.000D+00  0.000D+00
  0.000D+00  0.000D+00  0.000D+00  0.000D+00  0.000D+00  0.000D+00  0.000D+00
  0.000D+00  0.000D+00  0.000D+00  0.000D+00  0.000D+00  0.000D+00  0.000D+00
  0.000D+00  0.000D+00  0.000D+00  0.000D+00  0.000D+00  0.000D+00  0.000D+00
  0.000D+00  0.000D+00  0.000D+00  0.000D+00  0.000D+00  0.000D+00  0.000D+00
  0.000D+00  0.000D+00  0.000D+00  0.000D+00  0.000D+00  0.000D+00  0.000D+00
  0.000D+00  0.000D+00  0.000D+00  0.000D+00  0.000D+00  0.000D+00  0.000D+00
  0.000D+00  0.000D+00  0.000D+00  0.000D+00  0.000D+00  0.000D+00  0.000D+00
  0.000D+00  0.000D+00  0.964D+00  0.955D+00  0.934D+00  0.904D+00  0.868D+00
  0.829D+00  0.786D+00  0.741D+00  0.695D+00  0.647D+00  0.599D+00  0.550D+00
  0.500D+00  0.451D+00  0.402D+00  0.352D+00  0.302D+00  0.253D+00  0.204D+00
  0.155D+00  0.106D+00  0.565D-01  0.612D-02  0.000D+00  0.000D+00  0.000D+00
  0.000D+00  0.000D+00  0.000D+00  0.000D+00  0.000D+00  0.000D+00  0.000D+00
  0.000D+00  0.000D+00  0.000D+00  0.000D+00  0.000D+00  0.000D+00  0.000D+00
  0.000D+00  0.000D+00  0.000D+00  0.000D+00  0.000D+00  0.000D+00  0.000D+00
  0.000D+00  0.000D+00  0.000D+00  0.000D+00  0.000D+00  0.000D+00  0.000D+00
  0.000D+00  0.000D+00  0.000D+00  0.000D+00  0.000D+00  0.000D+00  0.000D+00
  0.000D+00  0.000D+00  0.000D+00  0.000D+00  0.000D+00  0.559D+00  0.115D+01
  0.629D+00  0.381D-09  0.459D-09  0.000D+00  0.000D+00  0.000D+00  0.000D+00
  0.000D+00  0.000D+00  0.000D+00  0.000D+00  0.000D+00  0.000D+00  0.000D+00
  0.000D+00  0.000D+00  0.000D+00  0.000D+00  0.000D+00  0.000D+00  0.000D+00
  0.000D+00  0.000D+00  0.000D+00  0.000D+00  0.000D+00  0.000D+00  0.000D+00
  0.000D+00  0.000D+00  0.000D+00  0.000D+00  0.000D+00  0.000D+00  0.000D+00
  0.000D+00  0.000D+00  0.000D+00  0.000D+00  0.000D+00  0.000D+00  0.000D+00
  0.000D+00  0.000D+00  0.000D+00  0.000D+00  0.000D+00  0.000D+00  0.000D+00
  0.000D+00  0.000D+00  0.000D+00  0.000D+00  0.000D+00  0.000D+00  0.000D+00
  0.000D+00  0.000D+00  0.000D+00  0.000D+00  0.000D+00  0.000D+00  0.000D+00
  0.000D+00  0.000D+00  0.000D+00  0.000D+00  0.000D+00  0.000D+00  0.000D+00
  0.000D+00  0.000D+00  0.000D+00  0.000D+00  0.000D+00  0.000D+00  0.000D+00
  0.000D+00  0.000D+00  0.000D+00  0.000D+00  0.000D+00  0.000D+00  0.000D+00
  0.000D+00  0.000D+00  0.000D+00  0.000D+00  0.000D+00  0.111D+01  0.108D+01
  0.104D+01  0.101D+01  0.966D+00  0.923D+00  0.879D+00  0.834D+00  0.786D+00
  0.739D+00  0.692D+00  0.644D+00  0.595D+00  0.547D+00  0.498D+00  0.449D+00
  0.400D+00  0.351D+00  0.301D+00  0.248D+00  0.185D+00  0.564D-10  0.443D-10
  0.322D-10  0.201D-10  0.800D-11  0.000D+00  0.000D+00  0.000D+00  0.000D+00
  0.000D+00  0.000D+00  0.000D+00  0.000D+00  0.000D+00  0.000D+00  0.000D+00
  0.000D+00  0.000D+00  0.000D+00  0.000D+00  0.000D+00  0.000D+00  0.000D+00
  0.000D+00  0.000D+00  0.000D+00  0.000D+00  0.000D+00  0.000D+00  0.000D+00
  0.000D+00  0.000D+00  0.000D+00  0.000D+00  0.000D+00  0.000D+00  0.000D+00
  0.000D+00  0.000D+00  0.000D+00  0.000D+00  0.000D+00  0.611D-01  0.991D+00
  0.816D+00  0.347D-09  0.428D-09  0.500D-09  0.000D+00  0.000D+00  0.000D+00
  0.000D+00  0.000D+00  0.000D+00  0.000D+00  0.000D+00  0.000D+00  0.000D+00
  0.000D+00  0.000D+00  0.000D+00  0.000D+00  0.000D+00  0.000D+00  0.000D+00
  0.000D+00  0.000D+00  0.000D+00  0.000D+00  0.000D+00  0.000D+00  0.000D+00
  0.000D+00  0.000D+00  0.000D+00  0.000D+00  0.000D+00  0.000D+00  0.000D+00
  0.000D+00  0.000D+00  0.000D+00  0.000D+00  0.000D+00  0.000D+00  0.000D+00
  0.000D+00  0.000D+00  0.000D+00  0.000D+00  0.000D+00  0.000D+00  0.000D+00
  0.000D+00  0.000D+00  0.000D+00  0.000D+00  0.000D+00  0.000D+00  0.000D+00
  0.000D+00  0.000D+00  0.000D+00  0.000D+00  0.000D+00  0.000D+00  0.000D+00
  0.000D+00  0.000D+00  0.000D+00  0.000D+00  0.000D+00  0.000D+00  0.000D+00
  0.000D+00  0.000D+00  0.000D+00  0.000D+00  0.000D+00  0.000D+00  0.000D+00
  0.000D+00  0.000D+00  0.000D+00  0.000D+00  0.000D+00  0.000D+00  0.000D+00
  0.000D+00  0.000D+00  0.000D+00  0.000D+00  0.000D+00  0.000D+00  0.000D+00
  0.123D+01  0.120D+01  0.116D+01  0.112D+01  0.108D+01  0.104D+01  0.994D+00
  0.948D+00  0.901D+00  0.854D+00  0.805D+00  0.756D+00  0.707D+00  0.655D+00
  0.603D+00  0.548D+00  0.488D+00  0.416D+00  0.308D+00  0.125D-09  0.113D-09
  0.101D-09  0.889D-10  0.769D-10  0.650D-10  0.530D-10  0.411D-10  0.292D-10
  0.173D-10  0.549D-11  0.000D+00  0.000D+00  0.000D+00  0.000D+00  0.000D+00
  0.000D+00  0.000D+00  0.000D+00  0.000D+00  0.000D+00  0.000D+00  0.000D+00
  0.000D+00  0.000D+00  0.000D+00  0.000D+00  0.000D+00  0.000D+00  0.000D+00
  0.000D+00  0.000D+00  0.000D+00  0.000D+00  0.000D+00  0.000D+00  0.000D+00
  0.000D+00  0.000D+00  0.000D+00  0.000D+00  0.000D+00  0.000D+00  0.724D+00
  0.745D+00  0.311D-09  0.395D-09  0.470D-09  0.537D-09  0.597D-09  0.000D+00
  0.000D+00  0.000D+00  0.000D+00  0.000D+00  0.000D+00  0.000D+00  0.000D+00
  0.000D+00  0.000D+00  0.000D+00  0.000D+00  0.000D+00  0.000D+00  0.000D+00
  0.000D+00  0.000D+00  0.000D+00  0.000D+00  0.000D+00  0.000D+00  0.000D+00
  0.000D+00  0.000D+00  0.000D+00  0.000D+00  0.000D+00  0.000D+00  0.000D+00
  0.000D+00  0.000D+00  0.000D+00  0.000D+00  0.000D+00  0.000D+00  0.000D+00
  0.000D+00  0.000D+00  0.000D+00  0.000D+00  0.000D+00  0.000D+00  0.000D+00
  0.000D+00  0.000D+00  0.000D+00  0.000D+00  0.000D+00  0.000D+00  0.000D+00
  0.000D+00  0.000D+00  0.000D+00  0.000D+00  0.000D+00  0.000D+00  0.000D+00
  0.000D+00  0.000D+00  0.000D+00  0.000D+00  0.000D+00  0.000D+00  0.000D+00
  0.000D+00  0.000D+00  0.000D+00  0.000D+00  0.000D+00  0.000D+00  0.000D+00
  0.000D+00  0.000D+00  0.000D+00  0.000D+00  0.000D+00  0.000D+00  0.000D+00
  0.000D+00  0.000D+00  0.000D+00  0.000D+00  0.000D+00  0.000D+00  0.000D+00
  0.000D+00  0.000D+00  0.000D+00  0.130D+01  0.126D+01  0.122D+01  0.117D+01
  0.113D+01  0.108D+01  0.104D+01  0.986D+00  0.935D+00  0.882D+00  0.828D+00
  0.769D+00  0.704D+00  0.629D+00  0.530D+00  0.354D+00  0.191D-09  0.179D-09
  0.167D-09  0.155D-09  0.143D-09  0.132D-09  0.120D-09  0.108D-09  0.961D-10
  0.843D-10  0.726D-10  0.608D-10  0.491D-10  0.374D-10  0.257D-10  0.140D-10
  0.237D-11  0.000D+00  0.000D+00  0.000D+00  0.000D+00  0.000D+00  0.000D+00
  0.000D+00  0.000D+00  0.000D+00  0.000D+00  0.000D+00  0.000D+00  0.000D+00
  0.000D+00  0.000D+00  0.000D+00  0.000D+00  0.000D+00  0.000D+00  0.000D+00
  0.000D+00  0.000D+00  0.000D+00  0.000D+00  0.000D+00  0.000D+00  0.367D+00
  0.499D+00  0.273D-09  0.360D-09  0.437D-09  0.507D-09  0.570D-09  0.627D-09
  0.000D+00  0.000D+00  0.000D+00  0.000D+00  0.000D+00  0.000D+00  0.000D+00
  0.000D+00  0.000D+00  0.000D+00  0.000D+00  0.000D+00  0.000D+00  0.000D+00
  0.000D+00  0.000D+00  0.000D+00  0.000D+00  0.000D+00  0.000D+00  0.000D+00
  0.000D+00  0.000D+00  0.000D+00  0.000D+00  0.000D+00  0.000D+00  0.000D+00
  0.000D+00  0.000D+00  0.000D+00  0.000D+00  0.000D+00  0.000D+00  0.000D+00
  0.000D+00  0.000D+00  0.000D+00  0.000D+00  0.000D+00  0.000D+00  0.000D+00
  0.000D+00  0.000D+00  0.000D+00  0.000D+00  0.000D+00  0.000D+00  0.000D+00
  0.000D+00  0.000D+00  0.000D+00  0.000D+00  0.000D+00  0.000D+00  0.000D+00
  0.000D+00  0.000D+00  0.000D+00  0.000D+00  0.000D+00  0.000D+00  0.000D+00
  0.000D+00  0.000D+00  0.000D+00  0.000D+00  0.000D+00  0.000D+00  0.000D+00
  0.000D+00  0.000D+00  0.000D+00  0.000D+00  0.000D+00  0.000D+00  0.000D+00
  0.000D+00  0.000D+00  0.000D+00  0.000D+00  0.000D+00  0.000D+00  0.000D+00
  0.000D+00  0.000D+00  0.000D+00  0.000D+00  0.000D+00  0.137D+01  0.133D+01
  0.128D+01  0.124D+01  0.119D+01  0.114D+01  0.108D+01  0.103D+01  0.966D+00
  0.898D+00  0.820D+00  0.723D+00  0.582D+00  0.286D+00  0.255D-09  0.243D-09
  0.231D-09  0.219D-09  0.208D-09  0.196D-09  0.184D-09  0.172D-09  0.161D-09
  0.149D-09  0.137D-09  0.126D-09  0.114D-09  0.102D-09  0.908D-10  0.792D-10
  0.677D-10  0.561D-10  0.106D+00  0.785D-01  0.387D-01  0.000D+00  0.000D+00
  0.000D+00  0.000D+00  0.000D+00  0.000D+00  0.000D+00  0.000D+00  0.000D+00
  0.000D+00  0.000D+00  0.000D+00  0.000D+00  0.000D+00  0.000D+00  0.000D+00
  0.000D+00  0.000D+00  0.000D+00  0.000D+00  0.000D+00  0.000D+00  0.000D+00
  0.136D-09  0.234D-09  0.323D-09  0.403D-09  0.476D-09  0.541D-09  0.600D-09
  0.654D-09  0.000D+00  0.000D+00  0.000D+00  0.000D+00  0.000D+00  0.000D+00
  0.000D+00  0.000D+00  0.000D+00  0.000D+00  0.000D+00  0.000D+00  0.000D+00
  0.000D+00  0.000D+00  0.000D+00  0.000D+00  0.000D+00  0.000D+00  0.000D+00
  0.000D+00  0.000D+00  0.000D+00  0.000D+00  0.000D+00  0.000D+00  0.000D+00
  0.000D+00  0.000D+00  0.000D+00  0.000D+00  0.000D+00  0.000D+00  0.000D+00
  0.000D+00  0.000D+00  0.000D+00  0.000D+00  0.000D+00  0.000D+00  0.000D+00
  0.000D+00  0.000D+00  0.000D+00  0.000D+00  0.000D+00  0.000D+00  0.000D+00
  0.000D+00  0.000D+00  0.000D+00  0.000D+00  0.000D+00  0.000D+00  0.000D+00
  0.000D+00  0.000D+00  0.000D+00  0.000D+00  0.000D+00  0.000D+00  0.000D+00
  0.000D+00  0.000D+00  0.000D+00  0.000D+00  0.000D+00  0.000D+00  0.000D+00
  0.000D+00  0.000D+00  0.000D+00  0.000D+00  0.000D+00  0.000D+00  0.000D+00
  0.000D+00  0.000D+00  0.000D+00  0.000D+00  0.000D+00  0.000D+00  0.000D+00
  0.000D+00  0.000D+00  0.000D+00  0.000D+00  0.000D+00  0.000D+00  0.000D+00
  0.141D+01  0.136D+01  0.131D+01  0.126D+01  0.120D+01  0.114D+01  0.107D+01
  0.989D+00  0.890D+00  0.759D+00  0.547D+00  0.328D-09  0.316D-09  0.304D-09
  0.293D-09  0.281D-09  0.269D-09  0.258D-09  0.246D-09  0.235D-09  0.223D-09
  0.211D-09  0.200D-09  0.188D-09  0.177D-09  0.165D-09  0.154D-09  0.142D-09
  0.131D-09  0.119D-09  0.164D+00  0.248D+00  0.237D+00  0.209D+00  0.175D+00
  0.138D+00  0.987D-01  0.589D-01  0.186D-01  0.000D+00  0.000D+00  0.000D+00
  0.000D+00  0.000D+00  0.000D+00  0.000D+00  0.000D+00  0.000D+00  0.000D+00
  0.000D+00  0.000D+00  0.000D+00  0.000D+00  0.000D+00  0.000D+00  0.000D+00
  0.935D-10  0.194D-09  0.285D-09  0.367D-09  0.442D-09  0.510D-09  0.572D-09
  0.628D-09  0.678D-09  0.725D-09  0.000D+00  0.000D+00  0.000D+00  0.000D+00
  0.000D+00  0.000D+00  0.000D+00  0.000D+00  0.000D+00  0.000D+00  0.000D+00
  0.000D+00  0.000D+00  0.000D+00  0.000D+00  0.000D+00  0.000D+00  0.000D+00
  0.000D+00  0.000D+00  0.000D+00  0.000D+00  0.000D+00  0.000D+00  0.000D+00
  0.000D+00  0.000D+00  0.000D+00  0.000D+00  0.000D+00  0.000D+00  0.000D+00
  0.000D+00  0.000D+00  0.000D+00  0.000D+00  0.000D+00  0.000D+00  0.000D+00
  0.000D+00  0.000D+00  0.000D+00  0.000D+00  0.000D+00  0.000D+00  0.000D+00
  0.000D+00  0.000D+00  0.000D+00  0.000D+00  0.000D+00  0.000D+00  0.000D+00
  0.000D+00  0.000D+00  0.000D+00  0.000D+00  0.000D+00  0.000D+00  0.000D+00
  0.000D+00  0.000D+00  0.000D+00  0.000D+00  0.000D+00  0.000D+00  0.000D+00
  0.000D+00  0.000D+00  0.000D+00  0.000D+00  0.000D+00  0.000D+00  0.000D+00
  0.000D+00  0.000D+00  0.000D+00  0.000D+00  0.000D+00  0.000D+00  0.000D+00
  0.000D+00  0.000D+00  0.000D+00  0.000D+00  0.000D+00  0.000D+00  0.000D+00
  0.000D+00  0.000D+00  0.140D+01  0.135D+01  0.128D+01  0.121D+01  0.113D+01
  0.103D+01  0.901D+00  0.710D+00  0.345D+00  0.386D-09  0.375D-09  0.363D-09
  0.352D-09  0.340D-09  0.329D-09  0.317D-09  0.306D-09  0.295D-09  0.283D-09
  0.272D-09  0.260D-09  0.249D-09  0.237D-09  0.226D-09  0.215D-09  0.203D-09
  0.192D-09  0.180D-09  0.169D-09  0.326D+00  0.377D+00  0.375D+00  0.355D+00
  0.328D+00  0.297D+00  0.262D+00  0.226D+00  0.189D+00  0.152D+00  0.114D+00
  0.750D-01  0.363D-01  0.000D+00  0.000D+00  0.000D+00  0.000D+00  0.000D+00
  0.000D+00  0.000D+00  0.000D+00  0.000D+00  0.000D+00  0.000D+00  0.000D+00
  0.504D-10  0.153D-09  0.246D-09  0.330D-09  0.407D-09  0.477D-09  0.541D-09
  0.600D-09  0.653D-09  0.701D-09  0.745D-09  0.000D+00  0.000D+00  0.000D+00
  0.000D+00  0.000D+00  0.000D+00  0.000D+00  0.000D+00  0.000D+00  0.000D+00
  0.000D+00  0.000D+00  0.000D+00  0.000D+00  0.000D+00  0.000D+00  0.000D+00
  0.000D+00  0.000D+00  0.000D+00  0.000D+00  0.000D+00  0.000D+00  0.000D+00
  0.000D+00  0.000D+00  0.000D+00  0.000D+00  0.000D+00  0.000D+00  0.000D+00
  0.000D+00  0.000D+00  0.000D+00  0.000D+00  0.000D+00  0.000D+00  0.000D+00
  0.000D+00  0.000D+00  0.000D+00  0.000D+00  0.000D+00  0.000D+00  0.000D+00
  0.000D+00  0.000D+00  0.000D+00  0.000D+00  0.000D+00  0.000D+00  0.000D+00
  0.000D+00  0.000D+00  0.000D+00  0.000D+00  0.000D+00  0.000D+00  0.000D+00
  0.000D+00  0.000D+00  0.000D+00  0.000D+00  0.000D+00  0.000D+00  0.000D+00
  0.000D+00  0.000D+00  0.000D+00  0.000D+00  0.000D+00  0.000D+00  0.000D+00
  0.000D+00  0.000D+00  0.000D+00  0.000D+00  0.000D+00  0.000D+00  0.000D+00
  0.000D+00  0.000D+00  0.000D+00  0.000D+00  0.000D+00  0.000D+00  0.000D+00
  0.000D+00  0.000D+00  0.000D+00  0.139D+01  0.132D+01  0.124D+01  0.113D+01
  0.100D+01  0.817D+00  0.504D+00  0.454D-09  0.443D-09  0.432D-09  0.420D-09
  0.409D-09  0.398D-09  0.386D-09  0.375D-09  0.364D-09  0.352D-09  0.341D-09
  0.330D-09  0.318D-09  0.307D-09  0.296D-09  0.284D-09  0.273D-09  0.262D-09
  0.251D-09  0.239D-09  0.228D-09  0.233D+00  0.443D+00  0.490D+00  0.496D+00
  0.484D+00  0.463D+00  0.436D+00  0.406D+00  0.374D+00  0.341D+00  0.306D+00
  0.271D+00  0.235D+00  0.198D+00  0.161D+00  0.125D+00  0.876D-01  0.503D-01
  0.000D+00  0.000D+00  0.000D+00  0.000D+00  0.000D+00  0.000D+00  0.000D+00
  0.640D-11  0.110D-09  0.205D-09  0.292D-09  0.371D-09  0.443D-09  0.509D-09
  0.570D-09  0.625D-09  0.676D-09  0.722D-09  0.764D-09  0.803D-09  0.000D+00
  0.000D+00  0.000D+00  0.000D+00  0.000D+00  0.000D+00  0.000D+00  0.000D+00
  0.000D+00  0.000D+00  0.000D+00  0.000D+00  0.000D+00  0.000D+00  0.000D+00
  0.000D+00  0.000D+00  0.000D+00  0.000D+00  0.000D+00  0.000D+00  0.000D+00
  0.000D+00  0.000D+00  0.000D+00  0.000D+00  0.000D+00  0.000D+00  0.000D+00
  0.000D+00  0.000D+00  0.000D+00  0.000D+00  0.000D+00  0.000D+00  0.000D+00
  0.000D+00  0.000D+00  0.000D+00  0.000D+00  0.000D+00  0.000D+00  0.000D+00
  0.000D+00  0.000D+00  0.000D+00  0.000D+00  0.000D+00  0.000D+00  0.000D+00
  0.000D+00  0.000D+00  0.000D+00  0.000D+00  0.000D+00  0.000D+00  0.000D+00
  0.000D+00  0.000D+00  0.000D+00  0.000D+00  0.000D+00  0.000D+00  0.000D+00
  0.000D+00  0.000D+00  0.000D+00  0.000D+00  0.000D+00  0.000D+00  0.000D+00
  0.000D+00  0.000D+00  0.000D+00  0.000D+00  0.000D+00  0.000D+00  0.000D+00
  0.000D+00  0.000D+00  0.000D+00  0.000D+00  0.000D+00  0.000D+00  0.000D+00
  0.000D+00  0.000D+00  0.000D+00  0.000D+00  0.130D+01  0.119D+01  0.106D+01
  0.865D+00  0.557D+00  0.520D-09  0.508D-09  0.497D-09  0.486D-09  0.475D-09
  0.464D-09  0.453D-09  0.441D-09  0.430D-09  0.419D-09  0.408D-09  0.397D-09
  0.385D-09  0.374D-09  0.363D-09  0.352D-09  0.341D-09  0.330D-09  0.319D-09
  0.307D-09  0.296D-09  0.285D-09  0.274D-09  0.378D+00  0.537D+00  0.587D+00
  0.600D+00  0.595D+00  0.580D+00  0.559D+00  0.533D+00  0.505D+00  0.474D+00
  0.443D+00  0.410D+00  0.377D+00  0.343D+00  0.308D+00  0.274D+00  0.238D+00
  0.000D+00  0.000D+00  0.000D+00  0.000D+00  0.000D+00  0.000D+00  0.000D+00
  0.000D+00  0.671D-10  0.164D-09  0.252D-09  0.333D-09  0.407D-09  0.475D-09
  0.538D-09  0.595D-09  0.648D-09  0.696D-09  0.741D-09  0.782D-09  0.819D-09
  0.854D-09  0.000D+00  0.000D+00  0.000D+00  0.000D+00  0.000D+00  0.000D+00
  0.000D+00  0.000D+00  0.000D+00  0.000D+00  0.000D+00  0.000D+00  0.000D+00
  0.000D+00  0.000D+00  0.000D+00  0.000D+00  0.000D+00  0.000D+00  0.000D+00
  0.000D+00  0.000D+00  0.000D+00  0.000D+00  0.000D+00  0.000D+00  0.000D+00
  0.000D+00  0.000D+00  0.000D+00  0.000D+00  0.000D+00  0.000D+00  0.000D+00
  0.000D+00  0.000D+00  0.000D+00  0.000D+00  0.000D+00  0.000D+00  0.000D+00
  0.000D+00  0.000D+00  0.000D+00  0.000D+00  0.000D+00  0.000D+00  0.000D+00
  0.000D+00  0.000D+00  0.000D+00  0.000D+00  0.000D+00  0.000D+00  0.000D+00
  0.000D+00  0.000D+00  0.000D+00  0.000D+00  0.000D+00  0.000D+00  0.000D+00
  0.000D+00  0.000D+00  0.000D+00  0.000D+00  0.000D+00  0.000D+00  0.000D+00
  0.000D+00  0.000D+00  0.000D+00  0.000D+00  0.000D+00  0.000D+00  0.000D+00
  0.000D+00  0.000D+00  0.000D+00  0.000D+00  0.000D+00  0.000D+00  0.000D+00
  0.000D+00  0.000D+00  0.000D+00  0.000D+00  0.000D+00  0.104D+01  0.835D+00
  0.499D+00  0.582D-09  0.571D-09  0.560D-09  0.549D-09  0.538D-09  0.527D-09
  0.516D-09  0.505D-09  0.494D-09  0.483D-09  0.472D-09  0.461D-09  0.450D-09
  0.439D-09  0.428D-09  0.417D-09  0.406D-09  0.395D-09  0.384D-09  0.373D-09
  0.362D-09  0.351D-09  0.340D-09  0.329D-09  0.318D-09  0.454D+00  0.607D+00
  0.665D+00  0.687D+00  0.689D+00  0.680D+00  0.663D+00  0.643D+00  0.618D+00
  0.592D+00  0.563D+00  0.533D+00  0.502D+00  0.470D+00  0.438D+00  0.405D+00
  0.000D+00  0.000D+00  0.000D+00  0.000D+00  0.000D+00  0.000D+00  0.000D+00
  0.000D+00  0.228D-10  0.121D-09  0.211D-09  0.294D-09  0.370D-09  0.440D-09
  0.504D-09  0.564D-09  0.619D-09  0.669D-09  0.716D-09  0.758D-09  0.798D-09
  0.834D-09  0.868D-09  0.898D-09  0.000D+00  0.000D+00  0.000D+00  0.000D+00
  0.000D+00  0.000D+00  0.000D+00  0.000D+00  0.000D+00  0.000D+00  0.000D+00
  0.000D+00  0.000D+00  0.000D+00  0.000D+00  0.000D+00  0.000D+00  0.000D+00
  0.000D+00  0.000D+00  0.000D+00  0.000D+00  0.000D+00  0.000D+00  0.000D+00
  0.000D+00  0.000D+00  0.000D+00  0.000D+00  0.000D+00  0.000D+00  0.000D+00
  0.000D+00  0.000D+00  0.000D+00  0.000D+00  0.000D+00  0.000D+00  0.000D+00
  0.000D+00  0.000D+00  0.000D+00  0.000D+00  0.000D+00  0.000D+00  0.000D+00
  0.000D+00  0.000D+00  0.000D+00  0.000D+00  0.000D+00  0.000D+00  0.000D+00
  0.000D+00  0.000D+00  0.000D+00  0.000D+00  0.000D+00  0.000D+00  0.000D+00
  0.000D+00  0.000D+00  0.000D+00  0.000D+00  0.000D+00  0.000D+00  0.000D+00
  0.000D+00  0.000D+00  0.000D+00  0.000D+00  0.000D+00  0.000D+00  0.000D+00
  0.000D+00  0.000D+00  0.000D+00  0.000D+00  0.000D+00  0.000D+00  0.000D+00
  0.000D+00  0.000D+00  0.000D+00  0.000D+00  0.000D+00  0.684D+00  0.267D+00
  0.642D-09  0.631D-09  0.621D-09  0.610D-09  0.599D-09  0.588D-09  0.578D-09
  0.567D-09  0.556D-09  0.545D-09  0.534D-09  0.523D-09  0.513D-09  0.502D-09
  0.491D-09  0.480D-09  0.469D-09  0.458D-09  0.448D-09  0.437D-09  0.426D-09
  0.415D-09  0.404D-09  0.393D-09  0.382D-09  0.372D-09  0.361D-09  0.479D+00
  0.648D+00  0.720D+00  0.752D+00  0.763D+00  0.761D+00  0.750D+00  0.734D+00
  0.714D+00  0.691D+00  0.666D+00  0.638D+00  0.610D+00  0.580D+00  0.550D+00
  0.000D+00  0.000D+00  0.000D+00  0.000D+00  0.000D+00  0.000D+00  0.000D+00
  0.000D+00  0.000D+00  0.773D-10  0.169D-09  0.253D-09  0.331D-09  0.403D-09
  0.470D-09  0.531D-09  0.588D-09  0.640D-09  0.688D-09  0.733D-09  0.774D-09
  0.812D-09  0.848D-09  0.880D-09  0.910D-09  0.938D-09  0.963D-09  0.000D+00
  0.000D+00  0.000D+00  0.000D+00  0.000D+00  0.000D+00  0.000D+00  0.000D+00
  0.000D+00  0.000D+00  0.000D+00  0.000D+00  0.000D+00  0.000D+00  0.000D+00
  0.000D+00  0.000D+00  0.000D+00  0.000D+00  0.000D+00  0.000D+00  0.000D+00
  0.000D+00  0.000D+00  0.000D+00  0.000D+00  0.000D+00  0.000D+00  0.000D+00
  0.000D+00  0.000D+00  0.000D+00  0.000D+00  0.000D+00  0.000D+00  0.000D+00
  0.000D+00  0.000D+00  0.000D+00  0.000D+00  0.000D+00  0.000D+00  0.000D+00
  0.000D+00  0.000D+00  0.000D+00  0.000D+00  0.000D+00  0.000D+00  0.000D+00
  0.000D+00  0.000D+00  0.000D+00  0.000D+00  0.000D+00  0.000D+00  0.000D+00
  0.000D+00  0.000D+00  0.000D+00  0.000D+00  0.000D+00  0.000D+00  0.000D+00
  0.000D+00  0.000D+00  0.000D+00  0.000D+00  0.000D+00  0.000D+00  0.000D+00
  0.000D+00  0.000D+00  0.000D+00  0.000D+00  0.000D+00  0.000D+00  0.000D+00
  0.000D+00  0.000D+00  0.000D+00  0.000D+00  0.000D+00  0.110D+01  0.866D+00
  0.494D+00  0.679D-09  0.668D-09  0.658D-09  0.647D-09  0.636D-09  0.626D-09
  0.615D-09  0.605D-09  0.594D-09  0.583D-09  0.573D-09  0.562D-09  0.551D-09
  0.541D-09  0.530D-09  0.519D-09  0.509D-09  0.498D-09  0.487D-09  0.476D-09
  0.466D-09  0.455D-09  0.444D-09  0.434D-09  0.423D-09  0.503D+00  0.722D+00
  0.821D+00  0.871D+00  0.894D+00  0.901D+00  0.898D+00  0.887D+00  0.872D+00
  0.852D+00  0.829D+00  0.805D+00  0.779D+00  0.751D+00  0.723D+00  0.693D+00
  0.000D+00  0.000D+00  0.000D+00  0.000D+00  0.000D+00  0.000D+00  0.000D+00
  0.000D+00  0.000D+00  0.327D-10  0.126D-09  0.212D-09  0.292D-09  0.365D-09
  0.433D-09  0.496D-09  0.555D-09  0.609D-09  0.659D-09  0.706D-09  0.749D-09
  0.789D-09  0.826D-09  0.860D-09  0.892D-09  0.921D-09  0.948D-09  0.973D-09
  0.996D-09  0.000D+00  0.000D+00  0.000D+00  0.000D+00  0.000D+00  0.000D+00
  0.000D+00  0.000D+00  0.000D+00  0.000D+00  0.000D+00  0.000D+00  0.000D+00
  0.000D+00  0.000D+00  0.000D+00  0.000D+00  0.000D+00  0.000D+00  0.000D+00
  0.000D+00  0.000D+00  0.000D+00  0.000D+00  0.000D+00  0.000D+00  0.000D+00
  0.000D+00  0.000D+00  0.000D+00  0.000D+00  0.000D+00  0.000D+00  0.000D+00
  0.000D+00  0.000D+00  0.000D+00  0.000D+00  0.000D+00  0.000D+00  0.000D+00
  0.000D+00  0.000D+00  0.000D+00  0.000D+00  0.000D+00  0.000D+00  0.000D+00
  0.000D+00  0.000D+00  0.000D+00  0.000D+00  0.000D+00  0.000D+00  0.000D+00
  0.000D+00  0.000D+00  0.000D+00  0.000D+00  0.000D+00  0.000D+00  0.000D+00
  0.000D+00  0.000D+00  0.000D+00  0.000D+00  0.000D+00  0.000D+00  0.000D+00
  0.000D+00  0.000D+00  0.000D+00  0.000D+00  0.000D+00  0.000D+00  0.000D+00
  0.000D+00  0.000D+00  0.000D+00  0.000D+00  0.000D+00  0.137D+01  0.119D+01
  0.948D+00  0.563D+00  0.713D-09  0.703D-09  0.693D-09  0.682D-09  0.672D-09
  0.662D-09  0.651D-09  0.641D-09  0.630D-09  0.620D-09  0.609D-09  0.599D-09
  0.588D-09  0.578D-09  0.567D-09  0.557D-09  0.546D-09  0.536D-09  0.525D-09
  0.515D-09  0.504D-09  0.493D-09  0.483D-09  0.440D+00  0.754D+00  0.894D+00
  0.967D+00  0.101D+01  0.102D+01  0.103D+01  0.103D+01  0.102D+01  0.100D+01
  0.982D+00  0.960D+00  0.937D+00  0.911D+00  0.884D+00  0.856D+00  0.828D+00
  0.000D+00  0.000D+00  0.000D+00  0.000D+00  0.000D+00  0.000D+00  0.000D+00
  0.000D+00  0.000D+00  0.000D+00  0.818D-10  0.169D-09  0.251D-09  0.326D-09
  0.396D-09  0.460D-09  0.521D-09  0.577D-09  0.628D-09  0.677D-09  0.722D-09
  0.763D-09  0.802D-09  0.838D-09  0.871D-09  0.902D-09  0.931D-09  0.957D-09
  0.982D-09  0.100D-08  0.103D-08  0.105D-08  0.000D+00  0.000D+00  0.000D+00
  0.000D+00  0.000D+00  0.000D+00  0.000D+00  0.000D+00  0.000D+00  0.000D+00
  0.000D+00  0.000D+00  0.000D+00  0.000D+00  0.000D+00  0.000D+00  0.000D+00
  0.000D+00  0.000D+00  0.000D+00  0.000D+00  0.000D+00  0.000D+00  0.000D+00
  0.000D+00  0.000D+00  0.000D+00  0.000D+00  0.000D+00  0.000D+00  0.000D+00
  0.000D+00  0.000D+00  0.000D+00  0.000D+00  0.000D+00  0.000D+00  0.000D+00
  0.000D+00  0.000D+00  0.000D+00  0.000D+00  0.000D+00  0.000D+00  0.000D+00
  0.000D+00  0.000D+00  0.000D+00  0.000D+00  0.000D+00  0.000D+00  0.000D+00
  0.000D+00  0.000D+00  0.000D+00  0.000D+00  0.000D+00  0.000D+00  0.000D+00
  0.000D+00  0.000D+00  0.000D+00  0.000D+00  0.000D+00  0.000D+00  0.000D+00
  0.000D+00  0.000D+00  0.000D+00  0.000D+00  0.000D+00  0.000D+00  0.000D+00
  0.000D+00  0.000D+00  0.000D+00  0.000D+00  0.168D+01  0.157D+01  0.142D+01
  0.123D+01  0.952D+00  0.509D+00  0.747D-09  0.736D-09  0.726D-09  0.716D-09
  0.706D-09  0.696D-09  0.685D-09  0.675D-09  0.665D-09  0.655D-09  0.644D-09
  0.634D-09  0.624D-09  0.613D-09  0.603D-09  0.593D-09  0.582D-09  0.572D-09
  0.561D-09  0.551D-09  0.541D-09  0.208D+00  0.718D+00  0.926D+00  0.104D+01
  0.110D+01  0.113D+01  0.115D+01  0.115D+01  0.115D+01  0.114D+01  0.112D+01
  0.110D+01  0.108D+01  0.106D+01  0.104D+01  0.101D+01  0.983D+00  0.954D+00
  0.000D+00  0.000D+00  0.000D+00  0.000D+00  0.000D+00  0.000D+00  0.000D+00
  0.000D+00  0.000D+00  0.000D+00  0.000D+00  0.126D-09  0.208D-09  0.285D-09
  0.357D-09  0.423D-09  0.485D-09  0.543D-09  0.475D+00  0.702D+00  0.704D+00
  0.485D+00  0.776D-09  0.814D-09  0.849D-09  0.881D-09  0.912D-09  0.940D-09
  0.966D-09  0.990D-09  0.101D-08  0.103D-08  0.105D-08  0.743D-06  0.480D+00
  0.970D+00  0.000D+00  0.000D+00  0.000D+00  0.000D+00  0.000D+00  0.000D+00
  0.000D+00  0.000D+00  0.000D+00  0.000D+00  0.000D+00  0.000D+00  0.000D+00
  0.000D+00  0.000D+00  0.000D+00  0.000D+00  0.000D+00  0.000D+00  0.000D+00
  0.000D+00  0.000D+00  0.000D+00  0.000D+00  0.000D+00  0.000D+00  0.000D+00
  0.000D+00  0.000D+00  0.000D+00  0.000D+00  0.000D+00  0.000D+00  0.000D+00
  0.000D+00  0.000D+00  0.000D+00  0.000D+00  0.000D+00  0.000D+00  0.000D+00
  0.000D+00  0.000D+00  0.000D+00  0.000D+00  0.000D+00  0.000D+00  0.000D+00
  0.000D+00  0.000D+00  0.000D+00  0.000D+00  0.000D+00  0.000D+00  0.000D+00
  0.000D+00  0.000D+00  0.000D+00  0.000D+00  0.000D+00  0.000D+00  0.000D+00
  0.000D+00  0.000D+00  0.000D+00  0.000D+00  0.000D+00  0.000D+00  0.000D+00
  0.000D+00  0.000D+00  0.199D+01  0.192D+01  0.183D+01  0.172D+01  0.159D+01
  0.142D+01  0.120D+01  0.872D+00  0.301D+00  0.778D-09  0.768D-09  0.758D-09
  0.748D-09  0.738D-09  0.728D-09  0.718D-09  0.708D-09  0.698D-09  0.688D-09
  0.678D-09  0.668D-09  0.658D-09  0.647D-09  0.637D-09  0.627D-09  0.617D-09
  0.607D-09  0.596D-09  0.586D-09  0.569D+00  0.900D+00  0.106D+01  0.116D+01
  0.121D+01  0.124D+01  0.126D+01  0.126D+01  0.126D+01  0.125D+01  0.123D+01
  0.122D+01  0.120D+01  0.118D+01  0.115D+01  0.113D+01  0.110D+01  0.107D+01
  0.000D+00  0.000D+00  0.000D+00  0.000D+00  0.000D+00  0.000D+00  0.000D+00
  0.000D+00  0.000D+00  0.000D+00  0.000D+00  0.140D+00  0.187D+00  0.244D-09
  0.317D-09  0.385D-09  0.419D+00  0.982D+00  0.127D+01  0.141D+01  0.143D+01
  0.132D+01  0.104D+01  0.457D+00  0.824D-09  0.859D-09  0.890D-09  0.920D-09
  0.947D-09  0.973D-09  0.997D-09  0.102D-08  0.722D-06  0.721D+00  0.128D+01
  0.161D+01  0.180D+01  0.189D+01  0.189D+01  0.180D+01  0.000D+00  0.000D+00
  0.000D+00  0.000D+00  0.000D+00  0.000D+00  0.000D+00  0.000D+00  0.000D+00
  0.000D+00  0.000D+00  0.000D+00  0.000D+00  0.000D+00  0.000D+00  0.000D+00
  0.000D+00  0.000D+00  0.000D+00  0.000D+00  0.000D+00  0.000D+00  0.000D+00
  0.000D+00  0.000D+00  0.000D+00  0.000D+00  0.000D+00  0.000D+00  0.000D+00
  0.000D+00  0.000D+00  0.000D+00  0.000D+00  0.000D+00  0.000D+00  0.000D+00
  0.000D+00  0.000D+00  0.000D+00  0.000D+00  0.000D+00  0.000D+00  0.000D+00
  0.000D+00  0.000D+00  0.000D+00  0.000D+00  0.000D+00  0.000D+00  0.000D+00
  0.000D+00  0.000D+00  0.000D+00  0.000D+00  0.000D+00  0.000D+00  0.000D+00
  0.000D+00  0.000D+00  0.000D+00  0.000D+00  0.000D+00  0.000D+00  0.000D+00
  0.222D+01  0.217D+01  0.210D+01  0.203D+01  0.195D+01  0.185D+01  0.172D+01
  0.157D+01  0.138D+01  0.110D+01  0.676D+00  0.818D-09  0.808D-09  0.798D-09
  0.789D-09  0.779D-09  0.769D-09  0.759D-09  0.749D-09  0.740D-09  0.730D-09
  0.720D-09  0.710D-09  0.700D-09  0.690D-09  0.680D-09  0.670D-09  0.660D-09
  0.650D-09  0.640D-09  0.153D+00  0.776D+00  0.104D+01  0.118D+01  0.126D+01
  0.131D+01  0.134D+01  0.136D+01  0.136D+01  0.136D+01  0.135D+01  0.134D+01
  0.132D+01  0.131D+01  0.128D+01  0.126D+01  0.124D+01  0.121D+01  0.118D+01
  0.000D+00  0.000D+00  0.000D+00  0.000D+00  0.000D+00  0.000D+00  0.000D+00
  0.000D+00  0.000D+00  0.000D+00  0.000D+00  0.000D+00  0.436D+00  0.303D+00
  0.275D-09  0.401D+00  0.103D+01  0.137D+01  0.158D+01  0.172D+01  0.176D+01
  0.171D+01  0.154D+01  0.117D+01  0.462D+00  0.834D-09  0.867D-09  0.898D-09
  0.927D-09  0.954D-09  0.980D-09  0.100D-08  0.626D+00  0.132D+01  0.174D+01
  0.199D+01  0.215D+01  0.222D+01  0.221D+01  0.214D+01  0.199D+01  0.174D+01
  0.137D+01  0.798D+00  0.826D-06  0.000D+00  0.000D+00  0.000D+00  0.000D+00
  0.000D+00  0.000D+00  0.000D+00  0.000D+00  0.000D+00  0.000D+00  0.000D+00
  0.000D+00  0.000D+00  0.000D+00  0.000D+00  0.000D+00  0.000D+00  0.000D+00
  0.000D+00  0.000D+00  0.000D+00  0.000D+00  0.000D+00  0.000D+00  0.000D+00
  0.000D+00  0.000D+00  0.000D+00  0.000D+00  0.000D+00  0.000D+00  0.000D+00
  0.000D+00  0.000D+00  0.000D+00  0.000D+00  0.000D+00  0.000D+00  0.000D+00
  0.000D+00  0.000D+00  0.000D+00  0.000D+00  0.000D+00  0.000D+00  0.000D+00
  0.000D+00  0.000D+00  0.000D+00  0.000D+00  0.000D+00  0.000D+00  0.000D+00
  0.000D+00  0.000D+00  0.000D+00  0.243D+01  0.241D+01  0.239D+01  0.235D+01
  0.231D+01  0.226D+01  0.220D+01  0.213D+01  0.205D+01  0.195D+01  0.183D+01
  0.169D+01  0.151D+01  0.126D+01  0.903D+00  0.265D+00  0.846D-09  0.837D-09
  0.827D-09  0.818D-09  0.808D-09  0.798D-09  0.789D-09  0.779D-09  0.769D-09
  0.760D-09  0.750D-09  0.740D-09  0.730D-09  0.721D-09  0.711D-09  0.701D-09
  0.691D-09  0.681D-09  0.447D+00  0.917D+00  0.114D+01  0.127D+01  0.135D+01
  0.140D+01  0.143D+01  0.145D+01  0.146D+01  0.146D+01  0.145D+01  0.144D+01
  0.142D+01  0.141D+01  0.139D+01  0.136D+01  0.134D+01  0.131D+01  0.129D+01
  0.000D+00  0.000D+00  0.000D+00  0.000D+00  0.000D+00  0.000D+00  0.000D+00
  0.000D+00  0.000D+00  0.000D+00  0.000D+00  0.000D+00  0.583D-03  0.543D+00
  0.233D-09  0.826D+00  0.122D+01  0.149D+01  0.170D+01  0.184D+01  0.191D+01
  0.190D+01  0.178D+01  0.153D+01  0.103D+01  0.649D-06  0.842D-09  0.875D-09
  0.905D-09  0.934D-09  0.960D-09  0.135D+00  0.113D+01  0.167D+01  0.201D+01
  0.223D+01  0.235D+01  0.241D+01  0.241D+01  0.235D+01  0.221D+01  0.200D+01
  0.169D+01  0.121D+01  0.447D+00  0.120D-08  0.120D-08  0.121D-08  0.122D-08
  0.122D-08  0.000D+00  0.000D+00  0.000D+00  0.000D+00  0.000D+00  0.000D+00
  0.000D+00  0.000D+00  0.000D+00  0.000D+00  0.000D+00  0.000D+00  0.000D+00
  0.000D+00  0.000D+00  0.000D+00  0.000D+00  0.000D+00  0.000D+00  0.000D+00
  0.000D+00  0.000D+00  0.000D+00  0.000D+00  0.000D+00  0.000D+00  0.000D+00
  0.000D+00  0.000D+00  0.000D+00  0.000D+00  0.000D+00  0.000D+00  0.000D+00
  0.000D+00  0.000D+00  0.000D+00  0.000D+00  0.000D+00  0.000D+00  0.000D+00
  0.000D+00  0.000D+00  0.000D+00  0.000D+00  0.000D+00  0.000D+00  0.247D+01
  0.250D+01  0.251D+01  0.251D+01  0.251D+01  0.249D+01  0.246D+01  0.243D+01
  0.239D+01  0.234D+01  0.228D+01  0.221D+01  0.213D+01  0.203D+01  0.192D+01
  0.178D+01  0.160D+01  0.138D+01  0.105D+01  0.511D+00  0.882D-09  0.873D-09
  0.864D-09  0.855D-09  0.845D-09  0.836D-09  0.826D-09  0.817D-09  0.807D-09
  0.798D-09  0.788D-09  0.779D-09  0.769D-09  0.760D-09  0.750D-09  0.740D-09
  0.731D-09  0.721D-09  0.612D+00  0.102D+01  0.123D+01  0.135D+01  0.143D+01
  0.148D+01  0.152D+01  0.153D+01  0.154D+01  0.154D+01  0.154D+01  0.153D+01
  0.151D+01  0.150D+01  0.148D+01  0.146D+01  0.143D+01  0.141D+01  0.138D+01
  0.000D+00  0.000D+00  0.000D+00  0.000D+00  0.000D+00  0.000D+00  0.000D+00
  0.000D+00  0.000D+00  0.000D+00  0.000D+00  0.000D+00  0.000D+00  0.364D+00
  0.429D+00  0.899D+00  0.123D+01  0.149D+01  0.170D+01  0.185D+01  0.194D+01
  0.196D+01  0.189D+01  0.170D+01  0.132D+01  0.551D+00  0.816D-09  0.850D-09
  0.882D-09  0.911D-09  0.939D-09  0.617D+00  0.140D+01  0.186D+01  0.216D+01
  0.235D+01  0.247D+01  0.252D+01  0.252D+01  0.246D+01  0.234D+01  0.215D+01
  0.187D+01  0.144D+01  0.791D+00  0.119D-08  0.120D-08  0.121D-08  0.122D-08
  0.122D-08  0.123D-08  0.123D-08  0.124D-08  0.124D-08  0.124D-08  0.475D+00
  0.133D+01  0.185D+01  0.220D+01  0.000D+00  0.000D+00  0.000D+00  0.000D+00
  0.000D+00  0.000D+00  0.000D+00  0.000D+00  0.000D+00  0.000D+00  0.000D+00
  0.000D+00  0.000D+00  0.000D+00  0.000D+00  0.000D+00  0.000D+00  0.000D+00
  0.000D+00  0.000D+00  0.000D+00  0.000D+00  0.000D+00  0.000D+00  0.000D+00
  0.000D+00  0.000D+00  0.000D+00  0.000D+00  0.000D+00  0.000D+00  0.135D+01
  0.175D+01  0.201D+01  0.220D+01  0.233D+01  0.242D+01  0.249D+01  0.253D+01
  0.256D+01  0.257D+01  0.257D+01  0.256D+01  0.255D+01  0.252D+01  0.249D+01
  0.245D+01  0.240D+01  0.234D+01  0.227D+01  0.219D+01  0.209D+01  0.198D+01
  0.184D+01  0.167D+01  0.145D+01  0.114D+01  0.650D+00  0.917D-09  0.908D-09
  0.899D-09  0.890D-09  0.880D-09  0.871D-09  0.862D-09  0.853D-09  0.844D-09
  0.834D-09  0.825D-09  0.816D-09  0.806D-09  0.797D-09  0.788D-09  0.778D-09
  0.769D-09  0.759D-09  0.709D+00  0.109D+01  0.129D+01  0.142D+01  0.150D+01
  0.155D+01  0.159D+01  0.161D+01  0.162D+01  0.162D+01  0.162D+01  0.161D+01
  0.160D+01  0.158D+01  0.156D+01  0.154D+01  0.152D+01  0.150D+01  0.147D+01
  0.000D+00  0.000D+00  0.000D+00  0.000D+00  0.000D+00  0.000D+00  0.000D+00
  0.000D+00  0.000D+00  0.000D+00  0.000D+00  0.000D+00  0.000D+00  0.000D+00
  0.456D+00  0.822D+00  0.114D+01  0.140D+01  0.162D+01  0.179D+01  0.190D+01
  0.194D+01  0.191D+01  0.176D+01  0.144D+01  0.806D+00  0.788D-09  0.823D-09
  0.856D-09  0.887D-09  0.917D-09  0.848D+00  0.154D+01  0.195D+01  0.222D+01
  0.240D+01  0.251D+01  0.256D+01  0.256D+01  0.251D+01  0.240D+01  0.222D+01
  0.195D+01  0.156D+01  0.961D+00  0.824D-06  0.120D-08  0.120D-08  0.121D-08
  0.122D-08  0.123D-08  0.123D-08  0.124D-08  0.124D-08  0.125D-08  0.641D+00
  0.143D+01  0.192D+01  0.225D+01  0.248D+01  0.264D+01  0.275D+01  0.282D+01
  0.285D+01  0.286D+01  0.285D+01  0.280D+01  0.273D+01  0.263D+01  0.250D+01
  0.233D+01  0.211D+01  0.181D+01  0.140D+01  0.784D+00  0.124D-08  0.123D-08
  0.123D-08  0.122D-08  0.122D-08  0.121D-08  0.121D-08  0.120D-08  0.120D-08
  0.119D-08  0.119D-08  0.118D-08  0.118D-08  0.117D-08  0.783D+00  0.141D+01
  0.180D+01  0.205D+01  0.224D+01  0.236D+01  0.246D+01  0.253D+01  0.257D+01
  0.260D+01  0.261D+01  0.262D+01  0.261D+01  0.259D+01  0.256D+01  0.253D+01
  0.249D+01  0.244D+01  0.238D+01  0.231D+01  0.223D+01  0.214D+01  0.202D+01
  0.189D+01  0.172D+01  0.149D+01  0.119D+01  0.710D+00  0.949D-09  0.940D-09
  0.932D-09  0.923D-09  0.914D-09  0.905D-09  0.896D-09  0.887D-09  0.878D-09
  0.869D-09  0.860D-09  0.851D-09  0.842D-09  0.832D-09  0.823D-09  0.814D-09
  0.805D-09  0.795D-09  0.755D+00  0.113D+01  0.134D+01  0.147D+01  0.156D+01
  0.161D+01  0.165D+01  0.167D+01  0.168D+01  0.169D+01  0.169D+01  0.168D+01
  0.167D+01  0.166D+01  0.164D+01  0.162D+01  0.160D+01  0.158D+01  0.155D+01
  0.000D+00  0.000D+00  0.000D+00  0.000D+00  0.000D+00  0.000D+00  0.000D+00
  0.000D+00  0.000D+00  0.000D+00  0.000D+00  0.000D+00  0.000D+00  0.000D+00
  0.149D+00  0.657D+00  0.988D+00  0.127D+01  0.150D+01  0.168D+01  0.181D+01
  0.187D+01  0.186D+01  0.174D+01  0.146D+01  0.887D+00  0.758D-09  0.795D-09
  0.829D-09  0.862D-09  0.892D-09  0.919D+00  0.156D+01  0.196D+01  0.222D+01
  0.239D+01  0.249D+01  0.254D+01  0.255D+01  0.250D+01  0.239D+01  0.222D+01
  0.196D+01  0.158D+01  0.100D+01  0.818D-06  0.119D-08  0.120D-08  0.121D-08
  0.122D-08  0.122D-08  0.123D-08  0.124D-08  0.124D-08  0.125D-08  0.674D+00
  0.145D+01  0.193D+01  0.225D+01  0.248D+01  0.264D+01  0.274D+01  0.281D+01
  0.285D+01  0.286D+01  0.284D+01  0.280D+01  0.273D+01  0.263D+01  0.250D+01
  0.233D+01  0.211D+01  0.181D+01  0.140D+01  0.793D+00  0.125D-08  0.125D-08
  0.124D-08  0.124D-08  0.124D-08  0.123D-08  0.123D-08  0.122D-08  0.122D-08
  0.121D-08  0.121D-08  0.120D-08  0.120D-08  0.119D-08  0.783D+00  0.141D+01
  0.180D+01  0.206D+01  0.225D+01  0.238D+01  0.247D+01  0.254D+01  0.259D+01
  0.262D+01  0.264D+01  0.264D+01  0.263D+01  0.262D+01  0.260D+01  0.256D+01
  0.252D+01  0.247D+01  0.241D+01  0.234D+01  0.226D+01  0.216D+01  0.205D+01
  0.191D+01  0.173D+01  0.151D+01  0.119D+01  0.706D+00  0.980D-09  0.971D-09
  0.963D-09  0.954D-09  0.946D-09  0.937D-09  0.928D-09  0.920D-09  0.911D-09
  0.902D-09  0.893D-09  0.884D-09  0.875D-09  0.866D-09  0.857D-09  0.848D-09
  0.839D-09  0.830D-09  0.757D+00  0.115D+01  0.137D+01  0.151D+01  0.160D+01
  0.166D+01  0.170D+01  0.173D+01  0.174D+01  0.175D+01  0.175D+01  0.175D+01
  0.174D+01  0.172D+01  0.171D+01  0.169D+01  0.167D+01  0.165D+01  0.162D+01
  0.000D+00  0.000D+00  0.000D+00  0.000D+00  0.000D+00  0.000D+00  0.000D+00
  0.000D+00  0.000D+00  0.000D+00  0.000D+00  0.000D+00  0.000D+00  0.000D+00
  0.000D+00  0.414D+00  0.791D+00  0.109D+01  0.134D+01  0.154D+01  0.168D+01
  0.176D+01  0.176D+01  0.166D+01  0.140D+01  0.838D+00  0.727D-09  0.765D-09
  0.801D-09  0.834D-09  0.866D-09  0.860D+00  0.151D+01  0.190D+01  0.215D+01
  0.232D+01  0.243D+01  0.248D+01  0.248D+01  0.243D+01  0.233D+01  0.216D+01
  0.190D+01  0.152D+01  0.928D+00  0.117D-08  0.118D-08  0.119D-08  0.120D-08
  0.121D-08  0.122D-08  0.123D-08  0.123D-08  0.124D-08  0.125D-08  0.581D+00
  0.138D+01  0.187D+01  0.220D+01  0.243D+01  0.259D+01  0.270D+01  0.277D+01
  0.281D+01  0.282D+01  0.281D+01  0.276D+01  0.270D+01  0.260D+01  0.246D+01
  0.229D+01  0.206D+01  0.176D+01  0.134D+01  0.704D+00  0.126D-08  0.126D-08
  0.126D-08  0.125D-08  0.125D-08  0.125D-08  0.124D-08  0.124D-08  0.123D-08
  0.123D-08  0.123D-08  0.122D-08  0.122D-08  0.121D-08  0.698D+00  0.136D+01
  0.177D+01  0.204D+01  0.223D+01  0.237D+01  0.247D+01  0.254D+01  0.259D+01
  0.263D+01  0.264D+01  0.265D+01  0.265D+01  0.263D+01  0.261D+01  0.258D+01
  0.253D+01  0.248D+01  0.242D+01  0.235D+01  0.227D+01  0.217D+01  0.205D+01
  0.190D+01  0.172D+01  0.149D+01  0.115D+01  0.633D+00  0.101D-08  0.100D-08
  0.992D-09  0.984D-09  0.976D-09  0.967D-09  0.959D-09  0.950D-09  0.942D-09
  0.933D-09  0.925D-09  0.916D-09  0.907D-09  0.898D-09  0.890D-09  0.881D-09
  0.872D-09  0.863D-09  0.708D+00  0.113D+01  0.137D+01  0.152D+01  0.162D+01
  0.169D+01  0.174D+01  0.177D+01  0.179D+01  0.180D+01  0.180D+01  0.180D+01
  0.179D+01  0.178D+01  0.177D+01  0.175D+01  0.173D+01  0.171D+01  0.169D+01
  0.000D+00  0.000D+00  0.000D+00  0.000D+00  0.000D+00  0.000D+00  0.000D+00
  0.000D+00  0.000D+00  0.000D+00  0.000D+00  0.000D+00  0.000D+00  0.000D+00
  0.000D+00  0.000D+00  0.552D+00  0.889D+00  0.116D+01  0.137D+01  0.152D+01
  0.161D+01  0.162D+01  0.153D+01  0.127D+01  0.661D+00  0.695D-09  0.734D-09
  0.771D-09  0.806D-09  0.838D-09  0.666D+00  0.136D+01  0.177D+01  0.203D+01
  0.221D+01  0.232D+01  0.237D+01  0.237D+01  0.232D+01  0.222D+01  0.204D+01
  0.177D+01  0.137D+01  0.731D+00  0.116D-08  0.117D-08  0.118D-08  0.119D-08
  0.120D-08  0.121D-08  0.122D-08  0.123D-08  0.124D-08  0.124D-08  0.350D+00
  0.123D+01  0.175D+01  0.210D+01  0.234D+01  0.251D+01  0.262D+01  0.270D+01
  0.274D+01  0.275D+01  0.274D+01  0.270D+01  0.263D+01  0.253D+01  0.239D+01
  0.221D+01  0.197D+01  0.165D+01  0.120D+01  0.503D+00  0.127D-08  0.127D-08
  0.127D-08  0.127D-08  0.126D-08  0.126D-08  0.126D-08  0.125D-08  0.125D-08
  0.125D-08  0.124D-08  0.124D-08  0.123D-08  0.123D-08  0.513D+00  0.125D+01
  0.169D+01  0.198D+01  0.219D+01  0.234D+01  0.244D+01  0.252D+01  0.258D+01
  0.261D+01  0.264D+01  0.264D+01  0.264D+01  0.263D+01  0.260D+01  0.257D+01
  0.253D+01  0.248D+01  0.242D+01  0.234D+01  0.226D+01  0.215D+01  0.203D+01
  0.188D+01  0.168D+01  0.143D+01  0.106D+01  0.477D+00  0.104D-08  0.103D-08
  0.102D-08  0.101D-08  0.100D-08  0.996D-09  0.988D-09  0.979D-09  0.971D-09
  0.963D-09  0.954D-09  0.946D-09  0.937D-09  0.929D-09  0.920D-09  0.912D-09
  0.903D-09  0.894D-09  0.595D+00  0.108D+01  0.135D+01  0.152D+01  0.163D+01
  0.171D+01  0.176D+01  0.180D+01  0.182D+01  0.184D+01  0.185D+01  0.185D+01
  0.184D+01  0.183D+01  0.182D+01  0.180D+01  0.179D+01  0.176D+01  0.174D+01
  0.000D+00  0.000D+00  0.000D+00  0.000D+00  0.000D+00  0.000D+00  0.000D+00
  0.000D+00  0.000D+00  0.000D+00  0.000D+00  0.000D+00  0.000D+00  0.000D+00
  0.000D+00  0.000D+00  0.240D+00  0.657D+00  0.951D+00  0.118D+01  0.134D+01
  0.144D+01  0.145D+01  0.135D+01  0.105D+01  0.298D+00  0.661D-09  0.701D-09
  0.739D-09  0.775D-09  0.809D-09  0.288D+00  0.111D+01  0.156D+01  0.185D+01
  0.204D+01  0.215D+01  0.221D+01  0.221D+01  0.216D+01  0.204D+01  0.185D+01
  0.156D+01  0.111D+01  0.372D+00  0.114D-08  0.116D-08  0.117D-08  0.118D-08
  0.119D-08  0.120D-08  0.121D-08  0.122D-08  0.123D-08  0.124D-08  0.863D-06
  0.964D+00  0.155D+01  0.193D+01  0.220D+01  0.238D+01  0.251D+01  0.259D+01
  0.263D+01  0.265D+01  0.264D+01  0.259D+01  0.252D+01  0.241D+01  0.227D+01
  0.208D+01  0.182D+01  0.147D+01  0.963D+00  0.142D+00  0.128D-08  0.128D-08
  0.128D-08  0.128D-08  0.127D-08  0.127D-08  0.127D-08  0.127D-08  0.126D-08
  0.126D-08  0.126D-08  0.125D-08  0.125D-08  0.124D-08  0.186D+00  0.106D+01
  0.156D+01  0.188D+01  0.211D+01  0.227D+01  0.239D+01  0.248D+01  0.254D+01
  0.258D+01  0.261D+01  0.262D+01  0.262D+01  0.260D+01  0.258D+01  0.255D+01
  0.251D+01  0.246D+01  0.239D+01  0.232D+01  0.223D+01  0.212D+01  0.198D+01
  0.182D+01  0.161D+01  0.132D+01  0.907D+00  0.195D+00  0.106D-08  0.105D-08
  0.105D-08  0.104D-08  0.103D-08  0.102D-08  0.101D-08  0.101D-08  0.999D-09
  0.991D-09  0.982D-09  0.974D-09  0.966D-09  0.958D-09  0.949D-09  0.941D-09
  0.933D-09  0.924D-09  0.389D+00  0.987D+00  0.130D+01  0.150D+01  0.162D+01
  0.171D+01  0.178D+01  0.182D+01  0.185D+01  0.187D+01  0.188D+01  0.188D+01
  0.188D+01  0.187D+01  0.186D+01  0.185D+01  0.183D+01  0.181D+01  0.179D+01
  0.000D+00  0.000D+00  0.000D+00  0.000D+00  0.000D+00  0.000D+00  0.000D+00
  0.000D+00  0.000D+00  0.000D+00  0.000D+00  0.000D+00  0.000D+00  0.000D+00
  0.000D+00  0.000D+00  0.000D+00  0.387D+00  0.727D+00  0.971D+00  0.114D+01
  0.124D+01  0.125D+01  0.111D+01  0.711D+00  0.582D-09  0.626D-09  0.667D-09
  0.706D-09  0.744D-09  0.779D-09  0.812D-09  0.718D+00  0.127D+01  0.159D+01
  0.180D+01  0.192D+01  0.198D+01  0.199D+01  0.193D+01  0.180D+01  0.159D+01
  0.125D+01  0.709D+00  0.774D-06  0.113D-08  0.114D-08  0.116D-08  0.117D-08
  0.118D-08  0.119D-08  0.120D-08  0.121D-08  0.122D-08  0.123D-08  0.124D-08
  0.548D+00  0.125D+01  0.170D+01  0.199D+01  0.220D+01  0.234D+01  0.243D+01
  0.249D+01  0.250D+01  0.249D+01  0.245D+01  0.237D+01  0.226D+01  0.210D+01
  0.189D+01  0.160D+01  0.120D+01  0.593D+00  0.129D-08  0.129D-08  0.129D-08
  0.129D-08  0.129D-08  0.128D-08  0.128D-08  0.128D-08  0.128D-08  0.127D-08
  0.127D-08  0.127D-08  0.126D-08  0.126D-08  0.126D-08  0.125D-08  0.761D+00
  0.135D+01  0.173D+01  0.199D+01  0.217D+01  0.231D+01  0.241D+01  0.247D+01
  0.252D+01  0.255D+01  0.257D+01  0.257D+01  0.256D+01  0.254D+01  0.251D+01
  0.247D+01  0.241D+01  0.235D+01  0.227D+01  0.217D+01  0.205D+01  0.191D+01
  0.172D+01  0.148D+01  0.115D+01  0.651D+00  0.109D-08  0.109D-08  0.108D-08
  0.107D-08  0.106D-08  0.106D-08  0.105D-08  0.104D-08  0.103D-08  0.102D-08
  0.102D-08  0.101D-08  0.100D-08  0.993D-09  0.985D-09  0.977D-09  0.969D-09
  0.960D-09  0.952D-09  0.852D-02  0.824D+00  0.121D+01  0.144D+01  0.159D+01
  0.170D+01  0.177D+01  0.182D+01  0.186D+01  0.188D+01  0.190D+01  0.190D+01
  0.190D+01  0.190D+01  0.189D+01  0.188D+01  0.186D+01  0.185D+01  0.183D+01
  0.000D+00  0.000D+00  0.000D+00  0.000D+00  0.000D+00  0.000D+00  0.000D+00
  0.000D+00  0.000D+00  0.000D+00  0.000D+00  0.000D+00  0.000D+00  0.000D+00
  0.000D+00  0.000D+00  0.000D+00  0.000D+00  0.484D+00  0.752D+00  0.928D+00
  0.101D+01  0.984D+00  0.757D+00  0.143D-05  0.545D-09  0.589D-09  0.632D-09
  0.672D-09  0.711D-09  0.747D-09  0.782D-09  0.654D-06  0.806D+00  0.122D+01
  0.147D+01  0.162D+01  0.169D+01  0.168D+01  0.161D+01  0.146D+01  0.120D+01
  0.770D+00  0.127D-04  0.110D-08  0.111D-08  0.113D-08  0.114D-08  0.116D-08
  0.117D-08  0.118D-08  0.119D-08  0.120D-08  0.121D-08  0.122D-08  0.123D-08
  0.859D-06  0.808D+00  0.135D+01  0.171D+01  0.195D+01  0.211D+01  0.222D+01
  0.228D+01  0.231D+01  0.230D+01  0.225D+01  0.216D+01  0.204D+01  0.186D+01
  0.162D+01  0.128D+01  0.787D+00  0.374D-05  0.130D-08  0.130D-08  0.129D-08
  0.129D-08  0.129D-08  0.129D-08  0.129D-08  0.129D-08  0.129D-08  0.128D-08
  0.128D-08  0.128D-08  0.127D-08  0.127D-08  0.127D-08  0.126D-08  0.284D+00
  0.105D+01  0.151D+01  0.182D+01  0.203D+01  0.219D+01  0.230D+01  0.238D+01
  0.244D+01  0.247D+01  0.249D+01  0.250D+01  0.249D+01  0.247D+01  0.244D+01
  0.240D+01  0.234D+01  0.227D+01  0.219D+01  0.208D+01  0.195D+01  0.179D+01
  0.158D+01  0.130D+01  0.895D+00  0.229D+00  0.111D-08  0.111D-08  0.110D-08
  0.109D-08  0.109D-08  0.108D-08  0.107D-08  0.106D-08  0.106D-08  0.105D-08
  0.104D-08  0.103D-08  0.103D-08  0.102D-08  0.101D-08  0.100D-08  0.995D-09
  0.987D-09  0.979D-09  0.971D-09  0.554D+00  0.106D+01  0.135D+01  0.153D+01
  0.166D+01  0.175D+01  0.181D+01  0.185D+01  0.188D+01  0.190D+01  0.191D+01
  0.192D+01  0.192D+01  0.191D+01  0.190D+01  0.189D+01  0.187D+01  0.185D+01
  0.000D+00  0.000D+00  0.000D+00  0.000D+00  0.000D+00  0.000D+00  0.000D+00
  0.000D+00  0.000D+00  0.000D+00  0.000D+00  0.000D+00  0.000D+00  0.000D+00
  0.000D+00  0.000D+00  0.000D+00  0.000D+00  0.000D+00  0.523D+00  0.686D+00
  0.728D+00  0.589D+00  0.282D-06  0.458D-09  0.506D-09  0.552D-09  0.595D-09
  0.637D-09  0.676D-09  0.714D-09  0.749D-09  0.783D-09  0.566D-06  0.642D+00
  0.987D+00  0.118D+01  0.126D+01  0.126D+01  0.116D+01  0.954D+00  0.591D+00
  0.300D-05  0.106D-08  0.108D-08  0.109D-08  0.111D-08  0.113D-08  0.114D-08
  0.115D-08  0.117D-08  0.118D-08  0.119D-08  0.120D-08  0.121D-08  0.122D-08
  0.123D-08  0.694D-01  0.846D+00  0.130D+01  0.160D+01  0.181D+01  0.194D+01
  0.201D+01  0.204D+01  0.203D+01  0.198D+01  0.188D+01  0.174D+01  0.153D+01
  0.123D+01  0.802D+00  0.121D+00  0.130D-08  0.130D-08  0.130D-08  0.130D-08
  0.130D-08  0.130D-08  0.130D-08  0.130D-08  0.129D-08  0.129D-08  0.129D-08
  0.129D-08  0.129D-08  0.128D-08  0.128D-08  0.128D-08  0.127D-08  0.127D-08
  0.592D+00  0.119D+01  0.157D+01  0.183D+01  0.202D+01  0.215D+01  0.225D+01
  0.232D+01  0.236D+01  0.239D+01  0.240D+01  0.240D+01  0.238D+01  0.235D+01
  0.230D+01  0.224D+01  0.216D+01  0.207D+01  0.195D+01  0.180D+01  0.161D+01
  0.136D+01  0.102D+01  0.478D+00  0.114D-08  0.113D-08  0.113D-08  0.112D-08
  0.111D-08  0.111D-08  0.110D-08  0.109D-08  0.109D-08  0.108D-08  0.107D-08
  0.106D-08  0.106D-08  0.105D-08  0.104D-08  0.103D-08  0.103D-08  0.102D-08
  0.101D-08  0.100D-08  0.996D-09  0.651D-01  0.818D+00  0.120D+01  0.143D+01
  0.159D+01  0.169D+01  0.177D+01  0.183D+01  0.187D+01  0.189D+01  0.191D+01
  0.192D+01  0.192D+01  0.192D+01  0.191D+01  0.190D+01  0.189D+01  0.187D+01
  0.000D+00  0.000D+00  0.000D+00  0.000D+00  0.000D+00  0.000D+00  0.000D+00
  0.000D+00  0.000D+00  0.000D+00  0.000D+00  0.000D+00  0.000D+00  0.000D+00
  0.000D+00  0.000D+00  0.000D+00  0.000D+00  0.000D+00  0.179D+00  0.334D+00
  0.776D-01  0.310D-09  0.365D-09  0.417D-09  0.466D-09  0.513D-09  0.558D-09
  0.600D-09  0.641D-09  0.679D-09  0.716D-09  0.751D-09  0.784D-09  0.816D-09
  0.122D+00  0.454D+00  0.585D+00  0.573D+00  0.420D+00  0.624D-01  0.997D-09
  0.102D-08  0.104D-08  0.106D-08  0.108D-08  0.109D-08  0.111D-08  0.112D-08
  0.114D-08  0.115D-08  0.116D-08  0.118D-08  0.119D-08  0.120D-08  0.121D-08
  0.122D-08  0.123D-08  0.857D-06  0.689D+00  0.110D+01  0.137D+01  0.154D+01
  0.164D+01  0.168D+01  0.167D+01  0.161D+01  0.149D+01  0.131D+01  0.104D+01
  0.642D+00  0.851D-05  0.130D-08  0.130D-08  0.130D-08  0.130D-08  0.130D-08
  0.130D-08  0.130D-08  0.130D-08  0.130D-08  0.130D-08  0.130D-08  0.130D-08
  0.129D-08  0.129D-08  0.129D-08  0.129D-08  0.129D-08  0.128D-08  0.128D-08
  0.128D-08  0.702D+00  0.122D+01  0.155D+01  0.178D+01  0.195D+01  0.207D+01
  0.215D+01  0.221D+01  0.225D+01  0.226D+01  0.226D+01  0.225D+01  0.222D+01
  0.217D+01  0.210D+01  0.201D+01  0.191D+01  0.177D+01  0.159D+01  0.136D+01
  0.104D+01  0.568D+00  0.117D-08  0.116D-08  0.115D-08  0.115D-08  0.114D-08
  0.113D-08  0.113D-08  0.112D-08  0.111D-08  0.111D-08  0.110D-08  0.109D-08
  0.109D-08  0.108D-08  0.107D-08  0.106D-08  0.106D-08  0.105D-08  0.104D-08
  0.103D-08  0.103D-08  0.102D-08  0.101D-08  0.409D+00  0.961D+00  0.127D+01
  0.147D+01  0.161D+01  0.171D+01  0.178D+01  0.183D+01  0.187D+01  0.189D+01
  0.190D+01  0.191D+01  0.191D+01  0.191D+01  0.190D+01  0.189D+01  0.187D+01
  0.000D+00  0.000D+00  0.000D+00  0.000D+00  0.000D+00  0.000D+00  0.000D+00
  0.000D+00  0.000D+00  0.000D+00  0.000D+00  0.000D+00  0.000D+00  0.000D+00
  0.000D+00  0.000D+00  0.000D+00  0.000D+00  0.000D+00  0.817D-10  0.146D-09
  0.208D-09  0.266D-09  0.322D-09  0.375D-09  0.425D-09  0.473D-09  0.519D-09
  0.563D-09  0.604D-09  0.644D-09  0.681D-09  0.717D-09  0.751D-09  0.784D-09
  0.815D-09  0.845D-09  0.873D-09  0.900D-09  0.925D-09  0.949D-09  0.972D-09
  0.994D-09  0.102D-08  0.104D-08  0.105D-08  0.107D-08  0.109D-08  0.110D-08
  0.112D-08  0.113D-08  0.115D-08  0.116D-08  0.117D-08  0.118D-08  0.119D-08
  0.120D-08  0.121D-08  0.122D-08  0.123D-08  0.286D+00  0.696D+00  0.943D+00
  0.109D+01  0.115D+01  0.114D+01  0.106D+01  0.905D+00  0.651D+00  0.247D+00
  0.129D-08  0.129D-08  0.130D-08  0.130D-08  0.130D-08  0.130D-08  0.130D-08
  0.130D-08  0.130D-08  0.130D-08  0.130D-08  0.130D-08  0.130D-08  0.130D-08
  0.130D-08  0.130D-08  0.130D-08  0.129D-08  0.129D-08  0.129D-08  0.129D-08
  0.129D-08  0.891D-06  0.663D+00  0.114D+01  0.145D+01  0.167D+01  0.182D+01
  0.193D+01  0.201D+01  0.205D+01  0.208D+01  0.208D+01  0.207D+01  0.203D+01
  0.198D+01  0.190D+01  0.181D+01  0.167D+01  0.151D+01  0.128D+01  0.977D+00
  0.525D+00  0.119D-08  0.118D-08  0.118D-08  0.117D-08  0.116D-08  0.116D-08
  0.115D-08  0.115D-08  0.114D-08  0.113D-08  0.113D-08  0.112D-08  0.111D-08
  0.111D-08  0.110D-08  0.109D-08  0.108D-08  0.108D-08  0.107D-08  0.106D-08
  0.106D-08  0.105D-08  0.104D-08  0.103D-08  0.103D-08  0.564D+00  0.102D+01
  0.130D+01  0.148D+01  0.161D+01  0.170D+01  0.177D+01  0.181D+01  0.185D+01
  0.187D+01  0.188D+01  0.189D+01  0.189D+01  0.188D+01  0.187D+01  0.185D+01
  0.000D+00  0.000D+00  0.000D+00  0.000D+00  0.000D+00  0.000D+00  0.000D+00
  0.000D+00  0.000D+00  0.000D+00  0.000D+00  0.000D+00  0.000D+00  0.000D+00
  0.000D+00  0.000D+00  0.000D+00  0.000D+00  0.000D+00  0.335D-10  0.990D-10
  0.161D-09  0.221D-09  0.278D-09  0.332D-09  0.383D-09  0.432D-09  0.479D-09
  0.524D-09  0.566D-09  0.607D-09  0.645D-09  0.682D-09  0.718D-09  0.751D-09
  0.783D-09  0.814D-09  0.843D-09  0.871D-09  0.897D-09  0.922D-09  0.946D-09
  0.969D-09  0.991D-09  0.101D-08  0.103D-08  0.105D-08  0.107D-08  0.108D-08
  0.110D-08  0.112D-08  0.113D-08  0.114D-08  0.116D-08  0.117D-08  0.118D-08
  0.119D-08  0.120D-08  0.121D-08  0.122D-08  0.123D-08  0.124D-08  0.863D-06
  0.156D+00  0.271D+00  0.263D+00  0.135D+00  0.884D-06  0.128D-08  0.128D-08
  0.129D-08  0.129D-08  0.129D-08  0.129D-08  0.130D-08  0.130D-08  0.130D-08
  0.130D-08  0.130D-08  0.130D-08  0.130D-08  0.130D-08  0.130D-08  0.130D-08
  0.130D-08  0.130D-08  0.130D-08  0.130D-08  0.130D-08  0.130D-08  0.129D-08
  0.129D-08  0.129D-08  0.129D-08  0.467D+00  0.942D+00  0.125D+01  0.146D+01
  0.161D+01  0.172D+01  0.178D+01  0.182D+01  0.183D+01  0.181D+01  0.178D+01
  0.172D+01  0.163D+01  0.150D+01  0.134D+01  0.111D+01  0.801D+00  0.333D+00
  0.121D-08  0.120D-08  0.120D-08  0.119D-08  0.119D-08  0.118D-08  0.117D-08
  0.117D-08  0.116D-08  0.116D-08  0.115D-08  0.114D-08  0.114D-08  0.113D-08
  0.112D-08  0.112D-08  0.111D-08  0.110D-08  0.110D-08  0.109D-08  0.108D-08
  0.108D-08  0.107D-08  0.106D-08  0.106D-08  0.105D-08  0.104D-08  0.605D+00
  0.102D+01  0.128D+01  0.146D+01  0.158D+01  0.167D+01  0.173D+01  0.178D+01
  0.181D+01  0.183D+01  0.184D+01  0.184D+01  0.184D+01  0.183D+01  0.182D+01
  0.000D+00  0.000D+00  0.000D+00  0.000D+00  0.000D+00  0.000D+00  0.000D+00
  0.000D+00  0.000D+00  0.000D+00  0.000D+00  0.000D+00  0.000D+00  0.000D+00
  0.000D+00  0.000D+00  0.000D+00  0.000D+00  0.000D+00  0.000D+00  0.510D-10
  0.114D-09  0.175D-09  0.232D-09  0.287D-09  0.340D-09  0.390D-09  0.438D-09
  0.483D-09  0.527D-09  0.569D-09  0.608D-09  0.646D-09  0.682D-09  0.717D-09
  0.750D-09  0.781D-09  0.812D-09  0.840D-09  0.868D-09  0.894D-09  0.919D-09
  0.942D-09  0.965D-09  0.987D-09  0.101D-08  0.103D-08  0.105D-08  0.106D-08
  0.108D-08  0.110D-08  0.111D-08  0.113D-08  0.114D-08  0.115D-08  0.116D-08
  0.118D-08  0.119D-08  0.120D-08  0.121D-08  0.122D-08  0.122D-08  0.123D-08
  0.124D-08  0.125D-08  0.125D-08  0.126D-08  0.127D-08  0.127D-08  0.128D-08
  0.128D-08  0.128D-08  0.129D-08  0.129D-08  0.129D-08  0.130D-08  0.130D-08
  0.130D-08  0.130D-08  0.130D-08  0.130D-08  0.130D-08  0.130D-08  0.130D-08
  0.130D-08  0.130D-08  0.130D-08  0.130D-08  0.130D-08  0.130D-08  0.130D-08
  0.130D-08  0.129D-08  0.129D-08  0.129D-08  0.361D-01  0.579D+00  0.914D+00
  0.114D+01  0.129D+01  0.139D+01  0.144D+01  0.146D+01  0.145D+01  0.141D+01
  0.133D+01  0.121D+01  0.104D+01  0.802D+00  0.457D+00  0.855D-06  0.123D-08
  0.122D-08  0.122D-08  0.121D-08  0.121D-08  0.120D-08  0.119D-08  0.119D-08
  0.118D-08  0.118D-08  0.117D-08  0.117D-08  0.116D-08  0.115D-08  0.115D-08
  0.114D-08  0.113D-08  0.113D-08  0.112D-08  0.112D-08  0.111D-08  0.110D-08
  0.110D-08  0.109D-08  0.108D-08  0.107D-08  0.107D-08  0.106D-08  0.105D-08
  0.548D+00  0.962D+00  0.122D+01  0.139D+01  0.151D+01  0.160D+01  0.167D+01
  0.171D+01  0.174D+01  0.176D+01  0.177D+01  0.178D+01  0.177D+01  0.176D+01
  0.000D+00  0.000D+00  0.000D+00  0.000D+00  0.000D+00  0.000D+00  0.000D+00
  0.000D+00  0.000D+00  0.000D+00  0.000D+00  0.000D+00  0.000D+00  0.000D+00
  0.000D+00  0.000D+00  0.000D+00  0.000D+00  0.000D+00  0.000D+00  0.202D-11
  0.663D-10  0.128D-09  0.186D-09  0.242D-09  0.296D-09  0.347D-09  0.396D-09
  0.442D-09  0.487D-09  0.529D-09  0.570D-09  0.609D-09  0.646D-09  0.682D-09
  0.715D-09  0.748D-09  0.779D-09  0.809D-09  0.837D-09  0.864D-09  0.890D-09
  0.914D-09  0.938D-09  0.960D-09  0.982D-09  0.100D-08  0.102D-08  0.104D-08
  0.106D-08  0.107D-08  0.109D-08  0.111D-08  0.112D-08  0.113D-08  0.115D-08
  0.116D-08  0.117D-08  0.118D-08  0.119D-08  0.120D-08  0.121D-08  0.122D-08
  0.123D-08  0.124D-08  0.124D-08  0.125D-08  0.126D-08  0.126D-08  0.127D-08
  0.127D-08  0.128D-08  0.128D-08  0.128D-08  0.129D-08  0.129D-08  0.129D-08
  0.130D-08  0.130D-08  0.130D-08  0.130D-08  0.130D-08  0.130D-08  0.130D-08
  0.130D-08  0.130D-08  0.130D-08  0.130D-08  0.130D-08  0.130D-08  0.130D-08
  0.130D-08  0.130D-08  0.130D-08  0.130D-08  0.129D-08  0.129D-08  0.129D-08
  0.322D+00  0.587D+00  0.752D+00  0.847D+00  0.887D+00  0.876D+00  0.814D+00
  0.697D+00  0.511D+00  0.224D+00  0.125D-08  0.125D-08  0.124D-08  0.124D-08
  0.123D-08  0.123D-08  0.122D-08  0.122D-08  0.121D-08  0.121D-08  0.120D-08
  0.120D-08  0.119D-08  0.119D-08  0.118D-08  0.117D-08  0.117D-08  0.116D-08
  0.116D-08  0.115D-08  0.114D-08  0.114D-08  0.113D-08  0.113D-08  0.112D-08
  0.111D-08  0.111D-08  0.110D-08  0.109D-08  0.109D-08  0.108D-08  0.107D-08
  0.107D-08  0.376D+00  0.822D+00  0.110D+01  0.128D+01  0.141D+01  0.150D+01
  0.157D+01  0.161D+01  0.165D+01  0.167D+01  0.168D+01  0.168D+01  0.167D+01
  0.000D+00  0.000D+00  0.000D+00  0.000D+00  0.000D+00  0.000D+00  0.000D+00
  0.000D+00  0.000D+00  0.000D+00  0.000D+00  0.000D+00  0.000D+00  0.000D+00
  0.000D+00  0.000D+00  0.000D+00  0.000D+00  0.000D+00  0.000D+00  0.000D+00
  0.174D-10  0.797D-10  0.139D-09  0.196D-09  0.251D-09  0.303D-09  0.352D-09
  0.400D-09  0.445D-09  0.489D-09  0.531D-09  0.570D-09  0.609D-09  0.645D-09
  0.680D-09  0.713D-09  0.745D-09  0.776D-09  0.805D-09  0.833D-09  0.859D-09
  0.885D-09  0.909D-09  0.933D-09  0.955D-09  0.976D-09  0.996D-09  0.102D-08
  0.103D-08  0.105D-08  0.107D-08  0.108D-08  0.110D-08  0.111D-08  0.113D-08
  0.114D-08  0.115D-08  0.116D-08  0.118D-08  0.119D-08  0.120D-08  0.121D-08
  0.121D-08  0.122D-08  0.123D-08  0.124D-08  0.125D-08  0.125D-08  0.126D-08
  0.126D-08  0.127D-08  0.127D-08  0.128D-08  0.128D-08  0.129D-08  0.129D-08
  0.129D-08  0.129D-08  0.130D-08  0.130D-08  0.130D-08  0.130D-08  0.130D-08
  0.130D-08  0.130D-08  0.130D-08  0.130D-08  0.130D-08  0.130D-08  0.130D-08
  0.130D-08  0.130D-08  0.130D-08  0.130D-08  0.130D-08  0.129D-08  0.129D-08
  0.129D-08  0.129D-08  0.129D-08  0.128D-08  0.128D-08  0.128D-08  0.127D-08
  0.127D-08  0.127D-08  0.126D-08  0.126D-08  0.125D-08  0.125D-08  0.125D-08
  0.124D-08  0.124D-08  0.123D-08  0.123D-08  0.122D-08  0.122D-08  0.121D-08
  0.121D-08  0.120D-08  0.120D-08  0.119D-08  0.119D-08  0.118D-08  0.118D-08
  0.117D-08  0.116D-08  0.116D-08  0.115D-08  0.115D-08  0.114D-08  0.113D-08
  0.113D-08  0.112D-08  0.112D-08  0.111D-08  0.110D-08  0.110D-08  0.109D-08
  0.108D-08  0.108D-08  0.742D-06  0.565D+00  0.885D+00  0.109D+01  0.124D+01
  0.134D+01  0.141D+01  0.147D+01  0.150D+01  0.152D+01  0.152D+01  0.152D+01
  0.000D+00  0.000D+00  0.000D+00  0.000D+00  0.000D+00  0.000D+00  0.000D+00
  0.000D+00  0.000D+00  0.000D+00  0.000D+00  0.000D+00  0.000D+00  0.000D+00
  0.000D+00  0.000D+00  0.000D+00  0.000D+00  0.000D+00  0.000D+00  0.000D+00
  0.000D+00  0.309D-10  0.914D-10  0.149D-09  0.205D-09  0.257D-09  0.308D-09
  0.357D-09  0.403D-09  0.448D-09  0.490D-09  0.531D-09  0.570D-09  0.607D-09
  0.643D-09  0.677D-09  0.710D-09  0.741D-09  0.772D-09  0.800D-09  0.828D-09
  0.854D-09  0.879D-09  0.904D-09  0.927D-09  0.949D-09  0.970D-09  0.990D-09
  0.101D-08  0.103D-08  0.105D-08  0.106D-08  0.108D-08  0.109D-08  0.111D-08
  0.112D-08  0.113D-08  0.115D-08  0.116D-08  0.117D-08  0.118D-08  0.119D-08
  0.120D-08  0.121D-08  0.122D-08  0.123D-08  0.123D-08  0.124D-08  0.125D-08
  0.125D-08  0.126D-08  0.126D-08  0.127D-08  0.127D-08  0.128D-08  0.128D-08
  0.128D-08  0.129D-08  0.129D-08  0.129D-08  0.130D-08  0.130D-08  0.130D-08
  0.130D-08  0.130D-08  0.130D-08  0.130D-08  0.130D-08  0.130D-08  0.130D-08
  0.130D-08  0.130D-08  0.130D-08  0.130D-08  0.130D-08  0.130D-08  0.502D-02
  0.418D+00  0.663D+00  0.818D+00  0.908D+00  0.943D+00  0.932D+00  0.872D+00
  0.760D+00  0.583D+00  0.312D+00  0.127D-08  0.126D-08  0.126D-08  0.125D-08
  0.125D-08  0.125D-08  0.124D-08  0.124D-08  0.123D-08  0.123D-08  0.122D-08
  0.122D-08  0.121D-08  0.121D-08  0.120D-08  0.120D-08  0.119D-08  0.119D-08
  0.118D-08  0.118D-08  0.117D-08  0.117D-08  0.116D-08  0.115D-08  0.115D-08
  0.114D-08  0.114D-08  0.113D-08  0.112D-08  0.112D-08  0.111D-08  0.111D-08
  0.110D-08  0.421D+00  0.854D+00  0.112D+01  0.131D+01  0.144D+01  0.153D+01
  0.160D+01  0.165D+01  0.168D+01  0.170D+01  0.171D+01  0.171D+01  0.170D+01
  0.000D+00  0.000D+00  0.000D+00  0.000D+00  0.000D+00  0.000D+00  0.000D+00
  0.000D+00  0.000D+00  0.000D+00  0.000D+00  0.000D+00  0.000D+00  0.000D+00
  0.000D+00  0.000D+00  0.000D+00  0.000D+00  0.000D+00  0.000D+00  0.000D+00
  0.000D+00  0.000D+00  0.425D-10  0.101D-09  0.157D-09  0.211D-09  0.263D-09
  0.312D-09  0.360D-09  0.405D-09  0.448D-09  0.490D-09  0.530D-09  0.568D-09
  0.605D-09  0.640D-09  0.674D-09  0.706D-09  0.737D-09  0.767D-09  0.795D-09
  0.822D-09  0.848D-09  0.873D-09  0.897D-09  0.920D-09  0.942D-09  0.963D-09
  0.983D-09  0.100D-08  0.102D-08  0.104D-08  0.105D-08  0.107D-08  0.109D-08
  0.110D-08  0.111D-08  0.113D-08  0.114D-08  0.115D-08  0.116D-08  0.117D-08
  0.118D-08  0.119D-08  0.120D-08  0.121D-08  0.122D-08  0.123D-08  0.123D-08
  0.124D-08  0.125D-08  0.125D-08  0.126D-08  0.126D-08  0.127D-08  0.127D-08
  0.128D-08  0.128D-08  0.128D-08  0.129D-08  0.129D-08  0.129D-08  0.129D-08
  0.130D-08  0.130D-08  0.130D-08  0.130D-08  0.130D-08  0.130D-08  0.130D-08
  0.130D-08  0.130D-08  0.130D-08  0.130D-08  0.281D+00  0.738D+00  0.103D+01
  0.123D+01  0.137D+01  0.146D+01  0.151D+01  0.153D+01  0.152D+01  0.147D+01
  0.140D+01  0.129D+01  0.113D+01  0.911D+00  0.597D+00  0.111D+00  0.126D-08
  0.126D-08  0.125D-08  0.125D-08  0.125D-08  0.124D-08  0.124D-08  0.123D-08
  0.123D-08  0.122D-08  0.122D-08  0.121D-08  0.121D-08  0.120D-08  0.120D-08
  0.119D-08  0.119D-08  0.118D-08  0.118D-08  0.117D-08  0.117D-08  0.116D-08
  0.116D-08  0.115D-08  0.114D-08  0.114D-08  0.113D-08  0.113D-08  0.112D-08
  0.627D+00  0.102D+01  0.127D+01  0.145D+01  0.157D+01  0.166D+01  0.173D+01
  0.178D+01  0.181D+01  0.184D+01  0.185D+01  0.185D+01  0.185D+01  0.184D+01
  0.000D+00  0.000D+00  0.000D+00  0.000D+00  0.000D+00  0.000D+00  0.000D+00
  0.000D+00  0.000D+00  0.000D+00  0.000D+00  0.000D+00  0.000D+00  0.000D+00
  0.000D+00  0.000D+00  0.000D+00  0.000D+00  0.000D+00  0.000D+00  0.000D+00
  0.000D+00  0.000D+00  0.000D+00  0.524D-10  0.110D-09  0.164D-09  0.217D-09
  0.267D-09  0.315D-09  0.362D-09  0.406D-09  0.448D-09  0.489D-09  0.528D-09
  0.566D-09  0.602D-09  0.636D-09  0.670D-09  0.701D-09  0.732D-09  0.761D-09
  0.789D-09  0.816D-09  0.842D-09  0.867D-09  0.890D-09  0.913D-09  0.935D-09
  0.955D-09  0.975D-09  0.994D-09  0.101D-08  0.103D-08  0.105D-08  0.106D-08
  0.108D-08  0.109D-08  0.111D-08  0.112D-08  0.113D-08  0.212D+00  0.516D+00
  0.682D+00  0.751D+00  0.739D+00  0.644D+00  0.453D+00  0.115D+00  0.122D-08
  0.123D-08  0.123D-08  0.124D-08  0.125D-08  0.125D-08  0.126D-08  0.126D-08
  0.127D-08  0.127D-08  0.128D-08  0.128D-08  0.128D-08  0.128D-08  0.129D-08
  0.129D-08  0.129D-08  0.129D-08  0.130D-08  0.130D-08  0.130D-08  0.130D-08
  0.130D-08  0.130D-08  0.826D-01  0.728D+00  0.112D+01  0.138D+01  0.157D+01
  0.170D+01  0.179D+01  0.185D+01  0.188D+01  0.189D+01  0.188D+01  0.184D+01
  0.179D+01  0.170D+01  0.159D+01  0.144D+01  0.124D+01  0.956D+00  0.552D+00
  0.126D-08  0.126D-08  0.126D-08  0.125D-08  0.125D-08  0.124D-08  0.124D-08
  0.124D-08  0.123D-08  0.123D-08  0.122D-08  0.122D-08  0.121D-08  0.121D-08
  0.120D-08  0.120D-08  0.119D-08  0.119D-08  0.118D-08  0.118D-08  0.117D-08
  0.117D-08  0.116D-08  0.116D-08  0.115D-08  0.114D-08  0.328D-05  0.720D+00
  0.111D+01  0.137D+01  0.154D+01  0.167D+01  0.176D+01  0.183D+01  0.188D+01
  0.192D+01  0.194D+01  0.196D+01  0.197D+01  0.196D+01  0.196D+01  0.195D+01
  0.000D+00  0.000D+00  0.000D+00  0.000D+00  0.000D+00  0.000D+00  0.000D+00
  0.000D+00  0.000D+00  0.000D+00  0.000D+00  0.000D+00  0.000D+00  0.000D+00
  0.000D+00  0.000D+00  0.000D+00  0.000D+00  0.000D+00  0.000D+00  0.000D+00
  0.000D+00  0.000D+00  0.000D+00  0.000D+00  0.607D-10  0.116D-09  0.170D-09
  0.221D-09  0.270D-09  0.317D-09  0.362D-09  0.406D-09  0.447D-09  0.487D-09
  0.332D+00  0.550D+00  0.634D+00  0.620D+00  0.494D+00  0.193D+00  0.726D-09
  0.755D-09  0.783D-09  0.809D-09  0.835D-09  0.859D-09  0.882D-09  0.905D-09
  0.927D-09  0.947D-09  0.967D-09  0.986D-09  0.100D-08  0.102D-08  0.104D-08
  0.105D-08  0.107D-08  0.752D-06  0.527D+00  0.924D+00  0.117D+01  0.133D+01
  0.142D+01  0.146D+01  0.145D+01  0.139D+01  0.128D+01  0.110D+01  0.823D+00
  0.396D+00  0.122D-08  0.123D-08  0.123D-08  0.124D-08  0.125D-08  0.125D-08
  0.126D-08  0.126D-08  0.127D-08  0.127D-08  0.127D-08  0.128D-08  0.128D-08
  0.128D-08  0.129D-08  0.129D-08  0.129D-08  0.129D-08  0.129D-08  0.129D-08
  0.129D-08  0.368D+00  0.964D+00  0.134D+01  0.160D+01  0.178D+01  0.191D+01
  0.201D+01  0.207D+01  0.212D+01  0.214D+01  0.214D+01  0.213D+01  0.210D+01
  0.205D+01  0.198D+01  0.189D+01  0.177D+01  0.162D+01  0.142D+01  0.115D+01
  0.770D+00  0.160D+00  0.126D-08  0.126D-08  0.125D-08  0.125D-08  0.125D-08
  0.124D-08  0.124D-08  0.123D-08  0.123D-08  0.123D-08  0.122D-08  0.122D-08
  0.121D-08  0.121D-08  0.120D-08  0.120D-08  0.119D-08  0.119D-08  0.118D-08
  0.118D-08  0.117D-08  0.117D-08  0.116D-08  0.116D-08  0.725D+00  0.115D+01
  0.141D+01  0.160D+01  0.173D+01  0.183D+01  0.190D+01  0.195D+01  0.199D+01
  0.202D+01  0.204D+01  0.205D+01  0.206D+01  0.205D+01  0.205D+01  0.204D+01
  0.000D+00  0.000D+00  0.000D+00  0.000D+00  0.000D+00  0.000D+00  0.000D+00
  0.000D+00  0.000D+00  0.000D+00  0.000D+00  0.000D+00  0.000D+00  0.000D+00
  0.000D+00  0.000D+00  0.000D+00  0.000D+00  0.000D+00  0.000D+00  0.000D+00
  0.000D+00  0.000D+00  0.000D+00  0.000D+00  0.000D+00  0.675D-10  0.122D-09
  0.174D-09  0.224D-09  0.272D-09  0.318D-09  0.362D-09  0.585D+00  0.835D+00
  0.991D+00  0.110D+01  0.116D+01  0.118D+01  0.115D+01  0.106D+01  0.859D+00
  0.471D+00  0.748D-09  0.775D-09  0.801D-09  0.827D-09  0.851D-09  0.874D-09
  0.896D-09  0.918D-09  0.938D-09  0.958D-09  0.977D-09  0.995D-09  0.101D-08
  0.103D-08  0.309D+00  0.914D+00  0.127D+01  0.151D+01  0.167D+01  0.177D+01
  0.184D+01  0.187D+01  0.186D+01  0.182D+01  0.174D+01  0.162D+01  0.143D+01
  0.117D+01  0.780D+00  0.140D+00  0.122D-08  0.123D-08  0.123D-08  0.124D-08
  0.124D-08  0.125D-08  0.125D-08  0.126D-08  0.126D-08  0.127D-08  0.127D-08
  0.127D-08  0.128D-08  0.128D-08  0.128D-08  0.128D-08  0.129D-08  0.129D-08
  0.454D+00  0.107D+01  0.145D+01  0.171D+01  0.190D+01  0.204D+01  0.214D+01
  0.222D+01  0.227D+01  0.230D+01  0.232D+01  0.232D+01  0.231D+01  0.228D+01
  0.224D+01  0.218D+01  0.210D+01  0.200D+01  0.188D+01  0.173D+01  0.152D+01
  0.125D+01  0.860D+00  0.237D+00  0.126D-08  0.126D-08  0.125D-08  0.125D-08
  0.125D-08  0.124D-08  0.124D-08  0.124D-08  0.123D-08  0.123D-08  0.122D-08
  0.122D-08  0.122D-08  0.121D-08  0.121D-08  0.120D-08  0.120D-08  0.119D-08
  0.119D-08  0.118D-08  0.118D-08  0.117D-08  0.640D+00  0.112D+01  0.142D+01
  0.162D+01  0.176D+01  0.187D+01  0.195D+01  0.201D+01  0.205D+01  0.209D+01
  0.211D+01  0.212D+01  0.213D+01  0.213D+01  0.213D+01  0.212D+01  0.211D+01
  0.000D+00  0.000D+00  0.000D+00  0.000D+00  0.000D+00  0.000D+00  0.000D+00
  0.000D+00  0.000D+00  0.000D+00  0.000D+00  0.000D+00  0.000D+00  0.000D+00
  0.000D+00  0.000D+00  0.000D+00  0.000D+00  0.000D+00  0.000D+00  0.000D+00
  0.000D+00  0.000D+00  0.000D+00  0.000D+00  0.000D+00  0.000D+00  0.727D-10
  0.126D-09  0.176D-09  0.225D-09  0.354D+00  0.684D+00  0.875D+00  0.103D+01
  0.115D+01  0.125D+01  0.133D+01  0.138D+01  0.139D+01  0.137D+01  0.128D+01
  0.111D+01  0.786D+00  0.477D-01  0.767D-09  0.793D-09  0.818D-09  0.842D-09
  0.865D-09  0.887D-09  0.909D-09  0.929D-09  0.949D-09  0.967D-09  0.985D-09
  0.491D+00  0.108D+01  0.144D+01  0.168D+01  0.185D+01  0.196D+01  0.204D+01
  0.209D+01  0.211D+01  0.211D+01  0.208D+01  0.202D+01  0.193D+01  0.180D+01
  0.161D+01  0.134D+01  0.949D+00  0.315D+00  0.121D-08  0.122D-08  0.122D-08
  0.123D-08  0.124D-08  0.124D-08  0.125D-08  0.125D-08  0.126D-08  0.126D-08
  0.126D-08  0.127D-08  0.127D-08  0.127D-08  0.128D-08  0.128D-08  0.378D+00
  0.107D+01  0.148D+01  0.176D+01  0.197D+01  0.212D+01  0.223D+01  0.231D+01
  0.237D+01  0.241D+01  0.244D+01  0.245D+01  0.245D+01  0.243D+01  0.241D+01
  0.237D+01  0.232D+01  0.225D+01  0.217D+01  0.207D+01  0.194D+01  0.177D+01
  0.156D+01  0.126D+01  0.845D+00  0.150D+00  0.126D-08  0.126D-08  0.125D-08
  0.125D-08  0.125D-08  0.124D-08  0.124D-08  0.124D-08  0.123D-08  0.123D-08
  0.123D-08  0.122D-08  0.122D-08  0.121D-08  0.121D-08  0.120D-08  0.120D-08
  0.119D-08  0.119D-08  0.119D-08  0.438D+00  0.103D+01  0.138D+01  0.161D+01
  0.177D+01  0.189D+01  0.198D+01  0.204D+01  0.209D+01  0.213D+01  0.216D+01
  0.218D+01  0.219D+01  0.219D+01  0.219D+01  0.219D+01  0.218D+01  0.217D+01
  0.000D+00  0.000D+00  0.000D+00  0.000D+00  0.000D+00  0.000D+00  0.000D+00
  0.000D+00  0.000D+00  0.000D+00  0.000D+00  0.000D+00  0.000D+00  0.000D+00
  0.000D+00  0.000D+00  0.000D+00  0.000D+00  0.000D+00  0.000D+00  0.000D+00
  0.000D+00  0.000D+00  0.000D+00  0.000D+00  0.000D+00  0.000D+00  0.000D+00
  0.766D-10  0.128D-09  0.156D+00  0.528D+00  0.706D+00  0.868D+00  0.101D+01
  0.114D+01  0.126D+01  0.135D+01  0.142D+01  0.147D+01  0.148D+01  0.146D+01
  0.138D+01  0.121D+01  0.882D+00  0.143D+00  0.759D-09  0.784D-09  0.809D-09
  0.833D-09  0.856D-09  0.878D-09  0.899D-09  0.919D-09  0.939D-09  0.461D+00
  0.111D+01  0.149D+01  0.174D+01  0.192D+01  0.205D+01  0.214D+01  0.221D+01
  0.225D+01  0.227D+01  0.227D+01  0.225D+01  0.220D+01  0.213D+01  0.203D+01
  0.188D+01  0.168D+01  0.140D+01  0.976D+00  0.273D+00  0.120D-08  0.121D-08
  0.122D-08  0.122D-08  0.123D-08  0.123D-08  0.124D-08  0.124D-08  0.125D-08
  0.125D-08  0.126D-08  0.126D-08  0.126D-08  0.127D-08  0.105D+00  0.959D+00
  0.144D+01  0.175D+01  0.198D+01  0.214D+01  0.226D+01  0.236D+01  0.243D+01
  0.248D+01  0.251D+01  0.253D+01  0.254D+01  0.254D+01  0.252D+01  0.250D+01
  0.247D+01  0.242D+01  0.236D+01  0.229D+01  0.220D+01  0.209D+01  0.195D+01
  0.177D+01  0.153D+01  0.121D+01  0.731D+00  0.126D-08  0.126D-08  0.126D-08
  0.125D-08  0.125D-08  0.125D-08  0.124D-08  0.124D-08  0.124D-08  0.123D-08
  0.123D-08  0.123D-08  0.122D-08  0.122D-08  0.121D-08  0.121D-08  0.121D-08
  0.120D-08  0.120D-08  0.233D-01  0.855D+00  0.128D+01  0.156D+01  0.174D+01
  0.188D+01  0.198D+01  0.206D+01  0.211D+01  0.216D+01  0.219D+01  0.221D+01
  0.223D+01  0.224D+01  0.224D+01  0.224D+01  0.224D+01  0.223D+01  0.221D+01
  0.000D+00  0.000D+00  0.000D+00  0.000D+00  0.000D+00  0.000D+00  0.000D+00
  0.000D+00  0.000D+00  0.000D+00  0.000D+00  0.000D+00  0.000D+00  0.000D+00
  0.000D+00  0.000D+00  0.000D+00  0.000D+00  0.000D+00  0.000D+00  0.000D+00
  0.000D+00  0.000D+00  0.000D+00  0.000D+00  0.000D+00  0.000D+00  0.000D+00
  0.000D+00  0.000D+00  0.000D+00  0.348D+00  0.562D+00  0.744D+00  0.906D+00
  0.105D+01  0.118D+01  0.129D+01  0.138D+01  0.145D+01  0.149D+01  0.151D+01
  0.148D+01  0.139D+01  0.121D+01  0.840D+00  0.723D-09  0.749D-09  0.775D-09
  0.799D-09  0.823D-09  0.845D-09  0.867D-09  0.888D-09  0.204D+00  0.102D+01
  0.145D+01  0.173D+01  0.192D+01  0.206D+01  0.217D+01  0.225D+01  0.231D+01
  0.235D+01  0.237D+01  0.237D+01  0.235D+01  0.232D+01  0.226D+01  0.218D+01
  0.206D+01  0.190D+01  0.168D+01  0.136D+01  0.875D+00  0.778D-05  0.119D-08
  0.120D-08  0.121D-08  0.121D-08  0.122D-08  0.122D-08  0.123D-08  0.124D-08
  0.124D-08  0.124D-08  0.125D-08  0.125D-08  0.126D-08  0.723D+00  0.131D+01
  0.168D+01  0.194D+01  0.213D+01  0.227D+01  0.237D+01  0.245D+01  0.251D+01
  0.255D+01  0.258D+01  0.260D+01  0.261D+01  0.260D+01  0.259D+01  0.257D+01
  0.254D+01  0.249D+01  0.244D+01  0.238D+01  0.229D+01  0.220D+01  0.207D+01
  0.192D+01  0.172D+01  0.145D+01  0.108D+01  0.488D+00  0.126D-08  0.126D-08
  0.125D-08  0.125D-08  0.125D-08  0.125D-08  0.124D-08  0.124D-08  0.124D-08
  0.123D-08  0.123D-08  0.123D-08  0.122D-08  0.122D-08  0.121D-08  0.121D-08
  0.121D-08  0.120D-08  0.541D+00  0.112D+01  0.146D+01  0.169D+01  0.185D+01
  0.197D+01  0.206D+01  0.212D+01  0.217D+01  0.221D+01  0.224D+01  0.226D+01
  0.227D+01  0.228D+01  0.228D+01  0.228D+01  0.228D+01  0.226D+01  0.225D+01
  0.000D+00  0.000D+00  0.000D+00  0.000D+00  0.000D+00  0.000D+00  0.000D+00
  0.000D+00  0.000D+00  0.000D+00  0.000D+00  0.000D+00  0.000D+00  0.000D+00
  0.000D+00  0.000D+00  0.000D+00  0.000D+00  0.000D+00  0.000D+00  0.000D+00
  0.000D+00  0.000D+00  0.000D+00  0.000D+00  0.000D+00  0.000D+00  0.000D+00
  0.000D+00  0.000D+00  0.000D+00  0.000D+00  0.328D+00  0.550D+00  0.738D+00
  0.903D+00  0.105D+01  0.118D+01  0.129D+01  0.138D+01  0.144D+01  0.149D+01
  0.150D+01  0.146D+01  0.135D+01  0.113D+01  0.655D+00  0.713D-09  0.739D-09
  0.764D-09  0.789D-09  0.812D-09  0.835D-09  0.856D-09  0.802D+00  0.133D+01
  0.165D+01  0.186D+01  0.202D+01  0.214D+01  0.224D+01  0.231D+01  0.236D+01
  0.240D+01  0.242D+01  0.242D+01  0.241D+01  0.238D+01  0.234D+01  0.227D+01
  0.217D+01  0.204D+01  0.185D+01  0.160D+01  0.123D+01  0.628D+00  0.117D-08
  0.118D-08  0.119D-08  0.120D-08  0.120D-08  0.121D-08  0.122D-08  0.122D-08
  0.123D-08  0.123D-08  0.124D-08  0.124D-08  0.273D+00  0.109D+01  0.155D+01
  0.185D+01  0.207D+01  0.223D+01  0.235D+01  0.244D+01  0.251D+01  0.256D+01
  0.261D+01  0.263D+01  0.265D+01  0.265D+01  0.265D+01  0.264D+01  0.262D+01
  0.259D+01  0.255D+01  0.250D+01  0.244D+01  0.236D+01  0.227D+01  0.216D+01
  0.203D+01  0.185D+01  0.162D+01  0.131D+01  0.846D+00  0.148D-04  0.126D-08
  0.125D-08  0.125D-08  0.125D-08  0.125D-08  0.124D-08  0.124D-08  0.124D-08
  0.124D-08  0.123D-08  0.123D-08  0.122D-08  0.122D-08  0.122D-08  0.121D-08
  0.121D-08  0.121D-08  0.843D+00  0.130D+01  0.159D+01  0.178D+01  0.192D+01
  0.203D+01  0.211D+01  0.217D+01  0.222D+01  0.225D+01  0.228D+01  0.230D+01
  0.231D+01  0.231D+01  0.231D+01  0.231D+01  0.230D+01  0.230D+01  0.228D+01
  0.000D+00  0.000D+00  0.000D+00  0.000D+00  0.000D+00  0.000D+00  0.000D+00
  0.000D+00  0.000D+00  0.000D+00  0.000D+00  0.000D+00  0.000D+00  0.000D+00
  0.000D+00  0.000D+00  0.000D+00  0.000D+00  0.000D+00  0.000D+00  0.000D+00
  0.000D+00  0.000D+00  0.000D+00  0.000D+00  0.000D+00  0.000D+00  0.000D+00
  0.000D+00  0.000D+00  0.000D+00  0.000D+00  0.136D-01  0.301D+00  0.524D+00
  0.714D+00  0.881D+00  0.103D+01  0.116D+01  0.126D+01  0.135D+01  0.142D+01
  0.145D+01  0.145D+01  0.140D+01  0.126D+01  0.967D+00  0.196D+00  0.703D-09
  0.729D-09  0.754D-09  0.778D-09  0.801D-09  0.349D+00  0.111D+01  0.150D+01
  0.175D+01  0.193D+01  0.207D+01  0.218D+01  0.226D+01  0.233D+01  0.238D+01
  0.241D+01  0.243D+01  0.244D+01  0.244D+01  0.242D+01  0.238D+01  0.232D+01
  0.224D+01  0.212D+01  0.197D+01  0.176D+01  0.145D+01  0.984D+00  0.130D+00
  0.116D-08  0.117D-08  0.118D-08  0.119D-08  0.119D-08  0.120D-08  0.120D-08
  0.121D-08  0.122D-08  0.122D-08  0.123D-08  0.693D+00  0.132D+01  0.170D+01
  0.197D+01  0.216D+01  0.230D+01  0.241D+01  0.249D+01  0.255D+01  0.260D+01
  0.263D+01  0.266D+01  0.267D+01  0.268D+01  0.268D+01  0.266D+01  0.264D+01
  0.262D+01  0.258D+01  0.253D+01  0.248D+01  0.241D+01  0.233D+01  0.223D+01
  0.210D+01  0.194D+01  0.174D+01  0.147D+01  0.108D+01  0.446D+00  0.125D-08
  0.125D-08  0.125D-08  0.125D-08  0.125D-08  0.124D-08  0.124D-08  0.124D-08
  0.124D-08  0.123D-08  0.123D-08  0.123D-08  0.122D-08  0.122D-08  0.122D-08
  0.121D-08  0.347D+00  0.104D+01  0.143D+01  0.168D+01  0.185D+01  0.198D+01
  0.208D+01  0.215D+01  0.221D+01  0.225D+01  0.228D+01  0.230D+01  0.232D+01
  0.233D+01  0.234D+01  0.234D+01  0.233D+01  0.233D+01  0.232D+01  0.230D+01
  0.000D+00  0.000D+00  0.000D+00  0.000D+00  0.000D+00  0.000D+00  0.000D+00
  0.000D+00  0.000D+00  0.000D+00  0.000D+00  0.000D+00  0.000D+00  0.000D+00
  0.000D+00  0.000D+00  0.000D+00  0.000D+00  0.000D+00  0.000D+00  0.000D+00
  0.000D+00  0.000D+00  0.000D+00  0.000D+00  0.000D+00  0.000D+00  0.000D+00
  0.000D+00  0.000D+00  0.000D+00  0.000D+00  0.000D+00  0.000D+00  0.269D+00
  0.491D+00  0.681D+00  0.848D+00  0.994D+00  0.112D+01  0.123D+01  0.131D+01
  0.137D+01  0.140D+01  0.139D+01  0.130D+01  0.111D+01  0.633D+00  0.665D-09
  0.692D-09  0.717D-09  0.742D-09  0.766D-09  0.732D+00  0.128D+01  0.159D+01
  0.180D+01  0.196D+01  0.208D+01  0.218D+01  0.226D+01  0.232D+01  0.237D+01
  0.240D+01  0.243D+01  0.244D+01  0.243D+01  0.242D+01  0.239D+01  0.234D+01
  0.227D+01  0.217D+01  0.204D+01  0.185D+01  0.159D+01  0.120D+01  0.547D+00
  0.114D-08  0.115D-08  0.116D-08  0.117D-08  0.117D-08  0.118D-08  0.119D-08
  0.119D-08  0.120D-08  0.121D-08  0.840D-06  0.952D+00  0.147D+01  0.181D+01
  0.204D+01  0.221D+01  0.234D+01  0.244D+01  0.251D+01  0.257D+01  0.262D+01
  0.265D+01  0.267D+01  0.269D+01  0.269D+01  0.269D+01  0.268D+01  0.266D+01
  0.263D+01  0.260D+01  0.256D+01  0.250D+01  0.244D+01  0.236D+01  0.227D+01
  0.215D+01  0.201D+01  0.182D+01  0.158D+01  0.123D+01  0.702D+00  0.125D-08
  0.125D-08  0.125D-08  0.125D-08  0.124D-08  0.124D-08  0.124D-08  0.124D-08
  0.124D-08  0.123D-08  0.123D-08  0.123D-08  0.122D-08  0.122D-08  0.122D-08
  0.121D-08  0.594D+00  0.117D+01  0.151D+01  0.174D+01  0.190D+01  0.202D+01
  0.211D+01  0.218D+01  0.223D+01  0.227D+01  0.230D+01  0.232D+01  0.234D+01
  0.235D+01  0.235D+01  0.236D+01  0.235D+01  0.235D+01  0.234D+01  0.232D+01
  0.000D+00  0.000D+00  0.000D+00  0.000D+00  0.000D+00  0.000D+00  0.000D+00
  0.000D+00  0.000D+00  0.000D+00  0.000D+00  0.000D+00  0.000D+00  0.000D+00
  0.000D+00  0.000D+00  0.000D+00  0.000D+00  0.000D+00  0.000D+00  0.000D+00
  0.000D+00  0.000D+00  0.000D+00  0.000D+00  0.000D+00  0.000D+00  0.000D+00
  0.000D+00  0.000D+00  0.000D+00  0.000D+00  0.000D+00  0.000D+00  0.000D+00
  0.232D+00  0.452D+00  0.642D+00  0.807D+00  0.953D+00  0.108D+01  0.118D+01
  0.126D+01  0.131D+01  0.133D+01  0.129D+01  0.116D+01  0.829D+00  0.626D-09
  0.654D-09  0.680D-09  0.706D-09  0.730D-09  0.931D+00  0.136D+01  0.163D+01
  0.181D+01  0.195D+01  0.207D+01  0.216D+01  0.223D+01  0.229D+01  0.234D+01
  0.237D+01  0.240D+01  0.241D+01  0.241D+01  0.240D+01  0.238D+01  0.233D+01
  0.227D+01  0.219D+01  0.207D+01  0.191D+01  0.168D+01  0.134D+01  0.788D+00
  0.112D-08  0.113D-08  0.114D-08  0.115D-08  0.116D-08  0.116D-08  0.117D-08
  0.118D-08  0.118D-08  0.119D-08  0.278D+00  0.111D+01  0.157D+01  0.187D+01
  0.208D+01  0.224D+01  0.236D+01  0.245D+01  0.252D+01  0.258D+01  0.262D+01
  0.265D+01  0.267D+01  0.268D+01  0.269D+01  0.269D+01  0.268D+01  0.266D+01
  0.264D+01  0.260D+01  0.256D+01  0.251D+01  0.245D+01  0.238D+01  0.229D+01
  0.218D+01  0.205D+01  0.187D+01  0.165D+01  0.133D+01  0.863D+00  0.360D-05
  0.125D-08  0.124D-08  0.124D-08  0.124D-08  0.124D-08  0.124D-08  0.124D-08
  0.123D-08  0.123D-08  0.123D-08  0.123D-08  0.122D-08  0.122D-08  0.122D-08
  0.121D-08  0.749D+00  0.126D+01  0.157D+01  0.178D+01  0.193D+01  0.205D+01
  0.213D+01  0.220D+01  0.225D+01  0.228D+01  0.231D+01  0.234D+01  0.235D+01
  0.236D+01  0.236D+01  0.236D+01  0.236D+01  0.235D+01  0.234D+01  0.233D+01
  0.000D+00  0.000D+00  0.000D+00  0.000D+00  0.000D+00  0.000D+00  0.000D+00
  0.000D+00  0.000D+00  0.000D+00  0.000D+00  0.000D+00  0.000D+00  0.000D+00
  0.000D+00  0.000D+00  0.000D+00  0.000D+00  0.000D+00  0.000D+00  0.000D+00
  0.000D+00  0.000D+00  0.000D+00  0.000D+00  0.000D+00  0.000D+00  0.000D+00
  0.000D+00  0.000D+00  0.000D+00  0.000D+00  0.000D+00  0.000D+00  0.000D+00
  0.000D+00  0.190D+00  0.408D+00  0.597D+00  0.761D+00  0.904D+00  0.103D+01
  0.113D+01  0.120D+01  0.124D+01  0.123D+01  0.115D+01  0.911D+00  0.132D+00
  0.615D-09  0.642D-09  0.668D-09  0.228D+00  0.103D+01  0.139D+01  0.162D+01
  0.179D+01  0.192D+01  0.203D+01  0.211D+01  0.218D+01  0.224D+01  0.229D+01
  0.233D+01  0.235D+01  0.237D+01  0.237D+01  0.237D+01  0.235D+01  0.231D+01
  0.226D+01  0.218D+01  0.207D+01  0.193D+01  0.172D+01  0.141D+01  0.927D+00
  0.763D-06  0.111D-08  0.112D-08  0.113D-08  0.113D-08  0.114D-08  0.115D-08
  0.116D-08  0.116D-08  0.117D-08  0.476D+00  0.121D+01  0.163D+01  0.190D+01
  0.210D+01  0.225D+01  0.236D+01  0.245D+01  0.252D+01  0.257D+01  0.261D+01
  0.264D+01  0.266D+01  0.267D+01  0.268D+01  0.267D+01  0.267D+01  0.265D+01
  0.263D+01  0.260D+01  0.256D+01  0.251D+01  0.245D+01  0.238D+01  0.230D+01
  0.219D+01  0.206D+01  0.190D+01  0.169D+01  0.139D+01  0.958D+00  0.194D+00
  0.124D-08  0.124D-08  0.124D-08  0.124D-08  0.124D-08  0.123D-08  0.123D-08
  0.123D-08  0.123D-08  0.123D-08  0.122D-08  0.122D-08  0.122D-08  0.122D-08
  0.121D-08  0.840D+00  0.131D+01  0.161D+01  0.181D+01  0.195D+01  0.206D+01
  0.214D+01  0.220D+01  0.225D+01  0.229D+01  0.232D+01  0.234D+01  0.235D+01
  0.236D+01  0.237D+01  0.237D+01  0.236D+01  0.236D+01  0.235D+01  0.234D+01
  0.000D+00  0.000D+00  0.000D+00  0.000D+00  0.000D+00  0.000D+00  0.000D+00
  0.000D+00  0.000D+00  0.000D+00  0.000D+00  0.000D+00  0.000D+00  0.000D+00
  0.000D+00  0.000D+00  0.000D+00  0.000D+00  0.000D+00  0.000D+00  0.000D+00
  0.000D+00  0.000D+00  0.000D+00  0.000D+00  0.000D+00  0.000D+00  0.000D+00
  0.000D+00  0.000D+00  0.000D+00  0.000D+00  0.000D+00  0.000D+00  0.000D+00
  0.000D+00  0.000D+00  0.144D+00  0.360D+00  0.547D+00  0.711D+00  0.851D+00
  0.970D+00  0.106D+01  0.113D+01  0.115D+01  0.110D+01  0.925D+00  0.336D+00
  0.575D-09  0.602D-09  0.629D-09  0.399D+00  0.106D+01  0.138D+01  0.159D+01
  0.174D+01  0.187D+01  0.197D+01  0.205D+01  0.212D+01  0.218D+01  0.223D+01
  0.226D+01  0.229D+01  0.231D+01  0.232D+01  0.231D+01  0.230D+01  0.227D+01
  0.222D+01  0.215D+01  0.205D+01  0.192D+01  0.173D+01  0.144D+01  0.996D+00
  0.123D+00  0.109D-08  0.110D-08  0.110D-08  0.111D-08  0.112D-08  0.113D-08
  0.114D-08  0.114D-08  0.115D-08  0.576D+00  0.125D+01  0.165D+01  0.191D+01
  0.210D+01  0.224D+01  0.235D+01  0.243D+01  0.249D+01  0.255D+01  0.259D+01
  0.262D+01  0.264D+01  0.265D+01  0.265D+01  0.265D+01  0.264D+01  0.263D+01
  0.261D+01  0.258D+01  0.254D+01  0.250D+01  0.244D+01  0.237D+01  0.229D+01
  0.219D+01  0.206D+01  0.191D+01  0.170D+01  0.142D+01  0.100D+01  0.288D+00
  0.123D-08  0.123D-08  0.123D-08  0.123D-08  0.123D-08  0.123D-08  0.123D-08
  0.123D-08  0.122D-08  0.122D-08  0.122D-08  0.122D-08  0.122D-08  0.121D-08
  0.841D-06  0.882D+00  0.134D+01  0.162D+01  0.182D+01  0.195D+01  0.206D+01
  0.214D+01  0.220D+01  0.225D+01  0.229D+01  0.231D+01  0.234D+01  0.235D+01
  0.236D+01  0.236D+01  0.237D+01  0.236D+01  0.236D+01  0.235D+01  0.234D+01
  0.000D+00  0.000D+00  0.000D+00  0.000D+00  0.000D+00  0.000D+00  0.000D+00
  0.000D+00  0.000D+00  0.000D+00  0.000D+00  0.000D+00  0.000D+00  0.000D+00
  0.000D+00  0.000D+00  0.000D+00  0.000D+00  0.000D+00  0.000D+00  0.000D+00
  0.000D+00  0.000D+00  0.000D+00  0.000D+00  0.000D+00  0.000D+00  0.000D+00
  0.000D+00  0.000D+00  0.000D+00  0.000D+00  0.000D+00  0.000D+00  0.000D+00
  0.000D+00  0.000D+00  0.000D+00  0.918D-01  0.308D+00  0.494D+00  0.656D+00
  0.794D+00  0.908D+00  0.992D+00  0.104D+01  0.102D+01  0.893D+00  0.399D+00
  0.534D-09  0.562D-09  0.589D-09  0.455D+00  0.105D+01  0.134D+01  0.153D+01
  0.168D+01  0.179D+01  0.189D+01  0.197D+01  0.204D+01  0.210D+01  0.215D+01
  0.219D+01  0.222D+01  0.224D+01  0.225D+01  0.225D+01  0.224D+01  0.221D+01
  0.217D+01  0.211D+01  0.202D+01  0.189D+01  0.171D+01  0.144D+01  0.101D+01
  0.175D+00  0.106D-08  0.107D-08  0.108D-08  0.109D-08  0.110D-08  0.111D-08
  0.112D-08  0.112D-08  0.113D-08  0.599D+00  0.126D+01  0.164D+01  0.189D+01
  0.207D+01  0.221D+01  0.232D+01  0.240D+01  0.246D+01  0.251D+01  0.255D+01
  0.258D+01  0.260D+01  0.262D+01  0.262D+01  0.262D+01  0.261D+01  0.260D+01
  0.258D+01  0.255D+01  0.251D+01  0.247D+01  0.241D+01  0.235D+01  0.227D+01
  0.217D+01  0.205D+01  0.189D+01  0.169D+01  0.142D+01  0.101D+01  0.301D+00
  0.123D-08  0.123D-08  0.123D-08  0.122D-08  0.122D-08  0.122D-08  0.122D-08
  0.122D-08  0.122D-08  0.122D-08  0.122D-08  0.121D-08  0.121D-08  0.121D-08
  0.838D-06  0.884D+00  0.133D+01  0.162D+01  0.181D+01  0.195D+01  0.205D+01
  0.213D+01  0.219D+01  0.224D+01  0.228D+01  0.230D+01  0.233D+01  0.234D+01
  0.235D+01  0.235D+01  0.236D+01  0.235D+01  0.235D+01  0.234D+01  0.233D+01
  0.000D+00  0.000D+00  0.000D+00  0.000D+00  0.000D+00  0.000D+00  0.000D+00
  0.000D+00  0.000D+00  0.000D+00  0.000D+00  0.000D+00  0.000D+00  0.000D+00
  0.000D+00  0.000D+00  0.000D+00  0.000D+00  0.000D+00  0.000D+00  0.000D+00
  0.000D+00  0.000D+00  0.000D+00  0.000D+00  0.000D+00  0.000D+00  0.000D+00
  0.000D+00  0.000D+00  0.000D+00  0.000D+00  0.000D+00  0.000D+00  0.000D+00
  0.000D+00  0.000D+00  0.000D+00  0.000D+00  0.340D-01  0.251D+00  0.437D+00
  0.598D+00  0.733D+00  0.840D+00  0.910D+00  0.924D+00  0.830D+00  0.375D+00
  0.492D-09  0.521D-09  0.549D-09  0.427D+00  0.100D+01  0.128D+01  0.146D+01
  0.160D+01  0.171D+01  0.180D+01  0.188D+01  0.195D+01  0.201D+01  0.206D+01
  0.210D+01  0.214D+01  0.216D+01  0.217D+01  0.218D+01  0.217D+01  0.214D+01
  0.211D+01  0.205D+01  0.196D+01  0.184D+01  0.166D+01  0.140D+01  0.971D+00
  0.115D+00  0.104D-08  0.105D-08  0.106D-08  0.107D-08  0.108D-08  0.108D-08
  0.109D-08  0.110D-08  0.111D-08  0.554D+00  0.122D+01  0.160D+01  0.185D+01
  0.203D+01  0.217D+01  0.227D+01  0.235D+01  0.242D+01  0.247D+01  0.251D+01
  0.254D+01  0.256D+01  0.257D+01  0.258D+01  0.258D+01  0.257D+01  0.256D+01
  0.254D+01  0.251D+01  0.248D+01  0.244D+01  0.238D+01  0.232D+01  0.224D+01
  0.214D+01  0.202D+01  0.186D+01  0.166D+01  0.138D+01  0.969D+00  0.239D+00
  0.122D-08  0.122D-08  0.122D-08  0.122D-08  0.122D-08  0.122D-08  0.121D-08
  0.121D-08  0.121D-08  0.121D-08  0.121D-08  0.121D-08  0.121D-08  0.120D-08
  0.120D-08  0.845D+00  0.131D+01  0.159D+01  0.179D+01  0.193D+01  0.203D+01
  0.211D+01  0.217D+01  0.222D+01  0.226D+01  0.229D+01  0.231D+01  0.233D+01
  0.234D+01  0.234D+01  0.234D+01  0.234D+01  0.233D+01  0.233D+01  0.232D+01
  0.000D+00  0.000D+00  0.000D+00  0.000D+00  0.000D+00  0.000D+00  0.000D+00
  0.000D+00  0.000D+00  0.000D+00  0.000D+00  0.000D+00  0.000D+00  0.000D+00
  0.000D+00  0.000D+00  0.000D+00  0.000D+00  0.000D+00  0.000D+00  0.000D+00
  0.000D+00  0.000D+00  0.000D+00  0.000D+00  0.000D+00  0.000D+00  0.000D+00
  0.000D+00  0.000D+00  0.000D+00  0.000D+00  0.000D+00  0.000D+00  0.000D+00
  0.000D+00  0.000D+00  0.000D+00  0.000D+00  0.000D+00  0.000D+00  0.189D+00
  0.377D+00  0.538D+00  0.669D+00  0.764D+00  0.806D+00  0.741D+00  0.263D+00
  0.449D-09  0.478D-09  0.507D-09  0.315D+00  0.926D+00  0.119D+01  0.137D+01
  0.150D+01  0.161D+01  0.170D+01  0.179D+01  0.185D+01  0.191D+01  0.197D+01
  0.201D+01  0.204D+01  0.207D+01  0.208D+01  0.209D+01  0.208D+01  0.207D+01
  0.203D+01  0.197D+01  0.189D+01  0.177D+01  0.160D+01  0.133D+01  0.885D+00
  0.999D-09  0.101D-08  0.102D-08  0.103D-08  0.104D-08  0.105D-08  0.106D-08
  0.107D-08  0.108D-08  0.109D-08  0.435D+00  0.114D+01  0.154D+01  0.179D+01
  0.198D+01  0.211D+01  0.222D+01  0.230D+01  0.236D+01  0.242D+01  0.246D+01
  0.249D+01  0.251D+01  0.252D+01  0.253D+01  0.253D+01  0.252D+01  0.251D+01
  0.249D+01  0.247D+01  0.243D+01  0.239D+01  0.234D+01  0.227D+01  0.219D+01
  0.210D+01  0.197D+01  0.182D+01  0.161D+01  0.133D+01  0.888D+00  0.808D-01
  0.121D-08  0.121D-08  0.121D-08  0.121D-08  0.121D-08  0.121D-08  0.121D-08
  0.121D-08  0.121D-08  0.120D-08  0.120D-08  0.120D-08  0.120D-08  0.120D-08
  0.120D-08  0.762D+00  0.125D+01  0.155D+01  0.175D+01  0.189D+01  0.200D+01
  0.208D+01  0.215D+01  0.220D+01  0.224D+01  0.227D+01  0.229D+01  0.230D+01
  0.232D+01  0.232D+01  0.232D+01  0.232D+01  0.232D+01  0.231D+01  0.230D+01
  0.000D+00  0.000D+00  0.000D+00  0.000D+00  0.000D+00  0.000D+00  0.000D+00
  0.000D+00  0.000D+00  0.000D+00  0.000D+00  0.000D+00  0.000D+00  0.000D+00
  0.000D+00  0.000D+00  0.000D+00  0.000D+00  0.000D+00  0.000D+00  0.000D+00
  0.000D+00  0.000D+00  0.000D+00  0.000D+00  0.000D+00  0.000D+00  0.000D+00
  0.000D+00  0.000D+00  0.000D+00  0.000D+00  0.000D+00  0.000D+00  0.000D+00
  0.000D+00  0.000D+00  0.000D+00  0.000D+00  0.000D+00  0.000D+00  0.000D+00
  0.119D+00  0.313D+00  0.474D+00  0.600D+00  0.672D+00  0.634D+00  0.373D-09
  0.405D-09  0.435D-09  0.464D-09  0.342D-06  0.820D+00  0.109D+01  0.126D+01
  0.140D+01  0.151D+01  0.160D+01  0.168D+01  0.175D+01  0.181D+01  0.186D+01
  0.191D+01  0.194D+01  0.197D+01  0.199D+01  0.200D+01  0.199D+01  0.197D+01
  0.194D+01  0.189D+01  0.181D+01  0.169D+01  0.151D+01  0.123D+01  0.741D+00
  0.970D-09  0.982D-09  0.994D-09  0.100D-08  0.102D-08  0.103D-08  0.104D-08
  0.105D-08  0.105D-08  0.106D-08  0.215D+00  0.103D+01  0.145D+01  0.171D+01
  0.190D+01  0.204D+01  0.215D+01  0.223D+01  0.230D+01  0.235D+01  0.239D+01
  0.242D+01  0.245D+01  0.246D+01  0.247D+01  0.247D+01  0.247D+01  0.245D+01
  0.244D+01  0.241D+01  0.238D+01  0.234D+01  0.228D+01  0.222D+01  0.214D+01
  0.204D+01  0.191D+01  0.175D+01  0.154D+01  0.123D+01  0.756D+00  0.120D-08
  0.120D-08  0.120D-08  0.120D-08  0.120D-08  0.120D-08  0.120D-08  0.120D-08
  0.120D-08  0.120D-08  0.120D-08  0.119D-08  0.119D-08  0.119D-08  0.119D-08
  0.119D-08  0.626D+00  0.117D+01  0.148D+01  0.170D+01  0.185D+01  0.196D+01
  0.205D+01  0.211D+01  0.216D+01  0.221D+01  0.224D+01  0.226D+01  0.228D+01
  0.229D+01  0.229D+01  0.230D+01  0.230D+01  0.229D+01  0.229D+01  0.228D+01
  0.000D+00  0.000D+00  0.000D+00  0.000D+00  0.000D+00  0.000D+00  0.000D+00
  0.000D+00  0.000D+00  0.000D+00  0.000D+00  0.000D+00  0.000D+00  0.000D+00
  0.000D+00  0.000D+00  0.000D+00  0.000D+00  0.000D+00  0.000D+00  0.000D+00
  0.000D+00  0.000D+00  0.000D+00  0.000D+00  0.000D+00  0.000D+00  0.000D+00
  0.000D+00  0.000D+00  0.000D+00  0.000D+00  0.000D+00  0.000D+00  0.000D+00
  0.000D+00  0.000D+00  0.000D+00  0.000D+00  0.000D+00  0.000D+00  0.000D+00
  0.000D+00  0.340D-01  0.242D+00  0.409D+00  0.522D+00  0.510D+00  0.328D-09
  0.360D-09  0.391D-09  0.421D-09  0.450D-09  0.679D+00  0.973D+00  0.115D+01
  0.128D+01  0.139D+01  0.148D+01  0.156D+01  0.163D+01  0.169D+01  0.175D+01
  0.179D+01  0.183D+01  0.186D+01  0.188D+01  0.189D+01  0.189D+01  0.188D+01
  0.184D+01  0.179D+01  0.171D+01  0.158D+01  0.139D+01  0.108D+01  0.514D+00
  0.941D-09  0.954D-09  0.966D-09  0.977D-09  0.988D-09  0.999D-09  0.101D-08
  0.102D-08  0.103D-08  0.104D-08  0.105D-08  0.851D+00  0.132D+01  0.161D+01
  0.181D+01  0.196D+01  0.207D+01  0.216D+01  0.223D+01  0.228D+01  0.232D+01
  0.235D+01  0.238D+01  0.240D+01  0.240D+01  0.241D+01  0.240D+01  0.239D+01
  0.237D+01  0.235D+01  0.231D+01  0.227D+01  0.222D+01  0.215D+01  0.207D+01
  0.197D+01  0.184D+01  0.167D+01  0.143D+01  0.110D+01  0.551D+00  0.118D-08
  0.118D-08  0.119D-08  0.119D-08  0.119D-08  0.119D-08  0.119D-08  0.119D-08
  0.119D-08  0.119D-08  0.119D-08  0.119D-08  0.119D-08  0.118D-08  0.118D-08
  0.118D-08  0.412D+00  0.104D+01  0.140D+01  0.163D+01  0.179D+01  0.191D+01
  0.200D+01  0.207D+01  0.212D+01  0.217D+01  0.220D+01  0.222D+01  0.224D+01
  0.226D+01  0.226D+01  0.227D+01  0.227D+01  0.226D+01  0.226D+01  0.225D+01
  0.000D+00  0.000D+00  0.000D+00  0.000D+00  0.000D+00  0.000D+00  0.000D+00
  0.000D+00  0.000D+00  0.000D+00  0.000D+00  0.000D+00  0.000D+00  0.000D+00
  0.000D+00  0.000D+00  0.000D+00  0.000D+00  0.000D+00  0.000D+00  0.000D+00
  0.000D+00  0.000D+00  0.000D+00  0.000D+00  0.000D+00  0.000D+00  0.000D+00
  0.000D+00  0.000D+00  0.000D+00  0.000D+00  0.000D+00  0.000D+00  0.000D+00
  0.000D+00  0.000D+00  0.000D+00  0.000D+00  0.000D+00  0.000D+00  0.000D+00
  0.000D+00  0.000D+00  0.000D+00  0.000D+00  0.000D+00  0.272D+00  0.282D-09
  0.314D-09  0.345D-09  0.376D-09  0.406D-09  0.472D+00  0.836D+00  0.102D+01
  0.115D+01  0.126D+01  0.136D+01  0.144D+01  0.151D+01  0.157D+01  0.163D+01
  0.168D+01  0.171D+01  0.175D+01  0.177D+01  0.178D+01  0.178D+01  0.177D+01
  0.173D+01  0.168D+01  0.159D+01  0.145D+01  0.124D+01  0.883D+00  0.120D+00
  0.911D-09  0.924D-09  0.936D-09  0.948D-09  0.960D-09  0.971D-09  0.982D-09
  0.992D-09  0.100D-08  0.101D-08  0.102D-08  0.591D+00  0.116D+01  0.148D+01
  0.170D+01  0.186D+01  0.198D+01  0.207D+01  0.214D+01  0.220D+01  0.224D+01
  0.227D+01  0.230D+01  0.232D+01  0.233D+01  0.233D+01  0.233D+01  0.232D+01
  0.230D+01  0.227D+01  0.224D+01  0.220D+01  0.214D+01  0.207D+01  0.199D+01
  0.188D+01  0.174D+01  0.155D+01  0.130D+01  0.913D+00  0.229D+00  0.117D-08
  0.117D-08  0.117D-08  0.117D-08  0.117D-08  0.117D-08  0.118D-08  0.118D-08
  0.118D-08  0.118D-08  0.118D-08  0.118D-08  0.118D-08  0.117D-08  0.117D-08
  0.117D-08  0.550D-01  0.870D+00  0.128D+01  0.154D+01  0.171D+01  0.184D+01
  0.194D+01  0.202D+01  0.207D+01  0.212D+01  0.215D+01  0.218D+01  0.220D+01
  0.221D+01  0.223D+01  0.223D+01  0.223D+01  0.223D+01  0.222D+01  0.221D+01
  0.000D+00  0.000D+00  0.000D+00  0.000D+00  0.000D+00  0.000D+00  0.000D+00
  0.000D+00  0.000D+00  0.000D+00  0.000D+00  0.000D+00  0.000D+00  0.000D+00
  0.000D+00  0.000D+00  0.000D+00  0.000D+00  0.000D+00  0.000D+00  0.000D+00
  0.000D+00  0.000D+00  0.000D+00  0.000D+00  0.000D+00  0.000D+00  0.000D+00
  0.000D+00  0.000D+00  0.000D+00  0.000D+00  0.000D+00  0.000D+00  0.000D+00
  0.000D+00  0.000D+00  0.000D+00  0.000D+00  0.000D+00  0.000D+00  0.000D+00
  0.000D+00  0.000D+00  0.000D+00  0.000D+00  0.000D+00  0.000D+00  0.234D-09
  0.267D-09  0.299D-09  0.331D-09  0.361D-09  0.390D-09  0.672D+00  0.880D+00
  0.102D+01  0.113D+01  0.122D+01  0.131D+01  0.138D+01  0.144D+01  0.150D+01
  0.155D+01  0.159D+01  0.163D+01  0.165D+01  0.166D+01  0.166D+01  0.165D+01
  0.161D+01  0.155D+01  0.146D+01  0.130D+01  0.105D+01  0.587D+00  0.866D-09
  0.880D-09  0.893D-09  0.906D-09  0.919D-09  0.931D-09  0.942D-09  0.954D-09
  0.964D-09  0.975D-09  0.985D-09  0.995D-09  0.160D+00  0.930D+00  0.132D+01
  0.157D+01  0.174D+01  0.187D+01  0.197D+01  0.204D+01  0.210D+01  0.215D+01
  0.219D+01  0.221D+01  0.223D+01  0.224D+01  0.225D+01  0.224D+01  0.223D+01
  0.222D+01  0.219D+01  0.216D+01  0.211D+01  0.205D+01  0.198D+01  0.189D+01
  0.177D+01  0.162D+01  0.141D+01  0.112D+01  0.643D+00  0.115D-08  0.116D-08
  0.116D-08  0.116D-08  0.116D-08  0.116D-08  0.116D-08  0.116D-08  0.116D-08
  0.116D-08  0.116D-08  0.116D-08  0.116D-08  0.116D-08  0.116D-08  0.116D-08
  0.116D-08  0.116D-08  0.617D+00  0.112D+01  0.142D+01  0.162D+01  0.176D+01
  0.187D+01  0.195D+01  0.202D+01  0.206D+01  0.210D+01  0.213D+01  0.215D+01
  0.217D+01  0.218D+01  0.219D+01  0.219D+01  0.219D+01  0.218D+01  0.217D+01
  0.000D+00  0.000D+00  0.000D+00  0.000D+00  0.000D+00  0.000D+00  0.000D+00
  0.000D+00  0.000D+00  0.000D+00  0.000D+00  0.000D+00  0.000D+00  0.000D+00
  0.000D+00  0.000D+00  0.000D+00  0.000D+00  0.000D+00  0.000D+00  0.000D+00
  0.000D+00  0.000D+00  0.000D+00  0.000D+00  0.000D+00  0.000D+00  0.000D+00
  0.000D+00  0.000D+00  0.000D+00  0.000D+00  0.000D+00  0.000D+00  0.000D+00
  0.000D+00  0.000D+00  0.000D+00  0.000D+00  0.000D+00  0.000D+00  0.000D+00
  0.000D+00  0.000D+00  0.000D+00  0.000D+00  0.000D+00  0.000D+00  0.186D-09
  0.220D-09  0.252D-09  0.284D-09  0.315D-09  0.345D-09  0.433D+00  0.722D+00
  0.874D+00  0.988D+00  0.108D+01  0.117D+01  0.124D+01  0.131D+01  0.137D+01
  0.142D+01  0.146D+01  0.150D+01  0.152D+01  0.153D+01  0.153D+01  0.151D+01
  0.148D+01  0.141D+01  0.129D+01  0.111D+01  0.779D+00  0.818D-09  0.833D-09
  0.847D-09  0.861D-09  0.875D-09  0.888D-09  0.900D-09  0.912D-09  0.924D-09
  0.935D-09  0.946D-09  0.957D-09  0.967D-09  0.977D-09  0.592D+00  0.110D+01
  0.140D+01  0.159D+01  0.174D+01  0.185D+01  0.193D+01  0.200D+01  0.205D+01
  0.209D+01  0.211D+01  0.213D+01  0.215D+01  0.215D+01  0.215D+01  0.214D+01
  0.212D+01  0.210D+01  0.206D+01  0.201D+01  0.195D+01  0.187D+01  0.177D+01
  0.164D+01  0.147D+01  0.123D+01  0.860D+00  0.211D+00  0.114D-08  0.114D-08
  0.114D-08  0.114D-08  0.114D-08  0.115D-08  0.115D-08  0.115D-08  0.115D-08
  0.115D-08  0.115D-08  0.115D-08  0.115D-08  0.115D-08  0.115D-08  0.115D-08
  0.115D-08  0.115D-08  0.213D+00  0.898D+00  0.126D+01  0.150D+01  0.166D+01
  0.178D+01  0.187D+01  0.194D+01  0.200D+01  0.204D+01  0.207D+01  0.210D+01
  0.212D+01  0.213D+01  0.214D+01  0.214D+01  0.214D+01  0.213D+01  0.213D+01
  0.000D+00  0.000D+00  0.000D+00  0.000D+00  0.000D+00  0.000D+00  0.000D+00
  0.000D+00  0.000D+00  0.000D+00  0.000D+00  0.000D+00  0.000D+00  0.000D+00
  0.000D+00  0.000D+00  0.000D+00  0.000D+00  0.000D+00  0.000D+00  0.000D+00
  0.000D+00  0.000D+00  0.000D+00  0.000D+00  0.000D+00  0.000D+00  0.000D+00
  0.000D+00  0.000D+00  0.000D+00  0.000D+00  0.000D+00  0.000D+00  0.000D+00
  0.000D+00  0.000D+00  0.000D+00  0.000D+00  0.000D+00  0.000D+00  0.000D+00
  0.000D+00  0.000D+00  0.000D+00  0.000D+00  0.000D+00  0.000D+00  0.137D-09
  0.171D-09  0.205D-09  0.237D-09  0.268D-09  0.299D-09  0.328D-09  0.522D+00
  0.714D+00  0.838D+00  0.938D+00  0.102D+01  0.110D+01  0.117D+01  0.123D+01
  0.128D+01  0.133D+01  0.136D+01  0.138D+01  0.140D+01  0.139D+01  0.137D+01
  0.132D+01  0.124D+01  0.109D+01  0.842D+00  0.324D+00  0.784D-09  0.799D-09
  0.814D-09  0.828D-09  0.842D-09  0.856D-09  0.869D-09  0.881D-09  0.894D-09
  0.905D-09  0.917D-09  0.928D-09  0.938D-09  0.949D-09  0.666D-06  0.786D+00
  0.117D+01  0.142D+01  0.158D+01  0.171D+01  0.180D+01  0.187D+01  0.193D+01
  0.197D+01  0.201D+01  0.203D+01  0.204D+01  0.205D+01  0.205D+01  0.204D+01
  0.202D+01  0.199D+01  0.195D+01  0.190D+01  0.183D+01  0.174D+01  0.163D+01
  0.148D+01  0.127D+01  0.969D+00  0.471D+00  0.112D-08  0.112D-08  0.112D-08
  0.112D-08  0.113D-08  0.113D-08  0.113D-08  0.113D-08  0.113D-08  0.113D-08
  0.114D-08  0.114D-08  0.114D-08  0.114D-08  0.114D-08  0.114D-08  0.114D-08
  0.114D-08  0.114D-08  0.114D-08  0.569D+00  0.106D+01  0.135D+01  0.154D+01
  0.168D+01  0.178D+01  0.186D+01  0.192D+01  0.197D+01  0.201D+01  0.203D+01
  0.205D+01  0.207D+01  0.208D+01  0.208D+01  0.209D+01  0.208D+01  0.207D+01
  0.000D+00  0.000D+00  0.000D+00  0.000D+00  0.000D+00  0.000D+00  0.000D+00
  0.000D+00  0.000D+00  0.000D+00  0.000D+00  0.000D+00  0.000D+00  0.000D+00
  0.000D+00  0.000D+00  0.000D+00  0.000D+00  0.000D+00  0.000D+00  0.000D+00
  0.000D+00  0.000D+00  0.000D+00  0.000D+00  0.000D+00  0.000D+00  0.000D+00
  0.000D+00  0.000D+00  0.000D+00  0.000D+00  0.000D+00  0.000D+00  0.000D+00
  0.000D+00  0.000D+00  0.000D+00  0.000D+00  0.000D+00  0.000D+00  0.000D+00
  0.000D+00  0.000D+00  0.000D+00  0.000D+00  0.000D+00  0.000D+00  0.871D-10
  0.122D-09  0.156D-09  0.189D-09  0.221D-09  0.252D-09  0.282D-09  0.311D-09
  0.522D+00  0.675D+00  0.783D+00  0.873D+00  0.953D+00  0.102D+01  0.108D+01
  0.114D+01  0.118D+01  0.122D+01  0.124D+01  0.125D+01  0.124D+01  0.121D+01
  0.114D+01  0.103D+01  0.816D+00  0.393D+00  0.733D-09  0.749D-09  0.765D-09
  0.780D-09  0.795D-09  0.809D-09  0.823D-09  0.836D-09  0.849D-09  0.862D-09
  0.874D-09  0.886D-09  0.898D-09  0.909D-09  0.919D-09  0.930D-09  0.254D+00
  0.862D+00  0.118D+01  0.139D+01  0.154D+01  0.165D+01  0.173D+01  0.180D+01
  0.184D+01  0.188D+01  0.191D+01  0.192D+01  0.193D+01  0.193D+01  0.192D+01
  0.190D+01  0.187D+01  0.182D+01  0.176D+01  0.169D+01  0.158D+01  0.145D+01
  0.127D+01  0.100D+01  0.581D+00  0.110D-08  0.110D-08  0.110D-08  0.110D-08
  0.111D-08  0.111D-08  0.111D-08  0.111D-08  0.112D-08  0.112D-08  0.112D-08
  0.112D-08  0.112D-08  0.112D-08  0.112D-08  0.112D-08  0.113D-08  0.113D-08
  0.113D-08  0.113D-08  0.113D-08  0.782D-06  0.751D+00  0.114D+01  0.138D+01
  0.155D+01  0.167D+01  0.176D+01  0.183D+01  0.189D+01  0.193D+01  0.196D+01
  0.198D+01  0.200D+01  0.201D+01  0.202D+01  0.202D+01  0.202D+01  0.201D+01
  0.000D+00  0.000D+00  0.000D+00  0.000D+00  0.000D+00  0.000D+00  0.000D+00
  0.000D+00  0.000D+00  0.000D+00  0.000D+00  0.000D+00  0.000D+00  0.000D+00
  0.000D+00  0.000D+00  0.000D+00  0.000D+00  0.000D+00  0.000D+00  0.000D+00
  0.000D+00  0.000D+00  0.000D+00  0.000D+00  0.000D+00  0.000D+00  0.000D+00
  0.000D+00  0.000D+00  0.000D+00  0.000D+00  0.000D+00  0.000D+00  0.000D+00
  0.000D+00  0.000D+00  0.000D+00  0.000D+00  0.000D+00  0.000D+00  0.000D+00
  0.000D+00  0.000D+00  0.000D+00  0.000D+00  0.000D+00  0.000D+00  0.364D-10
  0.719D-10  0.106D-09  0.140D-09  0.172D-09  0.204D-09  0.235D-09  0.265D-09
  0.294D-09  0.473D+00  0.613D+00  0.712D+00  0.795D+00  0.867D+00  0.930D+00
  0.984D+00  0.103D+01  0.106D+01  0.108D+01  0.108D+01  0.106D+01  0.101D+01
  0.909D+00  0.718D+00  0.313D+00  0.679D-09  0.696D-09  0.713D-09  0.729D-09
  0.745D-09  0.760D-09  0.775D-09  0.789D-09  0.803D-09  0.816D-09  0.829D-09
  0.842D-09  0.854D-09  0.866D-09  0.878D-09  0.889D-09  0.900D-09  0.910D-09
  0.330D+00  0.852D+00  0.114D+01  0.133D+01  0.146D+01  0.157D+01  0.164D+01
  0.169D+01  0.174D+01  0.177D+01  0.178D+01  0.179D+01  0.179D+01  0.178D+01
  0.175D+01  0.172D+01  0.167D+01  0.160D+01  0.151D+01  0.138D+01  0.121D+01
  0.971D+00  0.587D+00  0.107D-08  0.108D-08  0.108D-08  0.108D-08  0.109D-08
  0.109D-08  0.109D-08  0.109D-08  0.110D-08  0.110D-08  0.110D-08  0.110D-08
  0.110D-08  0.111D-08  0.111D-08  0.111D-08  0.111D-08  0.111D-08  0.111D-08
  0.111D-08  0.111D-08  0.111D-08  0.111D-08  0.243D+00  0.837D+00  0.116D+01
  0.138D+01  0.153D+01  0.164D+01  0.172D+01  0.178D+01  0.183D+01  0.187D+01
  0.190D+01  0.192D+01  0.194D+01  0.194D+01  0.195D+01  0.195D+01  0.194D+01
  0.000D+00  0.000D+00  0.000D+00  0.000D+00  0.000D+00  0.000D+00  0.000D+00
  0.000D+00  0.000D+00  0.000D+00  0.000D+00  0.000D+00  0.000D+00  0.000D+00
  0.000D+00  0.000D+00  0.000D+00  0.000D+00  0.000D+00  0.000D+00  0.000D+00
  0.000D+00  0.000D+00  0.000D+00  0.000D+00  0.000D+00  0.000D+00  0.000D+00
  0.000D+00  0.000D+00  0.000D+00  0.000D+00  0.000D+00  0.000D+00  0.000D+00
  0.000D+00  0.000D+00  0.000D+00  0.000D+00  0.000D+00  0.000D+00  0.000D+00
  0.000D+00  0.000D+00  0.000D+00  0.000D+00  0.000D+00  0.000D+00  0.000D+00
  0.209D-10  0.559D-10  0.900D-10  0.123D-09  0.155D-09  0.187D-09  0.217D-09
  0.247D-09  0.275D-09  0.364D+00  0.523D+00  0.620D+00  0.697D+00  0.762D+00
  0.815D+00  0.856D+00  0.883D+00  0.893D+00  0.880D+00  0.834D+00  0.733D+00
  0.527D+00  0.419D-06  0.622D-09  0.640D-09  0.658D-09  0.675D-09  0.692D-09
  0.708D-09  0.724D-09  0.739D-09  0.754D-09  0.768D-09  0.782D-09  0.796D-09
  0.809D-09  0.822D-09  0.834D-09  0.846D-09  0.858D-09  0.869D-09  0.880D-09
  0.890D-09  0.254D+00  0.763D+00  0.104D+01  0.123D+01  0.135D+01  0.145D+01
  0.151D+01  0.156D+01  0.160D+01  0.162D+01  0.163D+01  0.163D+01  0.161D+01
  0.158D+01  0.154D+01  0.148D+01  0.139D+01  0.127D+01  0.111D+01  0.872D+00
  0.493D+00  0.105D-08  0.105D-08  0.105D-08  0.106D-08  0.106D-08  0.107D-08
  0.107D-08  0.107D-08  0.107D-08  0.108D-08  0.108D-08  0.108D-08  0.108D-08
  0.109D-08  0.109D-08  0.109D-08  0.109D-08  0.109D-08  0.109D-08  0.109D-08
  0.110D-08  0.110D-08  0.110D-08  0.110D-08  0.110D-08  0.339D+00  0.853D+00
  0.115D+01  0.134D+01  0.148D+01  0.158D+01  0.166D+01  0.172D+01  0.177D+01
  0.180D+01  0.183D+01  0.185D+01  0.186D+01  0.186D+01  0.186D+01  0.186D+01
  0.000D+00  0.000D+00  0.000D+00  0.000D+00  0.000D+00  0.000D+00  0.000D+00
  0.000D+00  0.000D+00  0.000D+00  0.000D+00  0.000D+00  0.000D+00  0.000D+00
  0.000D+00  0.000D+00  0.000D+00  0.000D+00  0.000D+00  0.000D+00  0.000D+00
  0.000D+00  0.000D+00  0.000D+00  0.000D+00  0.000D+00  0.000D+00  0.000D+00
  0.000D+00  0.000D+00  0.000D+00  0.000D+00  0.000D+00  0.000D+00  0.000D+00
  0.000D+00  0.000D+00  0.000D+00  0.000D+00  0.000D+00  0.000D+00  0.000D+00
  0.000D+00  0.000D+00  0.000D+00  0.000D+00  0.000D+00  0.000D+00  0.000D+00
  0.000D+00  0.468D-11  0.393D-10  0.729D-10  0.106D-09  0.138D-09  0.169D-09
  0.199D-09  0.228D-09  0.256D-09  0.284D-09  0.343D+00  0.473D+00  0.551D+00
  0.606D+00  0.641D+00  0.654D+00  0.638D+00  0.578D+00  0.436D+00  0.530D-01
  0.543D-09  0.563D-09  0.582D-09  0.601D-09  0.619D-09  0.637D-09  0.654D-09
  0.671D-09  0.687D-09  0.703D-09  0.718D-09  0.733D-09  0.747D-09  0.761D-09
  0.775D-09  0.788D-09  0.801D-09  0.813D-09  0.825D-09  0.837D-09  0.848D-09
  0.859D-09  0.870D-09  0.611D-06  0.575D+00  0.875D+00  0.106D+01  0.119D+01
  0.128D+01  0.135D+01  0.139D+01  0.142D+01  0.143D+01  0.142D+01  0.140D+01
  0.137D+01  0.131D+01  0.123D+01  0.111D+01  0.941D+00  0.688D+00  0.266D+00
  0.102D-08  0.102D-08  0.103D-08  0.103D-08  0.104D-08  0.104D-08  0.104D-08
  0.105D-08  0.105D-08  0.105D-08  0.106D-08  0.106D-08  0.106D-08  0.107D-08
  0.107D-08  0.107D-08  0.107D-08  0.107D-08  0.108D-08  0.108D-08  0.108D-08
  0.108D-08  0.108D-08  0.108D-08  0.108D-08  0.108D-08  0.108D-08  0.320D+00
  0.808D+00  0.109D+01  0.128D+01  0.141D+01  0.151D+01  0.158D+01  0.164D+01
  0.168D+01  0.172D+01  0.174D+01  0.175D+01  0.176D+01  0.176D+01  0.176D+01
  0.000D+00  0.000D+00  0.000D+00  0.000D+00  0.000D+00  0.000D+00  0.000D+00
  0.000D+00  0.000D+00  0.000D+00  0.000D+00  0.000D+00  0.000D+00  0.000D+00
  0.000D+00  0.000D+00  0.000D+00  0.000D+00  0.000D+00  0.000D+00  0.000D+00
  0.000D+00  0.000D+00  0.000D+00  0.000D+00  0.000D+00  0.000D+00  0.000D+00
  0.000D+00  0.000D+00  0.000D+00  0.000D+00  0.000D+00  0.000D+00  0.000D+00
  0.000D+00  0.000D+00  0.000D+00  0.000D+00  0.000D+00  0.000D+00  0.000D+00
  0.000D+00  0.000D+00  0.000D+00  0.000D+00  0.000D+00  0.000D+00  0.000D+00
  0.000D+00  0.000D+00  0.000D+00  0.220D-10  0.553D-10  0.877D-10  0.119D-09
  0.150D-09  0.180D-09  0.209D-09  0.237D-09  0.265D-09  0.291D-09  0.317D-09
  0.343D-09  0.367D-09  0.391D-09  0.415D-09  0.437D-09  0.459D-09  0.481D-09
  0.502D-09  0.522D-09  0.542D-09  0.561D-09  0.580D-09  0.598D-09  0.616D-09
  0.633D-09  0.649D-09  0.666D-09  0.681D-09  0.697D-09  0.712D-09  0.726D-09
  0.740D-09  0.754D-09  0.767D-09  0.780D-09  0.792D-09  0.804D-09  0.816D-09
  0.827D-09  0.838D-09  0.849D-09  0.859D-09  0.193D+00  0.585D+00  0.806D+00
  0.949D+00  0.104D+01  0.111D+01  0.114D+01  0.116D+01  0.115D+01  0.112D+01
  0.107D+01  0.980D+00  0.852D+00  0.658D+00  0.347D+00  0.984D-09  0.989D-09
  0.995D-09  0.100D-08  0.100D-08  0.101D-08  0.101D-08  0.102D-08  0.102D-08
  0.103D-08  0.103D-08  0.103D-08  0.104D-08  0.104D-08  0.104D-08  0.105D-08
  0.105D-08  0.105D-08  0.105D-08  0.105D-08  0.106D-08  0.106D-08  0.106D-08
  0.106D-08  0.106D-08  0.106D-08  0.107D-08  0.107D-08  0.107D-08  0.107D-08
  0.181D+00  0.695D+00  0.986D+00  0.118D+01  0.131D+01  0.141D+01  0.148D+01
  0.154D+01  0.158D+01  0.161D+01  0.163D+01  0.164D+01  0.165D+01  0.164D+01
  0.000D+00  0.000D+00  0.000D+00  0.000D+00  0.000D+00  0.000D+00  0.000D+00
  0.000D+00  0.000D+00  0.000D+00  0.000D+00  0.000D+00  0.000D+00  0.000D+00
  0.000D+00  0.000D+00  0.000D+00  0.000D+00  0.000D+00  0.000D+00  0.000D+00
  0.000D+00  0.000D+00  0.000D+00  0.000D+00  0.000D+00  0.000D+00  0.000D+00
  0.000D+00  0.000D+00  0.000D+00  0.000D+00  0.000D+00  0.000D+00  0.000D+00
  0.000D+00  0.000D+00  0.000D+00  0.000D+00  0.000D+00  0.000D+00  0.000D+00
  0.000D+00  0.000D+00  0.000D+00  0.000D+00  0.000D+00  0.000D+00  0.000D+00
  0.000D+00  0.000D+00  0.000D+00  0.000D+00  0.409D-11  0.370D-10  0.691D-10
  0.100D-09  0.131D-09  0.160D-09  0.189D-09  0.217D-09  0.244D-09  0.271D-09
  0.297D-09  0.322D-09  0.346D-09  0.370D-09  0.393D-09  0.416D-09  0.438D-09
  0.459D-09  0.480D-09  0.500D-09  0.520D-09  0.539D-09  0.558D-09  0.576D-09
  0.594D-09  0.611D-09  0.627D-09  0.644D-09  0.659D-09  0.675D-09  0.690D-09
  0.704D-09  0.718D-09  0.732D-09  0.745D-09  0.758D-09  0.770D-09  0.782D-09
  0.794D-09  0.805D-09  0.816D-09  0.827D-09  0.838D-09  0.848D-09  0.857D-09
  0.322D+00  0.522D+00  0.639D+00  0.703D+00  0.726D+00  0.711D+00  0.659D+00
  0.557D+00  0.386D+00  0.834D-01  0.945D-09  0.952D-09  0.958D-09  0.964D-09
  0.969D-09  0.975D-09  0.980D-09  0.985D-09  0.990D-09  0.995D-09  0.999D-09
  0.100D-08  0.101D-08  0.101D-08  0.101D-08  0.102D-08  0.102D-08  0.102D-08
  0.103D-08  0.103D-08  0.103D-08  0.104D-08  0.104D-08  0.104D-08  0.104D-08
  0.104D-08  0.104D-08  0.105D-08  0.105D-08  0.105D-08  0.105D-08  0.105D-08
  0.105D-08  0.105D-08  0.491D+00  0.816D+00  0.103D+01  0.117D+01  0.127D+01
  0.135D+01  0.140D+01  0.144D+01  0.147D+01  0.149D+01  0.150D+01  0.150D+01
  0.000D+00  0.000D+00  0.000D+00  0.000D+00  0.000D+00  0.000D+00  0.000D+00
  0.000D+00  0.000D+00  0.000D+00  0.000D+00  0.000D+00  0.000D+00  0.000D+00
  0.000D+00  0.000D+00  0.000D+00  0.000D+00  0.000D+00  0.000D+00  0.000D+00
  0.000D+00  0.000D+00  0.000D+00  0.000D+00  0.000D+00  0.000D+00  0.000D+00
  0.000D+00  0.000D+00  0.000D+00  0.000D+00  0.000D+00  0.000D+00  0.000D+00
  0.000D+00  0.000D+00  0.000D+00  0.000D+00  0.000D+00  0.000D+00  0.000D+00
  0.000D+00  0.000D+00  0.000D+00  0.000D+00  0.000D+00  0.000D+00  0.000D+00
  0.000D+00  0.000D+00  0.000D+00  0.000D+00  0.000D+00  0.000D+00  0.181D-10
  0.498D-10  0.808D-10  0.111D-09  0.140D-09  0.169D-09  0.196D-09  0.224D-09
  0.250D-09  0.276D-09  0.301D-09  0.325D-09  0.349D-09  0.372D-09  0.394D-09
  0.416D-09  0.437D-09  0.458D-09  0.478D-09  0.498D-09  0.517D-09  0.535D-09
  0.554D-09  0.571D-09  0.588D-09  0.605D-09  0.621D-09  0.637D-09  0.652D-09
  0.667D-09  0.681D-09  0.696D-09  0.709D-09  0.722D-09  0.735D-09  0.748D-09
  0.760D-09  0.772D-09  0.783D-09  0.794D-09  0.805D-09  0.816D-09  0.826D-09
  0.835D-09  0.845D-09  0.854D-09  0.863D-09  0.872D-09  0.880D-09  0.888D-09
  0.896D-09  0.903D-09  0.911D-09  0.918D-09  0.925D-09  0.931D-09  0.937D-09
  0.943D-09  0.949D-09  0.955D-09  0.960D-09  0.965D-09  0.970D-09  0.975D-09
  0.980D-09  0.984D-09  0.988D-09  0.992D-09  0.996D-09  0.999D-09  0.100D-08
  0.101D-08  0.101D-08  0.101D-08  0.101D-08  0.102D-08  0.102D-08  0.102D-08
  0.102D-08  0.103D-08  0.103D-08  0.103D-08  0.103D-08  0.103D-08  0.103D-08
  0.103D-08  0.103D-08  0.104D-08  0.928D-01  0.537D+00  0.791D+00  0.959D+00
  0.108D+01  0.116D+01  0.122D+01  0.126D+01  0.129D+01  0.130D+01  0.130D+01
  0.000D+00  0.000D+00  0.000D+00  0.000D+00  0.000D+00  0.000D+00  0.000D+00
  0.000D+00  0.000D+00  0.000D+00  0.000D+00  0.000D+00  0.000D+00  0.000D+00
  0.000D+00  0.000D+00  0.000D+00  0.000D+00  0.000D+00  0.000D+00  0.000D+00
  0.000D+00  0.000D+00  0.000D+00  0.000D+00  0.000D+00  0.000D+00  0.000D+00
  0.000D+00  0.000D+00  0.000D+00  0.000D+00  0.000D+00  0.000D+00  0.000D+00
  0.000D+00  0.000D+00  0.000D+00  0.000D+00  0.000D+00  0.000D+00  0.000D+00
  0.000D+00  0.000D+00  0.000D+00  0.000D+00  0.000D+00  0.000D+00  0.000D+00
  0.000D+00  0.000D+00  0.000D+00  0.000D+00  0.000D+00  0.000D+00  0.000D+00
  0.000D+00  0.300D-10  0.606D-10  0.905D-10  0.120D-09  0.148D-09  0.175D-09
  0.202D-09  0.228D-09  0.254D-09  0.279D-09  0.303D-09  0.326D-09  0.349D-09
  0.372D-09  0.394D-09  0.415D-09  0.435D-09  0.455D-09  0.475D-09  0.494D-09
  0.513D-09  0.531D-09  0.548D-09  0.565D-09  0.582D-09  0.598D-09  0.614D-09
  0.629D-09  0.644D-09  0.659D-09  0.673D-09  0.686D-09  0.700D-09  0.713D-09
  0.725D-09  0.737D-09  0.749D-09  0.761D-09  0.772D-09  0.783D-09  0.793D-09
  0.803D-09  0.813D-09  0.823D-09  0.832D-09  0.841D-09  0.850D-09  0.858D-09
  0.866D-09  0.874D-09  0.882D-09  0.889D-09  0.896D-09  0.903D-09  0.910D-09
  0.916D-09  0.922D-09  0.928D-09  0.934D-09  0.940D-09  0.945D-09  0.950D-09
  0.955D-09  0.959D-09  0.964D-09  0.968D-09  0.972D-09  0.976D-09  0.980D-09
  0.983D-09  0.987D-09  0.990D-09  0.993D-09  0.996D-09  0.998D-09  0.100D-08
  0.100D-08  0.101D-08  0.101D-08  0.101D-08  0.101D-08  0.101D-08  0.101D-08
  0.102D-08  0.102D-08  0.102D-08  0.102D-08  0.102D-08  0.708D-06  0.385D+00
  0.619D+00  0.770D+00  0.872D+00  0.942D+00  0.988D+00  0.101D+01  0.102D+01
  0.000D+00  0.000D+00  0.000D+00  0.000D+00  0.000D+00  0.000D+00  0.000D+00
  0.000D+00  0.000D+00  0.000D+00  0.000D+00  0.000D+00  0.000D+00  0.000D+00
  0.000D+00  0.000D+00  0.000D+00  0.000D+00  0.000D+00  0.000D+00  0.000D+00
  0.000D+00  0.000D+00  0.000D+00  0.000D+00  0.000D+00  0.000D+00  0.000D+00
  0.000D+00  0.000D+00  0.000D+00  0.000D+00  0.000D+00  0.000D+00  0.000D+00
  0.000D+00  0.000D+00  0.000D+00  0.000D+00  0.000D+00  0.000D+00  0.000D+00
  0.000D+00  0.000D+00  0.000D+00  0.000D+00  0.000D+00  0.000D+00  0.000D+00
  0.000D+00  0.000D+00  0.000D+00  0.000D+00  0.000D+00  0.000D+00  0.000D+00
  0.000D+00  0.000D+00  0.960D-11  0.399D-10  0.695D-10  0.983D-10  0.126D-09
  0.154D-09  0.180D-09  0.206D-09  0.232D-09  0.256D-09  0.280D-09  0.304D-09
  0.327D-09  0.349D-09  0.371D-09  0.392D-09  0.412D-09  0.432D-09  0.452D-09
  0.471D-09  0.489D-09  0.507D-09  0.525D-09  0.542D-09  0.558D-09  0.575D-09
  0.590D-09  0.606D-09  0.621D-09  0.635D-09  0.649D-09  0.663D-09  0.676D-09
  0.689D-09  0.702D-09  0.714D-09  0.726D-09  0.738D-09  0.749D-09  0.760D-09
  0.770D-09  0.780D-09  0.790D-09  0.800D-09  0.809D-09  0.819D-09  0.827D-09
  0.836D-09  0.844D-09  0.852D-09  0.860D-09  0.867D-09  0.875D-09  0.882D-09
  0.888D-09  0.895D-09  0.901D-09  0.907D-09  0.913D-09  0.918D-09  0.924D-09
  0.929D-09  0.934D-09  0.939D-09  0.943D-09  0.948D-09  0.952D-09  0.956D-09
  0.960D-09  0.963D-09  0.967D-09  0.970D-09  0.973D-09  0.976D-09  0.979D-09
  0.982D-09  0.984D-09  0.987D-09  0.989D-09  0.991D-09  0.993D-09  0.994D-09
  0.996D-09  0.997D-09  0.999D-09  0.100D-08  0.100D-08  0.100D-08  0.100D-08
  0.100D-08  0.100D-08  0.161D+00  0.335D+00  0.437D+00  0.492D+00  0.509D+00
  0.000D+00  0.000D+00  0.000D+00  0.000D+00  0.000D+00  0.000D+00  0.000D+00
  0.000D+00  0.000D+00  0.000D+00  0.000D+00  0.000D+00  0.000D+00  0.000D+00
  0.000D+00  0.000D+00  0.000D+00  0.000D+00  0.000D+00  0.000D+00  0.000D+00
  0.000D+00  0.000D+00  0.000D+00  0.000D+00  0.000D+00  0.000D+00  0.000D+00
  0.000D+00  0.000D+00  0.000D+00  0.000D+00  0.000D+00  0.000D+00  0.000D+00
  0.000D+00  0.000D+00  0.000D+00  0.000D+00  0.000D+00  0.000D+00  0.000D+00
  0.000D+00  0.000D+00  0.000D+00  0.000D+00  0.000D+00  0.000D+00  0.000D+00
  0.000D+00  0.000D+00  0.000D+00  0.000D+00  0.000D+00  0.000D+00  0.000D+00
  0.000D+00  0.000D+00  0.000D+00  0.000D+00  0.000D+00  0.000D+00  0.000D+00
  0.104D-09  0.132D-09  0.158D-09  0.184D-09  0.209D-09  0.233D-09  0.257D-09
  0.281D-09  0.303D-09  0.325D-09  0.347D-09  0.368D-09  0.389D-09  0.408D-09
  0.428D-09  0.447D-09  0.465D-09  0.483D-09  0.501D-09  0.518D-09  0.534D-09
  0.551D-09  0.566D-09  0.582D-09  0.597D-09  0.611D-09  0.625D-09  0.639D-09
  0.652D-09  0.665D-09  0.678D-09  0.690D-09  0.702D-09  0.714D-09  0.725D-09
  0.736D-09  0.747D-09  0.757D-09  0.767D-09  0.777D-09  0.786D-09  0.796D-09
  0.804D-09  0.813D-09  0.821D-09  0.829D-09  0.837D-09  0.845D-09  0.852D-09
  0.859D-09  0.866D-09  0.873D-09  0.879D-09  0.885D-09  0.891D-09  0.897D-09
  0.902D-09  0.908D-09  0.913D-09  0.918D-09  0.922D-09  0.927D-09  0.931D-09
  0.935D-09  0.939D-09  0.943D-09  0.947D-09  0.950D-09  0.953D-09  0.956D-09
  0.959D-09  0.962D-09  0.965D-09  0.967D-09  0.969D-09  0.972D-09  0.974D-09
  0.975D-09  0.977D-09  0.979D-09  0.980D-09  0.981D-09  0.138D+00  0.480D+00
  0.683D+00  0.817D+00  0.908D+00  0.970D+00  0.101D+01  0.103D+01  0.104D+01
  0.000D+00  0.000D+00  0.000D+00  0.000D+00  0.000D+00  0.000D+00  0.000D+00
  0.000D+00  0.000D+00  0.000D+00  0.000D+00  0.000D+00  0.000D+00  0.000D+00
  0.000D+00  0.000D+00  0.000D+00  0.000D+00  0.000D+00  0.000D+00  0.000D+00
  0.000D+00  0.000D+00  0.000D+00  0.000D+00  0.000D+00  0.000D+00  0.000D+00
  0.000D+00  0.000D+00  0.000D+00  0.000D+00  0.000D+00  0.000D+00  0.000D+00
  0.000D+00  0.000D+00  0.000D+00  0.000D+00  0.000D+00  0.000D+00  0.000D+00
  0.000D+00  0.000D+00  0.000D+00  0.000D+00  0.000D+00  0.000D+00  0.000D+00
  0.000D+00  0.000D+00  0.000D+00  0.000D+00  0.000D+00  0.000D+00  0.000D+00
  0.000D+00  0.000D+00  0.000D+00  0.000D+00  0.000D+00  0.000D+00  0.000D+00
  0.000D+00  0.000D+00  0.000D+00  0.000D+00  0.000D+00  0.186D-09  0.210D-09
  0.234D-09  0.257D-09  0.280D-09  0.302D-09  0.323D-09  0.344D-09  0.364D-09
  0.384D-09  0.404D-09  0.423D-09  0.441D-09  0.459D-09  0.476D-09  0.493D-09
  0.510D-09  0.526D-09  0.542D-09  0.557D-09  0.572D-09  0.587D-09  0.601D-09
  0.615D-09  0.628D-09  0.641D-09  0.654D-09  0.666D-09  0.678D-09  0.690D-09
  0.701D-09  0.712D-09  0.502D-06  0.118D+00  0.168D+00  0.136D+00  0.763D-09
  0.772D-09  0.781D-09  0.790D-09  0.798D-09  0.806D-09  0.814D-09  0.822D-09
  0.829D-09  0.836D-09  0.843D-09  0.850D-09  0.857D-09  0.863D-09  0.869D-09
  0.875D-09  0.880D-09  0.886D-09  0.891D-09  0.896D-09  0.901D-09  0.905D-09
  0.910D-09  0.914D-09  0.918D-09  0.922D-09  0.926D-09  0.929D-09  0.933D-09
  0.936D-09  0.939D-09  0.942D-09  0.945D-09  0.947D-09  0.950D-09  0.952D-09
  0.954D-09  0.956D-09  0.958D-09  0.361D+00  0.681D+00  0.875D+00  0.101D+01
  0.110D+01  0.117D+01  0.122D+01  0.125D+01  0.127D+01  0.128D+01  0.128D+01
  0.000D+00  0.000D+00  0.000D+00  0.000D+00  0.000D+00  0.000D+00  0.000D+00
  0.000D+00  0.000D+00  0.000D+00  0.000D+00  0.000D+00  0.000D+00  0.000D+00
  0.000D+00  0.000D+00  0.000D+00  0.000D+00  0.000D+00  0.000D+00  0.000D+00
  0.000D+00  0.000D+00  0.000D+00  0.000D+00  0.000D+00  0.000D+00  0.000D+00
  0.000D+00  0.000D+00  0.000D+00  0.000D+00  0.000D+00  0.000D+00  0.000D+00
  0.000D+00  0.000D+00  0.000D+00  0.000D+00  0.000D+00  0.000D+00  0.000D+00
  0.000D+00  0.000D+00  0.000D+00  0.000D+00  0.000D+00  0.000D+00  0.000D+00
  0.000D+00  0.000D+00  0.000D+00  0.000D+00  0.000D+00  0.000D+00  0.000D+00
  0.000D+00  0.000D+00  0.000D+00  0.000D+00  0.000D+00  0.000D+00  0.000D+00
  0.000D+00  0.000D+00  0.000D+00  0.000D+00  0.000D+00  0.000D+00  0.000D+00
  0.000D+00  0.210D-09  0.233D-09  0.255D-09  0.277D-09  0.299D-09  0.319D-09
  0.340D-09  0.360D-09  0.379D-09  0.398D-09  0.416D-09  0.434D-09  0.452D-09
  0.469D-09  0.485D-09  0.501D-09  0.517D-09  0.532D-09  0.547D-09  0.562D-09
  0.576D-09  0.590D-09  0.603D-09  0.616D-09  0.629D-09  0.205D+00  0.500D+00
  0.654D+00  0.750D+00  0.811D+00  0.846D+00  0.861D+00  0.857D+00  0.830D+00
  0.778D+00  0.688D+00  0.543D+00  0.287D+00  0.774D-09  0.783D-09  0.791D-09
  0.798D-09  0.806D-09  0.813D-09  0.820D-09  0.827D-09  0.834D-09  0.840D-09
  0.846D-09  0.852D-09  0.858D-09  0.863D-09  0.869D-09  0.874D-09  0.879D-09
  0.883D-09  0.888D-09  0.892D-09  0.897D-09  0.901D-09  0.904D-09  0.908D-09
  0.912D-09  0.915D-09  0.918D-09  0.921D-09  0.924D-09  0.927D-09  0.929D-09
  0.932D-09  0.326D+00  0.710D+00  0.929D+00  0.107D+01  0.118D+01  0.125D+01
  0.131D+01  0.135D+01  0.138D+01  0.140D+01  0.142D+01  0.142D+01  0.142D+01
  0.000D+00  0.000D+00  0.000D+00  0.000D+00  0.000D+00  0.000D+00  0.000D+00
  0.000D+00  0.000D+00  0.000D+00  0.000D+00  0.000D+00  0.000D+00  0.000D+00
  0.000D+00  0.000D+00  0.000D+00  0.000D+00  0.000D+00  0.000D+00  0.000D+00
  0.000D+00  0.000D+00  0.000D+00  0.000D+00  0.000D+00  0.000D+00  0.000D+00
  0.000D+00  0.000D+00  0.000D+00  0.000D+00  0.000D+00  0.000D+00  0.000D+00
  0.000D+00  0.000D+00  0.000D+00  0.000D+00  0.000D+00  0.000D+00  0.000D+00
  0.000D+00  0.000D+00  0.000D+00  0.000D+00  0.000D+00  0.000D+00  0.000D+00
  0.000D+00  0.000D+00  0.000D+00  0.000D+00  0.000D+00  0.000D+00  0.000D+00
  0.000D+00  0.000D+00  0.000D+00  0.000D+00  0.000D+00  0.000D+00  0.000D+00
  0.000D+00  0.000D+00  0.000D+00  0.000D+00  0.000D+00  0.000D+00  0.000D+00
  0.000D+00  0.000D+00  0.000D+00  0.208D-09  0.231D-09  0.252D-09  0.274D-09
  0.294D-09  0.315D-09  0.334D-09  0.354D-09  0.373D-09  0.391D-09  0.409D-09
  0.426D-09  0.443D-09  0.460D-09  0.476D-09  0.492D-09  0.507D-09  0.522D-09
  0.537D-09  0.551D-09  0.565D-09  0.416D+00  0.658D+00  0.793D+00  0.882D+00
  0.946D+00  0.993D+00  0.103D+01  0.105D+01  0.107D+01  0.107D+01  0.106D+01
  0.105D+01  0.101D+01  0.955D+00  0.869D+00  0.730D+00  0.497D+00  0.758D-09
  0.767D-09  0.774D-09  0.782D-09  0.789D-09  0.797D-09  0.803D-09  0.810D-09
  0.817D-09  0.823D-09  0.829D-09  0.835D-09  0.840D-09  0.846D-09  0.851D-09
  0.856D-09  0.861D-09  0.866D-09  0.870D-09  0.874D-09  0.878D-09  0.882D-09
  0.886D-09  0.890D-09  0.893D-09  0.897D-09  0.900D-09  0.903D-09  0.906D-09
  0.598D+00  0.887D+00  0.106D+01  0.118D+01  0.127D+01  0.134D+01  0.138D+01
  0.142D+01  0.145D+01  0.147D+01  0.149D+01  0.150D+01  0.150D+01  0.150D+01
  0.000D+00  0.000D+00  0.000D+00  0.000D+00  0.000D+00  0.000D+00  0.000D+00
  0.000D+00  0.000D+00  0.000D+00  0.000D+00  0.000D+00  0.000D+00  0.000D+00
  0.000D+00  0.000D+00  0.000D+00  0.000D+00  0.000D+00  0.000D+00  0.000D+00
  0.000D+00  0.000D+00  0.000D+00  0.000D+00  0.000D+00  0.000D+00  0.000D+00
  0.000D+00  0.000D+00  0.000D+00  0.000D+00  0.000D+00  0.000D+00  0.000D+00
  0.000D+00  0.000D+00  0.000D+00  0.000D+00  0.000D+00  0.000D+00  0.000D+00
  0.000D+00  0.000D+00  0.000D+00  0.000D+00  0.000D+00  0.000D+00  0.000D+00
  0.000D+00  0.000D+00  0.000D+00  0.000D+00  0.000D+00  0.000D+00  0.000D+00
  0.000D+00  0.000D+00  0.000D+00  0.000D+00  0.000D+00  0.000D+00  0.000D+00
  0.000D+00  0.000D+00  0.000D+00  0.000D+00  0.000D+00  0.000D+00  0.000D+00
  0.000D+00  0.000D+00  0.000D+00  0.000D+00  0.000D+00  0.205D-09  0.227D-09
  0.248D-09  0.269D-09  0.289D-09  0.309D-09  0.328D-09  0.347D-09  0.365D-09
  0.383D-09  0.400D-09  0.417D-09  0.434D-09  0.450D-09  0.466D-09  0.481D-09
  0.496D-09  0.350D+00  0.637D+00  0.777D+00  0.866D+00  0.933D+00  0.985D+00
  0.103D+01  0.106D+01  0.109D+01  0.111D+01  0.113D+01  0.114D+01  0.114D+01
  0.114D+01  0.113D+01  0.110D+01  0.106D+01  0.100D+01  0.906D+00  0.750D+00
  0.466D+00  0.742D-09  0.750D-09  0.758D-09  0.765D-09  0.772D-09  0.779D-09
  0.786D-09  0.793D-09  0.799D-09  0.805D-09  0.811D-09  0.817D-09  0.822D-09
  0.828D-09  0.833D-09  0.838D-09  0.843D-09  0.847D-09  0.852D-09  0.856D-09
  0.860D-09  0.864D-09  0.868D-09  0.871D-09  0.875D-09  0.250D+00  0.732D+00
  0.978D+00  0.113D+01  0.124D+01  0.132D+01  0.138D+01  0.142D+01  0.146D+01
  0.148D+01  0.151D+01  0.152D+01  0.153D+01  0.154D+01  0.154D+01  0.154D+01
  0.000D+00  0.000D+00  0.000D+00  0.000D+00  0.000D+00  0.000D+00  0.000D+00
  0.000D+00  0.000D+00  0.000D+00  0.000D+00  0.000D+00  0.000D+00  0.000D+00
  0.000D+00  0.000D+00  0.000D+00  0.000D+00  0.000D+00  0.000D+00  0.000D+00
  0.000D+00  0.000D+00  0.000D+00  0.000D+00  0.000D+00  0.000D+00  0.000D+00
  0.000D+00  0.000D+00  0.000D+00  0.000D+00  0.000D+00  0.000D+00  0.000D+00
  0.000D+00  0.000D+00  0.000D+00  0.000D+00  0.000D+00  0.000D+00  0.000D+00
  0.000D+00  0.000D+00  0.000D+00  0.000D+00  0.000D+00  0.000D+00  0.000D+00
  0.000D+00  0.000D+00  0.000D+00  0.000D+00  0.000D+00  0.000D+00  0.000D+00
  0.000D+00  0.000D+00  0.000D+00  0.000D+00  0.000D+00  0.000D+00  0.000D+00
  0.000D+00  0.000D+00  0.000D+00  0.000D+00  0.000D+00  0.000D+00  0.000D+00
  0.000D+00  0.000D+00  0.000D+00  0.000D+00  0.000D+00  0.000D+00  0.000D+00
  0.201D-09  0.222D-09  0.243D-09  0.263D-09  0.283D-09  0.302D-09  0.321D-09
  0.339D-09  0.357D-09  0.374D-09  0.391D-09  0.408D-09  0.424D-09  0.440D-09
  0.507D+00  0.679D+00  0.776D+00  0.845D+00  0.901D+00  0.948D+00  0.989D+00
  0.103D+01  0.106D+01  0.108D+01  0.111D+01  0.113D+01  0.114D+01  0.115D+01
  0.116D+01  0.116D+01  0.115D+01  0.113D+01  0.110D+01  0.106D+01  0.981D+00
  0.859D+00  0.646D+00  0.164D+00  0.725D-09  0.733D-09  0.740D-09  0.748D-09
  0.755D-09  0.762D-09  0.768D-09  0.775D-09  0.781D-09  0.787D-09  0.793D-09
  0.799D-09  0.804D-09  0.809D-09  0.814D-09  0.819D-09  0.824D-09  0.829D-09
  0.833D-09  0.837D-09  0.841D-09  0.845D-09  0.349D+00  0.791D+00  0.102D+01
  0.116D+01  0.126D+01  0.133D+01  0.139D+01  0.143D+01  0.147D+01  0.149D+01
  0.151D+01  0.153D+01  0.154D+01  0.155D+01  0.156D+01  0.156D+01  0.156D+01
  0.000D+00  0.000D+00  0.000D+00  0.000D+00  0.000D+00  0.000D+00  0.000D+00
  0.000D+00  0.000D+00  0.000D+00  0.000D+00  0.000D+00  0.000D+00  0.000D+00
  0.000D+00  0.000D+00  0.000D+00  0.000D+00  0.000D+00  0.000D+00  0.000D+00
  0.000D+00  0.000D+00  0.000D+00  0.000D+00  0.000D+00  0.000D+00  0.000D+00
  0.000D+00  0.000D+00  0.000D+00  0.000D+00  0.000D+00  0.000D+00  0.000D+00
  0.000D+00  0.000D+00  0.000D+00  0.000D+00  0.000D+00  0.000D+00  0.000D+00
  0.000D+00  0.000D+00  0.000D+00  0.000D+00  0.000D+00  0.000D+00  0.000D+00
  0.000D+00  0.000D+00  0.000D+00  0.000D+00  0.000D+00  0.000D+00  0.000D+00
  0.000D+00  0.000D+00  0.000D+00  0.000D+00  0.000D+00  0.000D+00  0.000D+00
  0.000D+00  0.000D+00  0.000D+00  0.000D+00  0.000D+00  0.000D+00  0.000D+00
  0.000D+00  0.000D+00  0.000D+00  0.000D+00  0.000D+00  0.000D+00  0.000D+00
  0.000D+00  0.175D-09  0.196D-09  0.217D-09  0.237D-09  0.256D-09  0.275D-09
  0.294D-09  0.312D-09  0.330D-09  0.347D-09  0.364D-09  0.381D-09  0.520D+00
  0.636D+00  0.710D+00  0.768D+00  0.818D+00  0.862D+00  0.904D+00  0.941D+00
  0.975D+00  0.101D+01  0.103D+01  0.106D+01  0.108D+01  0.110D+01  0.112D+01
  0.113D+01  0.114D+01  0.114D+01  0.114D+01  0.113D+01  0.110D+01  0.107D+01
  0.100D+01  0.900D+00  0.719D+00  0.325D+00  0.700D-09  0.708D-09  0.715D-09
  0.723D-09  0.730D-09  0.737D-09  0.744D-09  0.750D-09  0.756D-09  0.763D-09
  0.769D-09  0.774D-09  0.780D-09  0.785D-09  0.790D-09  0.795D-09  0.800D-09
  0.805D-09  0.809D-09  0.814D-09  0.348D+00  0.798D+00  0.102D+01  0.116D+01
  0.125D+01  0.132D+01  0.138D+01  0.142D+01  0.145D+01  0.148D+01  0.150D+01
  0.152D+01  0.153D+01  0.154D+01  0.155D+01  0.155D+01  0.156D+01  0.156D+01
  0.000D+00  0.000D+00  0.000D+00  0.000D+00  0.000D+00  0.000D+00  0.000D+00
  0.000D+00  0.000D+00  0.000D+00  0.000D+00  0.000D+00  0.000D+00  0.000D+00
  0.000D+00  0.000D+00  0.000D+00  0.000D+00  0.000D+00  0.000D+00  0.000D+00
  0.000D+00  0.000D+00  0.000D+00  0.000D+00  0.000D+00  0.000D+00  0.000D+00
  0.000D+00  0.000D+00  0.000D+00  0.000D+00  0.000D+00  0.000D+00  0.000D+00
  0.000D+00  0.000D+00  0.000D+00  0.000D+00  0.000D+00  0.000D+00  0.000D+00
  0.000D+00  0.000D+00  0.000D+00  0.000D+00  0.000D+00  0.000D+00  0.000D+00
  0.000D+00  0.000D+00  0.000D+00  0.000D+00  0.000D+00  0.000D+00  0.000D+00
  0.000D+00  0.000D+00  0.000D+00  0.000D+00  0.000D+00  0.000D+00  0.000D+00
  0.000D+00  0.000D+00  0.000D+00  0.000D+00  0.000D+00  0.000D+00  0.000D+00
  0.000D+00  0.000D+00  0.000D+00  0.000D+00  0.000D+00  0.000D+00  0.000D+00
  0.000D+00  0.000D+00  0.148D-09  0.169D-09  0.190D-09  0.210D-09  0.229D-09
  0.248D-09  0.267D-09  0.285D-09  0.303D-09  0.000D+00  0.175D+00  0.539D+00
  0.598D+00  0.650D+00  0.697D+00  0.742D+00  0.784D+00  0.823D+00  0.861D+00
  0.896D+00  0.929D+00  0.959D+00  0.988D+00  0.101D+01  0.104D+01  0.106D+01
  0.108D+01  0.109D+01  0.110D+01  0.111D+01  0.111D+01  0.110D+01  0.108D+01
  0.105D+01  0.993D+00  0.901D+00  0.733D+00  0.355D+00  0.674D-09  0.682D-09
  0.689D-09  0.697D-09  0.704D-09  0.711D-09  0.718D-09  0.725D-09  0.731D-09
  0.738D-09  0.744D-09  0.749D-09  0.755D-09  0.761D-09  0.766D-09  0.771D-09
  0.776D-09  0.781D-09  0.249D+00  0.763D+00  0.995D+00  0.113D+01  0.123D+01
  0.130D+01  0.135D+01  0.139D+01  0.142D+01  0.145D+01  0.147D+01  0.149D+01
  0.151D+01  0.152D+01  0.153D+01  0.153D+01  0.154D+01  0.154D+01  0.154D+01
  0.000D+00  0.000D+00  0.000D+00  0.000D+00  0.000D+00  0.000D+00  0.000D+00
  0.000D+00  0.000D+00  0.000D+00  0.000D+00  0.000D+00  0.000D+00  0.000D+00
  0.000D+00  0.000D+00  0.000D+00  0.000D+00  0.000D+00  0.000D+00  0.000D+00
  0.000D+00  0.000D+00  0.000D+00  0.000D+00  0.000D+00  0.000D+00  0.000D+00
  0.000D+00  0.000D+00  0.000D+00  0.000D+00  0.000D+00  0.000D+00  0.000D+00
  0.000D+00  0.000D+00  0.000D+00  0.000D+00  0.000D+00  0.000D+00  0.000D+00
  0.000D+00  0.000D+00  0.000D+00  0.000D+00  0.000D+00  0.000D+00  0.000D+00
  0.000D+00  0.000D+00  0.000D+00  0.000D+00  0.000D+00  0.000D+00  0.000D+00
  0.000D+00  0.000D+00  0.000D+00  0.000D+00  0.000D+00  0.000D+00  0.000D+00
  0.000D+00  0.000D+00  0.000D+00  0.000D+00  0.000D+00  0.000D+00  0.000D+00
  0.000D+00  0.000D+00  0.000D+00  0.000D+00  0.000D+00  0.000D+00  0.000D+00
  0.000D+00  0.000D+00  0.000D+00  0.000D+00  0.142D-09  0.162D-09  0.182D-09
  0.202D-09  0.221D-09  0.000D+00  0.000D+00  0.000D+00  0.000D+00  0.445D+00
  0.495D+00  0.543D+00  0.590D+00  0.635D+00  0.678D+00  0.719D+00  0.758D+00
  0.796D+00  0.831D+00  0.865D+00  0.896D+00  0.925D+00  0.953D+00  0.978D+00
  0.100D+01  0.102D+01  0.104D+01  0.105D+01  0.106D+01  0.106D+01  0.106D+01
  0.104D+01  0.101D+01  0.963D+00  0.875D+00  0.707D+00  0.287D+00  0.647D-09
  0.655D-09  0.663D-09  0.671D-09  0.678D-09  0.685D-09  0.692D-09  0.699D-09
  0.706D-09  0.712D-09  0.718D-09  0.724D-09  0.730D-09  0.735D-09  0.741D-09
  0.746D-09  0.522D-06  0.685D+00  0.944D+00  0.109D+01  0.119D+01  0.126D+01
  0.131D+01  0.135D+01  0.138D+01  0.141D+01  0.143D+01  0.145D+01  0.147D+01
  0.148D+01  0.149D+01  0.150D+01  0.151D+01  0.151D+01  0.151D+01  0.151D+01
  0.000D+00  0.000D+00  0.000D+00  0.000D+00  0.000D+00  0.000D+00  0.000D+00
  0.000D+00  0.000D+00  0.000D+00  0.000D+00  0.000D+00  0.000D+00  0.000D+00
  0.000D+00  0.000D+00  0.000D+00  0.000D+00  0.000D+00  0.000D+00  0.000D+00
  0.000D+00  0.000D+00  0.000D+00  0.000D+00  0.000D+00  0.000D+00  0.000D+00
  0.000D+00  0.000D+00  0.000D+00  0.000D+00  0.000D+00  0.000D+00  0.000D+00
  0.000D+00  0.000D+00  0.000D+00  0.000D+00  0.000D+00  0.000D+00  0.000D+00
  0.000D+00  0.000D+00  0.000D+00  0.000D+00  0.000D+00  0.000D+00  0.000D+00
  0.000D+00  0.000D+00  0.000D+00  0.000D+00  0.000D+00  0.000D+00  0.000D+00
  0.000D+00  0.000D+00  0.000D+00  0.000D+00  0.000D+00  0.000D+00  0.000D+00
  0.000D+00  0.000D+00  0.000D+00  0.000D+00  0.000D+00  0.000D+00  0.000D+00
  0.000D+00  0.000D+00  0.000D+00  0.000D+00  0.000D+00  0.000D+00  0.000D+00
  0.000D+00  0.000D+00  0.000D+00  0.000D+00  0.000D+00  0.114D-09  0.134D-09
  0.000D+00  0.000D+00  0.000D+00  0.000D+00  0.000D+00  0.000D+00  0.000D+00
  0.354D+00  0.407D+00  0.458D+00  0.506D+00  0.552D+00  0.596D+00  0.638D+00
  0.679D+00  0.717D+00  0.754D+00  0.788D+00  0.821D+00  0.852D+00  0.881D+00
  0.908D+00  0.932D+00  0.953D+00  0.971D+00  0.986D+00  0.997D+00  0.100D+01
  0.100D+01  0.989D+00  0.964D+00  0.917D+00  0.827D+00  0.645D+00  0.424D-01
  0.621D-09  0.629D-09  0.637D-09  0.644D-09  0.652D-09  0.659D-09  0.666D-09
  0.673D-09  0.680D-09  0.686D-09  0.692D-09  0.698D-09  0.704D-09  0.710D-09
  0.715D-09  0.551D+00  0.869D+00  0.103D+01  0.113D+01  0.120D+01  0.126D+01
  0.130D+01  0.133D+01  0.136D+01  0.138D+01  0.140D+01  0.142D+01  0.143D+01
  0.145D+01  0.145D+01  0.146D+01  0.147D+01  0.147D+01  0.148D+01  0.148D+01
  0.000D+00  0.000D+00  0.000D+00  0.000D+00  0.000D+00  0.000D+00  0.000D+00
  0.000D+00  0.000D+00  0.000D+00  0.000D+00  0.000D+00  0.000D+00  0.000D+00
  0.000D+00  0.000D+00  0.000D+00  0.000D+00  0.000D+00  0.000D+00  0.000D+00
  0.000D+00  0.000D+00  0.000D+00  0.000D+00  0.000D+00  0.000D+00  0.000D+00
  0.000D+00  0.000D+00  0.000D+00  0.000D+00  0.000D+00  0.000D+00  0.000D+00
  0.000D+00  0.000D+00  0.000D+00  0.000D+00  0.000D+00  0.000D+00  0.000D+00
  0.000D+00  0.000D+00  0.000D+00  0.000D+00  0.000D+00  0.000D+00  0.000D+00
  0.000D+00  0.000D+00  0.000D+00  0.000D+00  0.000D+00  0.000D+00  0.000D+00
  0.000D+00  0.000D+00  0.000D+00  0.000D+00  0.000D+00  0.000D+00  0.000D+00
  0.000D+00  0.000D+00  0.000D+00  0.000D+00  0.000D+00  0.000D+00  0.000D+00
  0.000D+00  0.000D+00  0.000D+00  0.000D+00  0.000D+00  0.000D+00  0.000D+00
  0.000D+00  0.000D+00  0.000D+00  0.000D+00  0.000D+00  0.000D+00  0.000D+00
  0.000D+00  0.000D+00  0.000D+00  0.000D+00  0.000D+00  0.000D+00  0.000D+00
  0.000D+00  0.248D+00  0.305D+00  0.359D+00  0.410D+00  0.458D+00  0.504D+00
  0.548D+00  0.590D+00  0.630D+00  0.668D+00  0.705D+00  0.739D+00  0.772D+00
  0.802D+00  0.830D+00  0.856D+00  0.879D+00  0.899D+00  0.917D+00  0.930D+00
  0.937D+00  0.938D+00  0.929D+00  0.907D+00  0.859D+00  0.762D+00  0.535D+00
  0.585D-09  0.593D-09  0.601D-09  0.609D-09  0.617D-09  0.625D-09  0.632D-09
  0.639D-09  0.646D-09  0.653D-09  0.660D-09  0.666D-09  0.672D-09  0.678D-09
  0.298D+00  0.760D+00  0.952D+00  0.106D+01  0.114D+01  0.120D+01  0.124D+01
  0.127D+01  0.130D+01  0.132D+01  0.135D+01  0.136D+01  0.138D+01  0.139D+01
  0.140D+01  0.141D+01  0.142D+01  0.142D+01  0.143D+01  0.143D+01  0.143D+01
  0.000D+00  0.000D+00  0.000D+00  0.000D+00  0.000D+00  0.000D+00  0.000D+00
  0.000D+00  0.000D+00  0.000D+00  0.000D+00  0.000D+00  0.000D+00  0.000D+00
  0.000D+00  0.000D+00  0.000D+00  0.000D+00  0.000D+00  0.000D+00  0.000D+00
  0.000D+00  0.000D+00  0.000D+00  0.000D+00  0.000D+00  0.000D+00  0.000D+00
  0.000D+00  0.000D+00  0.000D+00  0.000D+00  0.000D+00  0.000D+00  0.000D+00
  0.000D+00  0.000D+00  0.000D+00  0.000D+00  0.000D+00  0.000D+00  0.000D+00
  0.000D+00  0.000D+00  0.000D+00  0.000D+00  0.000D+00  0.000D+00  0.000D+00
  0.000D+00  0.000D+00  0.000D+00  0.000D+00  0.000D+00  0.000D+00  0.000D+00
  0.000D+00  0.000D+00  0.000D+00  0.000D+00  0.000D+00  0.000D+00  0.000D+00
  0.000D+00  0.000D+00  0.000D+00  0.000D+00  0.000D+00  0.000D+00  0.000D+00
  0.000D+00  0.000D+00  0.000D+00  0.000D+00  0.000D+00  0.000D+00  0.000D+00
  0.000D+00  0.000D+00  0.000D+00  0.000D+00  0.000D+00  0.000D+00  0.000D+00
  0.000D+00  0.000D+00  0.000D+00  0.000D+00  0.000D+00  0.000D+00  0.000D+00
  0.000D+00  0.000D+00  0.135D+00  0.196D+00  0.253D+00  0.306D+00  0.357D+00
  0.405D+00  0.451D+00  0.495D+00  0.537D+00  0.577D+00  0.615D+00  0.651D+00
  0.685D+00  0.717D+00  0.747D+00  0.775D+00  0.800D+00  0.823D+00  0.842D+00
  0.857D+00  0.867D+00  0.870D+00  0.864D+00  0.840D+00  0.790D+00  0.674D+00
  0.329D+00  0.557D-09  0.565D-09  0.574D-09  0.582D-09  0.590D-09  0.597D-09
  0.605D-09  0.612D-09  0.619D-09  0.626D-09  0.633D-09  0.639D-09  0.645D-09
  0.599D+00  0.853D+00  0.982D+00  0.107D+01  0.112D+01  0.117D+01  0.120D+01
  0.123D+01  0.126D+01  0.128D+01  0.130D+01  0.131D+01  0.133D+01  0.134D+01
  0.135D+01  0.136D+01  0.136D+01  0.137D+01  0.138D+01  0.138D+01  0.138D+01
  0.000D+00  0.000D+00  0.000D+00  0.000D+00  0.000D+00  0.000D+00  0.000D+00
  0.000D+00  0.000D+00  0.000D+00  0.000D+00  0.000D+00  0.000D+00  0.000D+00
  0.000D+00  0.000D+00  0.000D+00  0.000D+00  0.000D+00  0.000D+00  0.000D+00
  0.000D+00  0.000D+00  0.000D+00  0.000D+00  0.000D+00  0.000D+00  0.000D+00
  0.000D+00  0.000D+00  0.000D+00  0.000D+00  0.000D+00  0.000D+00  0.000D+00
  0.000D+00  0.000D+00  0.000D+00  0.000D+00  0.000D+00  0.000D+00  0.000D+00
  0.000D+00  0.000D+00  0.000D+00  0.000D+00  0.000D+00  0.000D+00  0.000D+00
  0.000D+00  0.000D+00  0.000D+00  0.000D+00  0.000D+00  0.000D+00  0.000D+00
  0.000D+00  0.000D+00  0.000D+00  0.000D+00  0.000D+00  0.000D+00  0.000D+00
  0.000D+00  0.000D+00  0.000D+00  0.000D+00  0.000D+00  0.000D+00  0.000D+00
  0.000D+00  0.000D+00  0.000D+00  0.000D+00  0.000D+00  0.000D+00  0.000D+00
  0.000D+00  0.000D+00  0.000D+00  0.000D+00  0.000D+00  0.000D+00  0.000D+00
  0.000D+00  0.000D+00  0.000D+00  0.000D+00  0.000D+00  0.000D+00  0.000D+00
  0.000D+00  0.000D+00  0.000D+00  0.175D-01  0.819D-01  0.142D+00  0.198D+00
  0.251D+00  0.301D+00  0.349D+00  0.395D+00  0.439D+00  0.481D+00  0.520D+00
  0.558D+00  0.594D+00  0.628D+00  0.660D+00  0.689D+00  0.716D+00  0.741D+00
  0.762D+00  0.780D+00  0.792D+00  0.797D+00  0.792D+00  0.769D+00  0.708D+00
  0.547D+00  0.520D-09  0.529D-09  0.537D-09  0.546D-09  0.554D-09  0.562D-09
  0.570D-09  0.577D-09  0.584D-09  0.591D-09  0.598D-09  0.605D-09  0.289D+00
  0.722D+00  0.886D+00  0.979D+00  0.104D+01  0.109D+01  0.113D+01  0.116D+01
  0.118D+01  0.120D+01  0.122D+01  0.124D+01  0.126D+01  0.127D+01  0.128D+01
  0.129D+01  0.130D+01  0.131D+01  0.131D+01  0.132D+01  0.133D+01  0.133D+01
  0.000D+00  0.000D+00  0.000D+00  0.000D+00  0.000D+00  0.000D+00  0.000D+00
  0.000D+00  0.000D+00  0.000D+00  0.000D+00  0.000D+00  0.000D+00  0.000D+00
  0.000D+00  0.000D+00  0.000D+00  0.000D+00  0.000D+00  0.000D+00  0.000D+00
  0.000D+00  0.000D+00  0.000D+00  0.000D+00  0.000D+00  0.000D+00  0.000D+00
  0.000D+00  0.000D+00  0.000D+00  0.000D+00  0.000D+00  0.000D+00  0.000D+00
  0.000D+00  0.000D+00  0.000D+00  0.000D+00  0.000D+00  0.000D+00  0.000D+00
  0.000D+00  0.000D+00  0.000D+00  0.000D+00  0.000D+00  0.000D+00  0.000D+00
  0.000D+00  0.000D+00  0.000D+00  0.000D+00  0.000D+00  0.000D+00  0.000D+00
  0.000D+00  0.000D+00  0.000D+00  0.000D+00  0.000D+00  0.000D+00  0.000D+00
  0.000D+00  0.000D+00  0.000D+00  0.000D+00  0.000D+00  0.000D+00  0.000D+00
  0.000D+00  0.000D+00  0.000D+00  0.000D+00  0.000D+00  0.000D+00  0.000D+00
  0.000D+00  0.000D+00  0.000D+00  0.000D+00  0.000D+00  0.000D+00  0.000D+00
  0.000D+00  0.000D+00  0.000D+00  0.000D+00  0.000D+00  0.000D+00  0.000D+00
  0.000D+00  0.000D+00  0.000D+00  0.000D+00  0.000D+00  0.000D+00  0.265D-01
  0.853D-01  0.141D+00  0.193D+00  0.243D+00  0.291D+00  0.337D+00  0.380D+00
  0.422D+00  0.461D+00  0.499D+00  0.534D+00  0.568D+00  0.600D+00  0.629D+00
  0.655D+00  0.679D+00  0.699D+00  0.713D+00  0.720D+00  0.716D+00  0.689D+00
  0.607D+00  0.295D+00  0.491D-09  0.500D-09  0.509D-09  0.517D-09  0.525D-09
  0.533D-09  0.541D-09  0.549D-09  0.556D-09  0.563D-09  0.570D-09  0.522D+00
  0.769D+00  0.883D+00  0.953D+00  0.100D+01  0.104D+01  0.107D+01  0.110D+01
  0.112D+01  0.114D+01  0.116D+01  0.118D+01  0.119D+01  0.120D+01  0.122D+01
  0.123D+01  0.124D+01  0.124D+01  0.125D+01  0.126D+01  0.126D+01  0.127D+01
  0.000D+00  0.000D+00  0.000D+00  0.000D+00  0.000D+00  0.000D+00  0.000D+00
  0.000D+00  0.000D+00  0.000D+00  0.000D+00  0.000D+00  0.000D+00  0.000D+00
  0.000D+00  0.000D+00  0.000D+00  0.000D+00  0.000D+00  0.000D+00  0.000D+00
  0.000D+00  0.000D+00  0.000D+00  0.000D+00  0.000D+00  0.000D+00  0.000D+00
  0.000D+00  0.000D+00  0.000D+00  0.000D+00  0.000D+00  0.000D+00  0.000D+00
  0.000D+00  0.000D+00  0.000D+00  0.000D+00  0.000D+00  0.000D+00  0.000D+00
  0.000D+00  0.000D+00  0.000D+00  0.000D+00  0.000D+00  0.000D+00  0.000D+00
  0.000D+00  0.000D+00  0.000D+00  0.000D+00  0.000D+00  0.000D+00  0.000D+00
  0.000D+00  0.000D+00  0.000D+00  0.000D+00  0.000D+00  0.000D+00  0.000D+00
  0.000D+00  0.000D+00  0.000D+00  0.000D+00  0.000D+00  0.000D+00  0.000D+00
  0.000D+00  0.000D+00  0.000D+00  0.000D+00  0.000D+00  0.000D+00  0.000D+00
  0.000D+00  0.000D+00  0.000D+00  0.000D+00  0.000D+00  0.000D+00  0.000D+00
  0.000D+00  0.000D+00  0.000D+00  0.000D+00  0.000D+00  0.000D+00  0.000D+00
  0.000D+00  0.000D+00  0.000D+00  0.000D+00  0.000D+00  0.000D+00  0.000D+00
  0.000D+00  0.000D+00  0.262D-01  0.810D-01  0.133D+00  0.183D+00  0.230D+00
  0.276D+00  0.319D+00  0.360D+00  0.400D+00  0.437D+00  0.473D+00  0.506D+00
  0.538D+00  0.567D+00  0.593D+00  0.615D+00  0.632D+00  0.641D+00  0.636D+00
  0.600D+00  0.458D+00  0.452D-09  0.462D-09  0.471D-09  0.479D-09  0.488D-09
  0.496D-09  0.504D-09  0.512D-09  0.520D-09  0.528D-09  0.535D-09  0.612D+00
  0.772D+00  0.855D+00  0.910D+00  0.951D+00  0.984D+00  0.101D+01  0.104D+01
  0.106D+01  0.108D+01  0.109D+01  0.111D+01  0.112D+01  0.113D+01  0.114D+01
  0.116D+01  0.117D+01  0.117D+01  0.118D+01  0.119D+01  0.120D+01  0.120D+01
  0.000D+00  0.000D+00  0.000D+00  0.000D+00  0.000D+00  0.000D+00  0.000D+00
  0.000D+00  0.000D+00  0.000D+00  0.000D+00  0.000D+00  0.000D+00  0.000D+00
  0.000D+00  0.000D+00  0.000D+00  0.000D+00  0.000D+00  0.000D+00  0.000D+00
  0.000D+00  0.000D+00  0.000D+00  0.000D+00  0.000D+00  0.000D+00  0.000D+00
  0.000D+00  0.000D+00  0.000D+00  0.000D+00  0.000D+00  0.000D+00  0.000D+00
  0.000D+00  0.000D+00  0.000D+00  0.000D+00  0.000D+00  0.000D+00  0.000D+00
  0.000D+00  0.000D+00  0.000D+00  0.000D+00  0.000D+00  0.000D+00  0.000D+00
  0.000D+00  0.000D+00  0.000D+00  0.000D+00  0.000D+00  0.000D+00  0.000D+00
  0.000D+00  0.000D+00  0.000D+00  0.000D+00  0.000D+00  0.000D+00  0.000D+00
  0.000D+00  0.000D+00  0.000D+00  0.000D+00  0.000D+00  0.000D+00  0.000D+00
  0.000D+00  0.000D+00  0.000D+00  0.000D+00  0.000D+00  0.000D+00  0.000D+00
  0.000D+00  0.000D+00  0.000D+00  0.000D+00  0.000D+00  0.000D+00  0.000D+00
  0.000D+00  0.000D+00  0.000D+00  0.000D+00  0.000D+00  0.000D+00  0.000D+00
  0.000D+00  0.000D+00  0.000D+00  0.000D+00  0.000D+00  0.000D+00  0.000D+00
  0.000D+00  0.000D+00  0.000D+00  0.000D+00  0.000D+00  0.187D-01  0.704D-01
  0.120D+00  0.167D+00  0.212D+00  0.255D+00  0.297D+00  0.336D+00  0.374D+00
  0.410D+00  0.443D+00  0.475D+00  0.503D+00  0.528D+00  0.548D+00  0.559D+00
  0.552D+00  0.490D+00  0.413D-09  0.423D-09  0.432D-09  0.441D-09  0.450D-09
  0.458D-09  0.467D-09  0.475D-09  0.483D-09  0.491D-09  0.304D+00  0.637D+00
  0.747D+00  0.810D+00  0.854D+00  0.888D+00  0.917D+00  0.941D+00  0.963D+00
  0.982D+00  0.100D+01  0.102D+01  0.103D+01  0.105D+01  0.106D+01  0.107D+01
  0.108D+01  0.109D+01  0.110D+01  0.111D+01  0.112D+01  0.113D+01  0.113D+01
