   51  120  171    42.476
   51  121  172    43.344
   52  119  171    41.243
   52  120  172    41.732
   52  121  173    42.632
   52  122  174    43.121
   52  123  175    43.867
   52  124  176    44.375
   53  118  171    40.353
   53  119  172    41.419
   53  120  173    41.758
   53  121  174    42.432
   53  122  175    42.683
   53  123  176    43.556
   53  124  177    43.981
   53  125  178    45.530
   53  126  179    45.868
   54  117  171    38.874
   54  118  172    39.499
   54  119  173    40.398
   54  120  174    40.767
   54  121  175    41.430
   54  122  176    41.720
   54  123  177    42.508
   54  124  178    42.937
   54  125  179    44.481
   54  126  180    44.726
   54  127  181    43.463
   54  128  182    42.039
   55  116  171    38.228
   55  117  172    38.950
   55  118  173    39.343
   55  119  174    40.135
   55  120  175    40.445
   55  121  176    41.337
   55  122  177    41.472
   55  123  178    42.307
   55  124  179    42.706
   55  125  180    44.237
   55  126  181    44.505
   55  127  182    43.335
   55  128  183    42.122
   55  129  184    40.773
   55  130  185    39.262
   56  115  171    36.708
   56  116  172    37.217
   56  117  173    37.848
   56  118  174    38.288
   56  119  175    39.144
   56  120  176    39.321
   56  121  177    40.199
   56  122  178    40.389
   56  123  179    41.294
   56  124  180    41.750
   56  125  181    43.233
   56  126  182    43.360
   56  127  183    42.272
   56  128  184    41.253
   56  129  185    39.852
   56  130  186    38.403
   56  131  187    37.679
   56  132  188    36.737
   56  133  189    36.605
   57  114  171    35.639
   57  115  172    36.244
   57  116  173    36.807
   57  117  174    37.358
   57  118  175    37.788
   57  119  176    38.611
   57  120  177    39.040
   57  121  178    39.794
   57  122  179    40.178
   57  123  180    41.013
   57  124  181    41.500
   57  125  182    42.901
   57  126  183    43.203
   57  127  184    42.196
   57  128  185    40.937
   57  129  186    39.769
   57  130  187    38.414
   57  131  188    37.789
   57  132  189    36.975
   57  133  190    36.609
   57  134  191    35.394
   57  135  192    34.277
   58  113  171    34.224
   58  114  172    34.489
   58  115  173    35.202
   58  116  174    35.469
   58  117  175    36.406
   58  118  176    36.761
   58  119  177    37.420
   58  120  178    37.806
   58  121  179    38.624
   58  122  180    39.048
   58  123  181    39.939
   58  124  182    40.588
   58  125  183    41.886
   58  126  184    42.237
   58  127  185    41.230
   58  128  186    40.173
   58  129  187    38.832
   58  130  188    37.534
   58  131  189    36.931
   58  132  190    36.192
   58  133  191    35.722
   58  134  192    35.009
   58  135  193    34.016
   58  136  194    33.090
   58  137  195    32.254
   59  112  171    33.381
   59  113  172    33.745
   59  114  173    33.912
   59  115  174    34.322
   59  116  175    34.611
   59  117  176    35.616
   59  118  177    36.087
   59  119  178    36.765
   59  120  179    37.188
   59  121  180    38.033
   59  122  181    38.503
   59  123  182    39.574
   59  124  183    40.127
   59  125  184    41.465
   59  126  185    41.878
   59  127  186    40.918
   59  128  187    39.729
   59  129  188    38.623
   59  130  189    37.406
   59  131  190    36.979
   59  132  191    36.046
   59  133  192    35.474
   59  134  193    34.503
   59  135  194    34.106
   59  136  195    33.150
   59  137  196    32.539
   59  138  197    31.961
   59  139  198    31.331
   60  111  171    32.652
   60  112  172    32.729
   60  113  173    32.984
   60  114  174    33.239
   60  115  175    33.500
   60  116  176    33.728
   60  117  177    34.544
   60  118  178    35.101
   60  119  179    35.831
   60  120  180    36.017
   60  121  181    36.889
   60  122  182    37.439
   60  123  183    38.507
   60  124  184    39.109
   60  125  185    40.471
   60  126  186    40.857
   60  127  187    39.833
   60  128  188    38.859
   60  129  189    37.605
   60  130  190    36.512
   60  131  191    35.968
   60  132  192    35.021
   60  133  193    34.457
   60  134  194    33.428
   60  135  195    32.648
   60  136  196    31.852
   60  137  197    32.094
   60  138  198    31.608
   60  139  199    30.937
   60  140  200    30.759
   60  141  201    30.585
   61  110  171    32.331
   61  111  172    32.246
   61  112  173    32.252
   61  113  174    32.537
   61  114  175    32.619
   61  115  176    32.908
   61  116  177    33.095
   61  117  178    33.844
   61  118  179    34.270
   61  119  180    35.043
   61  120  181    35.277
   61  121  182    36.403
   61  122  183    36.831
   61  123  184    37.961
   61  124  185    38.614
   61  125  186    40.005
   61  126  187    40.357
   61  127  188    39.422
   61  128  189    38.441
   61  129  190    37.315
   61  130  191    36.275
   61  131  192    35.868
   61  132  193    34.871
   61  133  194    34.232
   61  134  195    33.146
   61  135  196    32.478
   61  136  197    31.890
   61  137  198    31.819
   61  138  199    31.433
   61  139  200    31.146
   61  140  201    30.910
   61  141  202    30.783
   61  142  203    30.739
   61  143  204    30.854
   61  144  205    30.547
   62  109  171    32.270
   62  110  172    32.186
   62  111  173    31.959
   62  112  174    32.036
   62  113  175    32.145
   62  114  176    32.074
   62  115  177    32.502
   62  116  178    32.588
   62  117  179    33.131
   62  118  180    33.701
   62  119  181    34.113
   62  120  182    34.468
   62  121  183    35.411
   62  122  184    35.939
   62  123  185    36.972
   62  124  186    37.623
   62  125  187    38.935
   62  126  188    39.361
   62  127  189    38.367
   62  128  190    37.424
   62  129  191    36.230
   62  130  192    35.282
   62  131  193    34.847
   62  132  194    33.806
   62  133  195    33.158
   62  134  196    32.066
   62  135  197    31.436
   62  136  198    30.998
   62  137  199    30.935
   62  138  200    30.662
   62  139  201    30.518
   62  140  202    30.259
   62  141  203    30.292
   62  142  204    30.334
   62  143  205    30.330
   62  144  206    30.234
   62  145  207    29.957
   62  146  208    29.629
   63  108  171    32.514
   63  109  172    32.609
   63  110  173    31.959
   63  111  174    31.871
   63  112  175    31.621
   63  113  176    31.803
   63  114  177    31.675
   63  115  178    31.976
   63  116  179    32.150
   63  117  180    32.664
   63  118  181    33.006
   63  119  182    33.618
   63  120  183    34.065
   63  121  184    34.931
   63  122  185    35.361
   63  123  186    36.329
   63  124  187    36.899
   63  125  188    38.365
   63  126  189    38.731
   63  127  190    37.746
   63  128  191    36.778
   63  129  192    35.839
   63  130  193    34.824
   63  131  194    34.645
   63  132  195    33.466
   63  133  196    32.851
   63  134  197    31.748
   63  135  198    31.286
   63  136  199    30.834
   63  137  200    30.834
   63  138  201    30.553
   63  139  202    30.501
   63  140  203    30.254
   63  141  204    30.343
   63  142  205    30.368
   63  143  206    30.394
   63  144  207    30.239
   63  145  208    30.044
   63  146  209    29.704
   63  147  210    29.562
   63  148  211    29.366
   64  107  171    32.852
   64  108  172    32.488
   64  109  173    32.326
   64  110  174    31.924
   64  111  175    31.706
   64  112  176    31.469
   64  113  177    31.300
   64  114  178    31.267
   64  115  179    31.724
   64  116  180    31.657
   64  117  181    32.197
   64  118  182    32.593
   64  119  183    33.056
   64  120  184    33.532
   64  121  185    34.133
   64  122  186    34.524
   64  123  187    35.371
   64  124  188    35.913
   64  125  189    37.254
   64  126  190    37.697
   64  127  191    36.641
   64  128  192    35.743
   64  129  193    34.773
   64  130  194    33.841
   64  131  195    33.450
   64  132  196    32.426
   64  133  197    31.797
   64  134  198    30.826
   64  135  199    30.353
   64  136  200    30.000
   64  137  201    29.980
   64  138  202    29.816
   64  139  203    29.615
   64  140  204    29.604
   64  141  205    29.446
   64  142  206    29.604
   64  143  207    29.581
   64  144  208    29.577
   64  145  209    29.495
   64  146  210    29.124
   64  147  211    28.997
   64  148  212    28.745
   64  149  213    28.851
   64  150  214    28.688
   65  106  171    33.013
   65  107  172    32.800
   65  108  173    32.596
   65  109  174    32.169
   65  110  175    31.844
   65  111  176    31.405
   65  112  177    30.949
   65  113  178    30.988
   65  114  179    30.906
   65  115  180    31.309
   65  116  181    31.430
   65  117  182    31.923
   65  118  183    32.076
   65  119  184    32.510
   65  120  185    32.939
   65  121  186    33.675
   65  122  187    33.931
   65  123  188    34.784
   65  124  189    35.249
   65  125  190    36.387
   65  126  191    36.970
   65  127  192    35.860
   65  128  193    34.898
   65  129  194    34.118
   65  130  195    32.991
   65  131  196    32.725
   65  132  197    31.765
   65  133  198    31.190
   65  134  199    30.315
   65  135  200    29.994
   65  136  201    29.626
   65  137  202    29.827
   65  138  203    29.597
   65  139  204    29.547
   65  140  205    29.491
   65  141  206    29.395
   65  142  207    29.455
   65  143  208    29.596
   65  144  209    29.548
   65  145  210    29.572
   65  146  211    29.160
   65  147  212    29.074
   65  148  213    28.689
   65  149  214    28.983
   65  150  215    28.720
   65  151  216    28.621
   65  152  217    28.305
   65  153  218    27.838
   66  105  171    32.573
   66  106  172    31.839
   66  107  173    32.345
   66  108  174    32.386
   66  109  175    31.983
   66  110  176    31.553
   66  111  177    31.186
   66  112  178    30.851
   66  113  179    30.649
   66  114  180    30.602
   66  115  181    31.049
   66  116  182    31.008
   66  117  183    31.427
   66  118  184    31.575
   66  119  185    31.994
   66  120  186    32.394
   66  121  187    32.985
   66  122  188    33.147
   66  123  189    33.859
   66  124  190    34.368
   66  125  191    35.513
   66  126  192    36.046
   66  127  193    34.882
   66  128  194    34.059
   66  129  195    33.150
   66  130  196    32.075
   66  131  197    31.549
   66  132  198    30.567
   66  133  199    29.985
   66  134  200    29.217
   66  135  201    28.880
   66  136  202    28.604
   66  137  203    28.794
   66  138  204    28.635
   66  139  205    28.553
   66  140  206    28.457
   66  141  207    28.431
   66  142  208    28.473
   66  143  209    28.654
   66  144  210    28.651
   66  145  211    28.730
   66  146  212    28.540
   66  147  213    28.275
   66  148  214    28.201
   66  149  215    28.214
   66  150  216    28.126
   66  151  217    28.016
   66  152  218    27.617
   66  153  219    27.283
   66  154  220    26.844
   66  155  221    26.529
   67  104  171    31.250
   67  105  172    31.493
   67  106  173    31.149
   67  107  174    31.573
   67  108  175    31.395
   67  109  176    31.713
   67  110  177    31.300
   67  111  178    30.914
   67  112  179    30.424
   67  113  180    30.365
   67  114  181    30.278
   67  115  182    30.613
   67  116  183    30.551
   67  117  184    31.089
   67  118  185    31.044
   67  119  186    31.428
   67  120  187    31.805
   67  121  188    32.431
   67  122  189    32.560
   67  123  190    33.435
   67  124  191    33.683
   67  125  192    34.821
   67  126  193    35.310
   67  127  194    34.278
   67  128  195    33.321
   67  129  196    32.303
   67  130  197    31.218
   67  131  198    30.663
   67  132  199    29.730
   67  133  200    29.286
   67  134  201    28.558
   67  135  202    28.432
   67  136  203    28.189
   67  137  204    28.437
   67  138  205    28.226
   67  139  206    28.582
   67  140  207    28.410
   67  141  208    28.257
   67  142  209    28.252
   67  143  210    28.472
   67  144  211    28.466
   67  145  212    28.561
   67  146  213    28.427
   67  147  214    28.192
   67  148  215    28.105
   67  149  216    28.105
   67  150  217    28.040
   67  151  218    27.990
   67  152  219    27.535
   67  153  220    27.261
   67  154  221    26.788
   67  155  222    26.525
   67  156  223    26.093
   67  157  224    25.732
   68  103  171    32.342
   68  104  172    31.211
   68  105  173    31.273
   68  106  174    31.018
   68  107  175    30.509
   68  108  176    30.367
   68  109  177    30.274
   68  110  178    30.101
   68  111  179    29.799
   68  112  180    29.362
   68  113  181    29.598
   68  114  182    29.879
   68  115  183    29.848
   68  116  184    30.037
   68  117  185    30.281
   68  118  186    30.440
   68  119  187    30.897
   68  120  188    31.348
   68  121  189    31.735
   68  122  190    31.804
   68  123  191    32.546
   68  124  192    32.978
   68  125  193    34.149
   68  126  194    34.513
   68  127  195    33.458
   68  128  196    32.719
   68  129  197    31.549
   68  130  198    30.324
   68  131  199    29.564
   68  132  200    28.590
   68  133  201    28.067
   68  134  202    27.424
   68  135  203    27.232
   68  136  204    27.048
   68  137  205    27.231
   68  138  206    27.044
   68  139  207    27.307
   68  140  208    27.253
   68  141  209    27.207
   68  142  210    27.236
   68  143  211    27.286
   68  144  212    27.420
   68  145  213    27.498
   68  146  214    27.552
   68  147  215    27.306
   68  148  216    27.189
   68  149  217    27.232
   68  150  218    27.197
   68  151  219    27.081
   68  152  220    26.760
   68  153  221    26.485
   68  154  222    26.142
   68  155  223    26.000
   68  156  224    25.644
   68  157  225    25.336
   68  158  226    24.798
   68  159  227    24.505
   69  102  171    30.807
   69  103  172    31.282
   69  104  173    31.018
   69  105  174    31.349
   69  106  175    31.091
   69  107  176    30.867
   69  108  177    30.402
   69  109  178    30.165
   69  110  179    30.010
   69  111  180    29.538
   69  112  181    29.038
   69  113  182    29.026
   69  114  183    29.017
   69  115  184    29.046
   69  116  185    29.163
   69  117  186    29.345
   69  118  187    29.552
   69  119  188    30.005
   69  120  189    30.746
   69  121  190    31.095
   69  122  191    31.184
   69  123  192    31.927
   69  124  193    32.448
   69  125  194    33.606
   69  126  195    34.019
   69  127  196    32.841
   69  128  197    32.023
   69  129  198    30.820
   69  130  199    29.499
   69  131  200    28.757
   69  132  201    27.856
   69  133  202    27.405
   69  134  203    26.738
   69  135  204    26.594
   69  136  205    26.346
   69  137  206    26.567
   69  138  207    26.469
   69  139  208    26.781
   69  140  209    26.593
   69  141  210    27.071
   69  142  211    26.982
   69  143  212    27.069
   69  144  213    27.142
   69  145  214    27.195
   69  146  215    27.333
   69  147  216    27.147
   69  148  217    26.963
   69  149  218    27.043
   69  150  219    26.884
   69  151  220    26.840
   69  152  221    26.496
   69  153  222    26.382
   69  154  223    26.048
   69  155  224    25.929
   69  156  225    25.572
   69  157  226    25.412
   69  158  227    24.779
   69  159  228    24.635
   69  160  229    24.191
   69  161  230    24.016
   70  101  171    28.598
   70  102  172    29.200
   70  103  173    29.885
   70  104  174    29.840
   70  105  175    30.219
   70  106  176    30.194
   70  107  177    30.474
   70  108  178    30.355
   70  109  179    30.069
   70  110  180    29.818
   70  111  181    29.453
   70  112  182    28.914
   70  113  183    28.541
   70  114  184    28.441
   70  115  185    28.475
   70  116  186    28.339
   70  117  187    28.554
   70  118  188    28.710
   70  119  189    29.085
   70  120  190    29.907
   70  121  191    30.478
   70  122  192    30.696
   70  123  193    31.420
   70  124  194    31.938
   70  125  195    32.926
   70  126  196    33.363
   70  127  197    32.301
   70  128  198    31.368
   70  129  199    29.979
   70  130  200    28.774
   70  131  201    27.697
   70  132  202    26.780
   70  133  203    26.222
   70  134  204    25.690
   70  135  205    25.391
   70  136  206    25.159
   70  137  207    25.262
   70  138  208    25.196
   70  139  209    25.550
   70  140  210    25.293
   70  141  211    25.671
   70  142  212    25.672
   70  143  213    25.775
   70  144  214    25.880
   70  145  215    25.928
   70  146  216    26.081
   70  147  217    26.043
   70  148  218    25.861
   70  149  219    26.044
   70  150  220    25.868
   70  151  221    25.885
   70  152  222    25.677
   70  153  223    25.531
   70  154  224    25.320
   70  155  225    25.193
   70  156  226    24.802
   70  157  227    24.635
   70  158  228    24.117
   70  159  229    24.023
   70  160  230    23.662
   70  161  231    23.577
   70  162  232    23.324
   70  163  233    23.073
   70  164  234    22.382
   71  100  171    26.540
   71  101  172    27.276
   71  102  173    27.649
   71  103  174    28.425
   71  104  175    28.924
   71  105  176    29.423
   71  106  177    29.539
   71  107  178    29.859
   71  108  179    29.924
   71  109  180    29.892
   71  110  181    29.504
   71  111  182    29.253
   71  112  183    28.622
   71  113  184    28.226
   71  114  185    27.995
   71  115  186    27.904
   71  116  187    27.683
   71  117  188    27.998
   71  118  189    28.259
   71  119  190    28.441
   71  120  191    29.431
   71  121  192    29.908
   71  122  193    30.091
   71  123  194    30.824
   71  124  195    31.258
   71  125  196    32.246
   71  126  197    32.574
   71  127  198    31.674
   71  128  199    30.750
   71  129  200    29.360
   71  130  201    28.104
   71  131  202    26.982
   71  132  203    26.046
   71  133  204    25.530
   71  134  205    24.987
   71  135  206    24.730
   71  136  207    24.356
   71  137  208    24.527
   71  138  209    24.354
   71  139  210    24.617
   71  140  211    24.585
   71  141  212    25.107
   71  142  213    25.054
   71  143  214    25.445
   71  144  215    25.457
   71  145  216    25.626
   71  146  217    25.626
   71  147  218    25.691
   71  148  219    25.514
   71  149  220    25.682
   71  150  221    25.505
   71  151  222    25.633
   71  152  223    25.486
   71  153  224    25.346
   71  154  225    25.093
   71  155  226    25.028
   71  156  227    24.587
   71  157  228    24.500
   71  158  229    23.946
   71  159  230    23.937
   71  160  231    23.602
   71  161  232    23.599
   71  162  233    23.370
   71  163  234    23.184
   71  164  235    22.442
   71  165  236    22.023
   71  166  237    21.347
   72   99  171    24.264
   72  100  172    24.649
   72  101  173    25.298
   72  102  174    25.837
   72  103  175    26.517
   72  104  176    27.091
   72  105  177    27.594
   72  106  178    28.207
   72  107  179    28.925
   72  108  180    28.719
   72  109  181    28.928
   72  110  182    28.645
   72  111  183    28.750
   72  112  184    28.071
   72  113  185    27.644
   72  114  186    27.244
   72  115  187    26.975
   72  116  188    26.901
   72  117  189    27.007
   72  118  190    27.438
   72  119  191    27.706
   72  120  192    28.612
   72  121  193    29.303
   72  122  194    29.613
   72  123  195    30.322
   72  124  196    30.799
   72  125  197    31.645
   72  126  198    32.028
   72  127  199    31.122
   72  128  200    30.194
   72  129  201    28.928
   72  130  202    27.704
   72  131  203    26.168
   72  132  204    25.035
   72  133  205    24.443
   72  134  206    23.933
   72  135  207    23.534
   72  136  208    23.119
   72  137  209    23.079
   72  138  210    22.903
   72  139  211    23.314
   72  140  212    23.245
   72  141  213    23.709
   72  142  214    23.707
   72  143  215    24.217
   72  144  216    24.073
   72  145  217    24.251
   72  146  218    24.227
   72  147  219    24.428
   72  148  220    24.288
   72  149  221    24.494
   72  150  222    24.405
   72  151  223    24.457
   72  152  224    24.437
   72  153  225    24.297
   72  154  226    24.108
   72  155  227    24.076
   72  156  228    23.653
   72  157  229    23.563
   72  158  230    23.176
   72  159  231    23.095
   72  160  232    22.828
   72  161  233    22.805
   72  162  234    22.655
   72  163  235    22.388
   72  164  236    22.032
   72  165  237    21.574
   72  166  238    20.940
   72  167  239    20.739
   72  168  240    20.040
   73   98  171    21.956
   73   99  172    22.759
   73  100  173    23.141
   73  101  174    23.931
   73  102  175    24.413
   73  103  176    25.171
   73  104  177    25.419
   73  105  178    26.203
   73  106  179    26.622
   73  107  180    27.260
   73  108  181    27.366
   73  109  182    27.578
   73  110  183    27.620
   73  111  184    28.002
   73  112  185    27.789
   73  113  186    27.721
   73  114  187    27.139
   73  115  188    26.836
   73  116  189    26.661
   73  117  190    26.908
   73  118  191    27.095
   73  119  192    27.475
   73  120  193    27.794
   73  121  194    28.701
   73  122  195    29.029
   73  123  196    29.798
   73  124  197    30.191
   73  125  198    31.071
   73  126  199    31.354
   73  127  200    30.553
   73  128  201    29.636
   73  129  202    28.478
   73  130  203    27.059
   73  131  204    25.865
   73  132  205    24.553
   73  133  206    23.906
   73  134  207    23.280
   73  135  208    23.127
   73  136  209    22.603
   73  137  210    22.748
   73  138  211    22.702
   73  139  212    22.509
   73  140  213    22.778
   73  141  214    23.187
   73  142  215    23.243
   73  143  216    23.694
   73  144  217    23.462
   73  145  218    23.650
   73  146  219    23.713
   73  147  220    23.917
   73  148  221    23.782
   73  149  222    23.898
   73  150  223    23.898
   73  151  224    24.017
   73  152  225    23.981
   73  153  226    23.937
   73  154  227    23.692
   73  155  228    23.643
   73  156  229    23.256
   73  157  230    23.203
   73  158  231    22.747
   73  159  232    22.834
   73  160  233    22.528
   73  161  234    22.588
   73  162  235    22.460
   73  163  236    22.268
   73  164  237    21.914
   73  165  238    21.551
   73  166  239    20.938
   73  167  240    20.774
   73  168  241    20.121
   73  169  242    19.952
   73  170  243    19.480
   74   97  171    19.818
   74   98  172    20.034
   74   99  173    20.713
   74  100  174    21.160
   74  101  175    21.797
   74  102  176    22.251
   74  103  177    22.971
   74  104  178    23.472
   74  105  179    24.138
   74  106  180    24.573
   74  107  181    25.130
   74  108  182    25.260
   74  109  183    25.576
   74  110  184    25.436
   74  111  185    25.707
   74  112  186    25.853
   74  113  187    26.361
   74  114  188    26.714
   74  115  189    26.402
   74  116  190    26.434
   74  117  191    26.545
   74  118  192    26.865
   74  119  193    27.013
   74  120  194    27.443
   74  121  195    27.990
   74  122  196    28.446
   74  123  197    29.183
   74  124  198    29.630
   74  125  199    30.693
   74  126  200    30.961
   74  127  201    30.054
   74  128  202    29.283
   74  129  203    28.080
   74  130  204    26.830
   74  131  205    25.256
   74  132  206    24.088
   74  133  207    23.141
   74  134  208    22.790
   74  135  209    22.416
   74  136  210    21.833
   74  137  211    21.952
   74  138  212    21.766
   74  139  213    21.826
   74  140  214    21.610
   74  141  215    22.070
   74  142  216    22.078
   74  143  217    22.493
   74  144  218    22.266
   74  145  219    22.162
   74  146  220    22.398
   74  147  221    22.459
   74  148  222    22.444
   74  149  223    22.528
   74  150  224    22.636
   74  151  225    22.685
   74  152  226    22.708
   74  153  227    22.662
   74  154  228    22.447
   74  155  229    22.465
   74  156  230    22.079
   74  157  231    21.989
   74  158  232    21.604
   74  159  233    21.690
   74  160  234    21.492
   74  161  235    21.489
   74  162  236    21.492
   74  163  237    21.266
   74  164  238    20.961
   74  165  239    20.797
   74  166  240    20.271
   74  167  241    20.190
   74  168  242    19.655
   74  169  243    19.564
   74  170  244    19.170
   74  171  245    19.226
   74  172  246    18.740
   74  173  247    18.594
   75   96  171    17.513
   75   97  172    17.940
   75   98  173    18.130
   75   99  174    18.811
   75  100  175    19.228
   75  101  176    19.952
   75  102  177    20.561
   75  103  178    21.377
   75  104  179    21.818
   75  105  180    22.499
   75  106  181    22.906
   75  107  182    23.492
   75  108  183    23.617
   75  109  184    23.768
   75  110  185    23.658
   75  111  186    24.130
   75  112  187    24.125
   75  113  188    24.772
   75  114  189    25.134
   75  115  190    25.994
   75  116  191    26.239
   75  117  192    26.366
   75  118  193    26.565
   75  119  194    26.638
   75  120  195    26.757
   75  121  196    27.437
   75  122  197    27.932
   75  123  198    28.690
   75  124  199    29.066
   75  125  200    29.912
   75  126  201    30.222
   75  127  202    29.482
   75  128  203    28.539
   75  129  204    27.392
   75  130  205    26.184
   75  131  206    25.130
   75  132  207    23.728
   75  133  208    22.957
   75  134  209    22.370
   75  135  210    22.220
   75  136  211    21.722
   75  137  212    21.670
   75  138  213    21.619
   75  139  214    21.676
   75  140  215    21.179
   75  141  216    21.369
   75  142  217    21.091
   75  143  218    21.356
   75  144  219    21.329
   75  145  220    21.434
   75  146  221    21.742
   75  147  222    21.906
   75  148  223    21.995
   75  149  224    21.995
   75  150  225    22.055
   75  151  226    22.095
   75  152  227    22.112
   75  153  228    22.133
   75  154  229    21.676
   75  155  230    21.650
   75  156  231    21.348
   75  157  232    21.472
   75  158  233    21.119
   75  159  234    21.240
   75  160  235    20.926
   75  161  236    21.054
   75  162  237    21.025
   75  163  238    20.942
   75  164  239    20.625
   75  165  240    20.437
   75  166  241    19.982
   75  167  242    19.940
   75  168  243    19.410
   75  169  244    19.420
   75  170  245    19.119
   75  171  246    19.278
   75  172  247    18.751
   75  173  248    18.680
   75  174  249    18.160
   75  175  250    17.934
   76   95  171    15.383
   76   96  172    15.495
   76   97  173    15.870
   76   98  174    16.013
   76   99  175    16.366
   76  100  176    16.969
   76  101  177    17.575
   76  102  178    18.118
   76  103  179    18.792
   76  104  180    19.492
   76  105  181    20.170
   76  106  182    20.758
   76  107  183    21.198
   76  108  184    21.294
   76  109  185    21.409
   76  110  186    21.439
   76  111  187    21.670
   76  112  188    21.752
   76  113  189    22.381
   76  114  190    22.888
   76  115  191    23.853
   76  116  192    24.841
   76  117  193    25.332
   76  118  194    25.576
   76  119  195    25.836
   76  120  196    26.153
   76  121  197    26.749
   76  122  198    27.292
   76  123  199    28.073
   76  124  200    28.544
   76  125  201    29.552
   76  126  202    29.834
   76  127  203    29.066
   76  128  204    28.209
   76  129  205    27.084
   76  130  206    25.983
   76  131  207    24.669
   76  132  208    23.291
   76  133  209    22.243
   76  134  210    21.738
   76  135  211    21.534
   76  136  212    21.038
   76  137  213    20.797
   76  138  214    20.463
   76  139  215    20.413
   76  140  216    20.118
   76  141  217    19.749
   76  142  218    19.496
   76  143  219    19.572
   76  144  220    19.574
   76  145  221    19.844
   76  146  222    19.898
   76  147  223    20.254
   76  148  224    20.412
   76  149  225    20.502
   76  150  226    20.660
   76  151  227    20.673
   76  152  228    20.656
   76  153  229    20.387
   76  154  230    19.940
   76  155  231    19.936
   76  156  232    19.789
   76  157  233    20.139
   76  158  234    19.802
   76  159  235    19.698
   76  160  236    19.616
   76  161  237    19.790
   76  162  238    19.971
   76  163  239    19.785
   76  164  240    19.208
   76  165  241    19.215
   76  166  242    18.748
   76  167  243    18.779
   76  168  244    18.528
   76  169  245    18.613
   76  170  246    18.474
   76  171  247    18.676
   76  172  248    18.284
   76  173  249    18.165
   76  174  250    17.776
   76  175  251    17.257
   76  176  252    17.369
   76  177  253    18.107
   77   94  171    13.829
   77   95  172    14.180
   77   96  173    13.978
   77   97  174    14.107
   77   98  175    14.136
   77   99  176    14.657
   77  100  177    14.766
   77  101  178    15.474
   77  102  179    16.026
   77  103  180    16.652
   77  104  181    17.262
   77  105  182    17.818
   77  106  183    18.295
   77  107  184    18.838
   77  108  185    18.982
   77  109  186    19.530
   77  110  187    19.586
   77  111  188    20.062
   77  112  189    20.149
   77  113  190    20.691
   77  114  191    20.945
   77  115  192    22.194
   77  116  193    23.185
   77  117  194    23.838
   77  118  195    24.308
   77  119  196    24.948
   77  120  197    25.267
   77  121  198    26.222
   77  122  199    26.921
   77  123  200    27.703
   77  124  201    28.177
   77  125  202    29.050
   77  126  203    29.353
   77  127  204    28.456
   77  128  205    27.766
   77  129  206    26.690
   77  130  207    25.586
   77  131  208    24.268
   77  132  209    22.953
   77  133  210    21.983
   77  134  211    21.449
   77  135  212    21.132
   77  136  213    20.747
   77  137  214    20.496
   77  138  215    19.994
   77  139  216    19.489
   77  140  217    18.908
   77  141  218    18.584
   77  142  219    18.312
   77  143  220    18.464
   77  144  221    18.274
   77  145  222    18.566
   77  146  223    18.620
   77  147  224    18.994
   77  148  225    19.081
   77  149  226    19.478
   77  150  227    19.493
   77  151  228    19.827
   77  152  229    19.459
   77  153  230    19.443
   77  154  231    18.765
   77  155  232    18.973
   77  156  233    18.875
   77  157  234    19.170
   77  158  235    18.790
   77  159  236    18.672
   77  160  237    18.665
   77  161  238    18.933
   77  162  239    19.093
   77  163  240    18.930
   77  164  241    18.487
   77  165  242    18.424
   77  166  243    17.940
   77  167  244    18.121
   77  168  245    18.038
   77  169  246    18.162
   77  170  247    17.944
   77  171  248    18.495
   77  172  249    18.171
   77  173  250    18.026
   77  174  251    17.572
   77  175  252    17.730
   77  176  253    17.454
   77  177  254    18.248
   77  178  255    18.033
   77  179  256    18.167
   78   93  171    11.356
   78   94  172    11.734
   78   95  173    12.234
   78   96  174    12.392
   78   97  175    12.523
   78   98  176    12.381
   78   99  177    12.477
   78  100  178    12.817
   78  101  179    13.339
   78  102  180    13.778
   78  103  181    14.426
   78  104  182    14.904
   78  105  183    15.462
   78  106  184    16.091
   78  107  185    16.657
   78  108  186    17.063
   78  109  187    17.590
   78  110  188    17.746
   78  111  189    18.257
   78  112  190    18.799
   78  113  191    19.603
   78  114  192    20.082
   78  115  193    20.838
   78  116  194    21.469
   78  117  195    22.260
   78  118  196    23.010
   78  119  197    23.672
   78  120  198    24.536
   78  121  199    25.523
   78  122  200    26.303
   78  123  201    27.056
   78  124  202    27.512
   78  125  203    28.344
   78  126  204    28.502
   78  127  205    27.636
   78  128  206    26.982
   78  129  207    25.770
   78  130  208    24.767
   78  131  209    23.443
   78  132  210    22.334
   78  133  211    21.480
   78  134  212    20.813
   78  135  213    20.320
   78  136  214    19.739
   78  137  215    19.439
   78  138  216    18.966
   78  139  217    18.353
   78  140  218    17.753
   78  141  219    17.320
   78  142  220    16.903
   78  143  221    16.696
   78  144  222    16.670
   78  145  223    16.700
   78  146  224    16.780
   78  147  225    16.983
   78  148  226    17.075
   78  149  227    17.550
   78  150  228    17.454
   78  151  229    17.747
   78  152  230    17.645
   78  153  231    17.328
   78  154  232    17.218
   78  155  233    17.469
   78  156  234    17.417
   78  157  235    17.540
   78  158  236    17.243
   78  159  237    17.181
   78  160  238    17.327
   78  161  239    17.487
   78  162  240    17.630
   78  163  241    17.559
   78  164  242    17.183
   78  165  243    16.965
   78  166  244    16.816
   78  167  245    16.799
   78  168  246    16.697
   78  169  247    16.997
   78  170  248    16.863
   78  171  249    17.303
   78  172  250    17.332
   78  173  251    17.542
   78  174  252    17.328
   78  175  253    17.537
   78  176  254    17.492
   78  177  255    17.769
   78  178  256    17.746
   78  179  257    17.885
   78  180  258    17.653
   78  181  259    17.703
   78  182  260    17.335
   79   92  171    10.830
   79   93  172    10.939
   79   94  173    10.943
   79   95  174    10.638
   79   96  175    11.001
   79   97  176    11.277
   79   98  177    11.074
   79   99  178    11.225
   79  100  179    11.357
   79  101  180    11.831
   79  102  181    12.283
   79  103  182    12.763
   79  104  183    13.197
   79  105  184    13.838
   79  106  185    14.315
   79  107  186    15.029
   79  108  187    15.329
   79  109  188    16.010
   79  110  189    16.573
   79  111  190    17.161
   79  112  191    17.985
   79  113  192    18.872
   79  114  193    19.260
   79  115  194    19.958
   79  116  195    20.540
   79  117  196    21.472
   79  118  197    22.305
   79  119  198    23.160
   79  120  199    23.969
   79  121  200    25.066
   79  122  201    25.777
   79  123  202    26.527
   79  124  203    27.014
   79  125  204    27.950
   79  126  205    28.032
   79  127  206    27.091
   79  128  207    26.364
   79  129  208    25.361
   79  130  209    24.249
   79  131  210    22.930
   79  132  211    21.868
   79  133  212    21.288
   79  134  213    20.542
   79  135  214    19.948
   79  136  215    19.252
   79  137  216    18.840
   79  138  217    18.237
   79  139  218    17.767
   79  140  219    16.955
   79  141  220    16.406
   79  142  221    15.775
   79  143  222    15.581
   79  144  223    15.512
   79  145  224    15.443
   79  146  225    15.352
   79  147  226    15.711
   79  148  227    15.786
   79  149  228    16.519
   79  150  229    16.178
   79  151  230    16.984
   79  152  231    16.313
   79  153  232    16.475
   79  154  233    16.251
   79  155  234    16.503
   79  156  235    16.362
   79  157  236    16.463
   79  158  237    16.230
   79  159  238    16.408
   79  160  239    16.468
   79  161  240    16.582
   79  162  241    16.627
   79  163  242    16.607
   79  164  243    16.237
   79  165  244    16.084
   79  166  245    15.690
   79  167  246    15.992
   79  168  247    16.236
   79  169  248    16.773
   79  170  249    16.943
   79  171  250    17.570
   79  172  251    17.570
   79  173  252    17.819
   79  174  253    17.387
   79  175  254    17.699
   79  176  255    17.774
   79  177  256    17.643
   79  178  257    17.613
   79  179  258    17.863
   79  180  259    17.599
   79  181  260    17.615
   79  182  261    17.310
   79  183  262    17.318
   79  184  263    17.267
   80   91  171    10.030
   80   92  172     9.815
   80   93  173     9.790
   80   94  174     9.627
   80   95  175     9.772
   80   96  176     9.622
   80   97  177     9.409
   80   98  178     9.324
   80   99  179     9.678
   80  100  180     9.812
   80  101  181    10.269
   80  102  182    10.852
   80  103  183    11.319
   80  104  184    11.918
   80  105  185    12.431
   80  106  186    12.988
   80  107  187    13.500
   80  108  188    13.983
   80  109  189    14.524
   80  110  190    15.223
   80  111  191    16.024
   80  112  192    16.754
   80  113  193    17.558
   80  114  194    18.096
   80  115  195    18.792
   80  116  196    19.653
   80  117  197    20.477
   80  118  198    21.447
   80  119  199    22.235
   80  120  200    23.229
   80  121  201    24.046
   80  122  202    24.794
   80  123  203    25.552
   80  124  204    26.108
   80  125  205    27.093
   80  126  206    27.210
   80  127  207    26.103
   80  128  208    25.511
   80  129  209    24.372
   80  130  210    23.318
   80  131  211    22.169
   80  132  212    21.267
   80  133  213    20.440
   80  134  214    19.804
   80  135  215    19.001
   80  136  216    18.330
   80  137  217    17.726
   80  138  218    17.038
   80  139  219    16.530
   80  140  220    15.690
   80  141  221    15.134
   80  142  222    14.561
   80  143  223    14.415
   80  144  224    14.126
   80  145  225    14.191
   80  146  226    14.302
   80  147  227    14.593
   80  148  228    14.711
   80  149  229    15.091
   80  150  230    14.954
   80  151  231    15.159
   80  152  232    14.969
   80  153  233    15.113
   80  154  234    14.855
   80  155  235    15.086
   80  156  236    14.965
   80  157  237    14.995
   80  158  238    14.910
   80  159  239    14.897
   80  160  240    14.971
   80  161  241    15.211
   80  162  242    15.240
   80  163  243    15.218
   80  164  244    14.903
   80  165  245    14.712
   80  166  246    15.111
   80  167  247    15.500
   80  168  248    15.773
   80  169  249    16.119
   80  170  250    16.395
   80  171  251    16.790
   80  172  252    16.891
   80  173  253    17.279
   80  174  254    17.379
   80  175  255    17.740
   80  176  256    17.620
   80  177  257    17.773
   80  178  258    17.764
   80  179  259    18.022
   80  180  260    17.791
   80  181  261    17.839
   80  182  262    17.692
   80  183  263    17.746
   80  184  264    17.408
   80  185  265    16.524
   80  186  266    15.628
   81   92  173     9.113
   81   93  174     8.957
   81   94  175     9.131
   81   95  176     9.189
   81   96  177     9.038
   81   97  178     9.008
   81   98  179     8.808
   81   99  180     8.652
   81  100  181     8.859
   81  101  182     8.983
   81  102  183     9.492
   81  103  184     9.869
   81  104  185    10.437
   81  105  186    10.972
   81  106  187    11.482
   81  107  188    12.110
   81  108  189    12.741
   81  109  190    13.495
   81  110  191    14.308
   81  111  192    15.129
   81  112  193    15.991
   81  113  194    16.377
   81  114  195    17.085
   81  115  196    18.039
   81  116  197    18.850
   81  117  198    19.733
   81  118  199    20.634
   81  119  200    21.660
   81  120  201    22.233
   81  121  202    23.290
   81  122  203    24.040
   81  123  204    24.795
   81  124  205    25.487
   81  125  206    26.378
   81  126  207    26.497
   81  127  208    25.554
   81  128  209    24.721
   81  129  210    23.548
   81  130  211    22.415
   81  131  212    21.580
   81  132  213    20.787
   81  133  214    19.971
   81  134  215    19.191
   81  135  216    18.497
   81  136  217    17.781
   81  137  218    17.311
   81  138  219    16.498
   81  139  220    15.877
   81  140  221    14.991
   81  141  222    14.328
   81  142  223    13.641
   81  143  224    13.494
   81  144  225    13.332
   81  145  226    13.536
   81  146  227    13.526
   81  147  228    13.886
   81  148  229    13.860
   81  149  230    14.150
   81  150  231    13.989
   81  151  232    14.203
   81  152  233    13.962
   81  153  234    14.091
   81  154  235    13.815
   81  155  236    13.940
   81  156  237    13.781
   81  157  238    14.117
   81  158  239    14.016
   81  159  240    14.289
   81  160  241    14.068
   81  161  242    14.308
   81  162  243    14.370
   81  163  244    14.433
   81  164  245    14.193
   81  165  246    14.346
   81  166  247    14.533
   81  167  248    14.883
   81  168  249    15.230
   81  169  250    15.616
   81  170  251    15.981
   81  171  252    16.532
   81  172  253    16.748
   81  173  254    17.205
   81  174  255    17.098
   81  175  256    17.501
   81  176  257    17.580
   81  177  258    17.757
   81  178  259    17.900
   81  179  260    18.326
   81  180  261    18.176
   81  181  262    18.512
   81  182  263    18.255
   81  183  264    18.370
   81  184  265    17.793
   81  185  266    16.948
   81  186  267    15.932
   81  187  268    14.452
   81  188  269    13.283
   82   93  175     7.620
   82   94  176     7.581
   82   95  177     7.737
   82   96  178     7.986
   82   97  179     8.155
   82   98  180     8.473
   82   99  181     8.478
   82  100  182     8.625
   82  101  183     8.647
   82  102  184     8.924
   82  103  185     9.118
   82  104  186     9.609
   82  105  187     9.827
   82  106  188    10.318
   82  107  189    10.631
   82  108  190    11.178
   82  109  191    11.683
   82  110  192    12.850
   82  111  193    13.569
   82  112  194    14.496
   82  113  195    14.772
   82  114  196    15.662
   82  115  197    16.364
   82  116  198    17.280
   82  117  199    18.088
   82  118  200    18.894
   82  119  201    19.666
   82  120  202    20.478
   82  121  203    20.906
   82  122  204    21.910
   82  123  205    23.082
   82  124  206    23.938
   82  125  207    24.763
   82  126  208    24.952
   82  127  209    23.968
   82  128  210    22.911
   82  129  211    21.876
   82  130  212    20.769
   82  131  213    19.869
   82  132  214    19.130
   82  133  215    18.435
   82  134  216    17.952
   82  135  217    17.481
   82  136  218    16.832
   82  137  219    16.129
   82  138  220    15.328
   82  139  221    14.453
   82  140  222    13.703
   82  141  223    12.885
   82  142  224    12.482
   82  143  225    12.426
   82  144  226    12.335
   82  145  227    12.302
   82  146  228    12.164
   82  147  229    12.385
   82  148  230    12.582
   82  149  231    12.819
   82  150  232    12.667
   82  151  233    12.895
   82  152  234    12.637
   82  153  235    12.699
   82  154  236    12.409
   82  155  237    12.395
   82  156  238    12.231
   82  157  239    12.367
   82  158  240    12.424
   82  159  241    12.815
   82  160  242    12.772
   82  161  243    13.008
   82  162  244    13.073
   82  163  245    13.213
   82  164  246    13.239
   82  165  247    13.416
   82  166  248    13.598
   82  167  249    13.848
   82  168  250    14.058
   82  169  251    14.611
   82  170  252    14.853
   82  171  253    15.292
   82  172  254    15.278
   82  173  255    15.717
   82  174  256    15.668
   82  175  257    16.180
   82  176  258    16.302
   82  177  259    17.033
   82  178  260    17.325
   82  179  261    17.872
   82  180  262    17.967
   82  181  263    18.298
   82  182  264    18.079
   82  183  265    18.205
   82  184  266    17.713
   82  185  267    16.496
   82  186  268    15.426
   82  187  269    13.938
   82  188  270    12.962
   82  189  271    12.569
   82  190  272    12.085
   82  191  273    11.957
   83   95  178     5.331
   83   96  179     5.398
   83   97  180     5.689
   83   98  181     5.726
   83   99  182     6.401
   83  100  183     6.526
   83  101  184     7.160
   83  102  185     7.381
   83  103  186     7.746
   83  104  187     7.749
   83  105  188     8.136
   83  106  189     8.605
   83  107  190     9.145
   83  108  191     9.452
   83  109  192     9.991
   83  110  193    10.592
   83  111  194    11.143
   83  112  195    11.793
   83  113  196    12.315
   83  114  197    13.287
   83  115  198    14.235
   83  116  199    15.221
   83  117  200    16.177
   83  118  201    16.989
   83  119  202    17.896
   83  120  203    18.710
   83  121  204    19.595
   83  122  205    20.470
   83  123  206    21.418
   83  124  207    22.281
   83  125  208    23.228
   83  126  209    23.884
   83  127  210    22.744
   83  128  211    21.761
   83  129  212    20.494
   83  130  213    19.169
   83  131  214    17.893
   83  132  215    16.794
   83  133  216    16.046
   83  134  217    15.651
   83  135  218    15.157
   83  136  219    14.452
   83  137  220    14.017
   83  138  221    13.329
   83  139  222    12.584
   83  140  223    12.258
   83  141  224    12.305
   83  142  225    12.138
   83  143  226    11.919
   83  144  227    11.788
   83  145  228    11.713
   83  146  229    11.665
   83  147  230    11.770
   83  148  231    11.444
   83  149  232    11.835
   83  150  233    11.651
   83  151  234    11.870
   83  152  235    11.563
   83  153  236    11.562
   83  154  237    11.364
   83  155  238    11.143
   83  156  239    10.961
   83  157  240    11.276
   83  158  241    11.291
   83  159  242    11.549
   83  160  243    11.437
   83  161  244    11.681
   83  162  245    11.719
   83  163  246    12.082
   83  164  247    11.965
   83  165  248    12.656
   83  166  249    12.778
   83  167  250    13.096
   83  168  251    13.458
   83  169  252    14.055
   83  170  253    14.247
   83  171  254    14.589
   83  172  255    14.743
   83  173  256    14.945
   83  174  257    14.808
   83  175  258    15.421
   83  176  259    15.805
   83  177  260    16.266
   83  178  261    16.415
   83  179  262    17.058
   83  180  263    17.186
   83  181  264    17.590
   83  182  265    17.408
   83  183  266    17.522
   83  184  267    16.963
   83  185  268    15.812
   83  186  269    14.736
   83  187  270    13.296
   83  188  271    11.663
   83  189  272    11.876
   83  190  273    11.246
   83  191  274    11.233
   83  192  275    10.762
   83  193  276     9.863
   84   97  181     3.892
   84   98  182     4.352
   84   99  183     4.895
   84  100  184     5.490
   84  101  185     5.934
   84  102  186     6.346
   84  103  187     6.637
   84  104  188     6.924
   84  105  189     7.269
   84  106  190     7.545
   84  107  191     7.890
   84  108  192     8.251
   84  109  193     8.662
   84  110  194     9.457
   84  111  195     9.585
   84  112  196    10.289
   84  113  197    10.658
   84  114  198    11.524
   84  115  199    12.367
   84  116  200    13.310
   84  117  201    14.181
   84  118  202    15.144
   84  119  203    16.145
   84  120  204    17.022
   84  121  205    18.084
   84  122  206    19.019
   84  123  207    20.014
   84  124  208    20.809
   84  125  209    22.238
   84  126  210    22.143
   84  127  211    21.333
   84  128  212    20.266
   84  129  213    18.993
   84  130  214    17.756
   84  131  215    16.469
   84  132  216    15.418
   84  133  217    14.563
   84  134  218    13.846
   84  135  219    12.932
   84  136  220    12.473
   84  137  221    12.315
   84  138  222    11.915
   84  139  223    11.704
   84  140  224    11.463
   84  141  225    11.239
   84  142  226    10.984
   84  143  227    10.917
   84  144  228    10.681
   84  145  229    10.661
   84  146  230    10.633
   84  147  231    10.747
   84  148  232    10.693
   84  149  233    10.974
   84  150  234    10.764
   84  151  235    11.078
   84  152  236    10.828
   84  153  237    10.852
   84  154  238    10.494
   84  155  239    10.490
   84  156  240    10.107
   84  157  241    10.285
   84  158  242    10.339
   84  159  243    10.623
   84  160  244    10.611
   84  161  245    10.986
   84  162  246    10.948
   84  163  247    11.420
   84  164  248    11.347
   84  165  249    11.563
   84  166  250    11.686
   84  167  251    12.036
   84  168  252    12.287
   84  169  253    12.828
   84  170  254    12.983
   84  171  255    13.354
   84  172  256    13.731
   84  173  257    13.694
   84  174  258    13.698
   84  175  259    14.202
   84  176  260    14.614
   84  177  261    15.123
   84  178  262    15.240
   84  179  263    15.826
   84  180  264    16.020
   84  181  265    16.408
   84  182  266    16.335
   84  183  267    16.507
   84  184  268    16.052
   84  185  269    14.820
   84  186  270    13.857
   84  187  271    12.358
   84  188  272    11.824
   84  189  273    11.489
   84  190  274    10.854
   84  191  275    10.840
   84  192  276    10.023
   84  193  277     9.163
   84  194  278     8.480
   84  195  279     7.861
   85   99  184     4.116
   85  100  185     4.386
   85  101  186     4.683
   85  102  187     5.000
   85  103  188     5.442
   85  104  189     5.558
   85  105  190     5.943
   85  106  191     6.019
   85  107  192     6.763
   85  108  193     7.243
   85  109  194     7.673
   85  110  195     7.958
   85  111  196     8.330
   85  112  197     8.630
   85  113  198     9.101
   85  114  199     9.947
   85  115  200    10.801
   85  116  201    11.728
   85  117  202    12.658
   85  118  203    13.705
   85  119  204    14.724
   85  120  205    15.413
   85  121  206    16.628
   85  122  207    17.459
   85  123  208    18.306
   85  124  209    19.100
   85  125  210    19.994
   85  126  211    20.270
   85  127  212    19.369
   85  128  213    18.558
   85  129  214    17.351
   85  130  215    16.028
   85  131  216    14.993
   85  132  217    14.158
   85  133  218    13.305
   85  134  219    12.462
   85  135  220    12.117
   85  136  221    11.746
   85  137  222    11.636
   85  138  223    11.126
   85  139  224    11.026
   85  140  225    10.745
   85  141  226    10.424
   85  142  227    10.110
   85  143  228    10.025
   85  144  229     9.828
   85  145  230     9.857
   85  146  231     9.784
   85  147  232     9.972
   85  148  233     9.925
   85  149  234    10.179
   85  150  235    10.363
   85  151  236    10.602
   85  152  237    10.530
   85  153  238    10.308
   85  154  239    10.040
   85  155  240     9.787
   85  156  241     9.578
   85  157  242     9.936
   85  158  243     9.732
   85  159  244    10.194
   85  160  245    10.174
   85  161  246    10.411
   85  162  247    10.416
   85  163  248    10.599
   85  164  249    10.486
   85  165  250    10.751
   85  166  251    10.879
   85  167  252    11.255
   85  168  253    11.466
   85  169  254    12.037
   85  170  255    12.224
   85  171  256    12.528
   85  172  257    13.037
   85  173  258    12.824
   85  174  259    12.942
   85  175  260    13.245
   85  176  261    13.648
   85  177  262    14.176
   85  178  263    14.368
   85  179  264    14.658
   85  180  265    14.809
   85  181  266    15.206
   85  182  267    15.127
   85  183  268    15.303
   85  184  269    14.823
   85  185  270    13.703
   85  186  271    12.877
   85  187  272    11.343
   85  188  273    10.888
   85  189  274    10.460
   85  190  275    10.135
   85  191  276    10.054
   85  192  277     9.121
   85  193  278     8.689
   85  194  279     7.972
   85  195  280     7.132
   85  196  281     6.464
   85  197  282     6.197
   86  100  186     4.194
   86  101  187     4.430
   86  102  188     4.451
   86  103  189     4.616
   86  104  190     4.540
   86  105  191     4.486
   86  106  192     4.631
   86  107  193     5.019
   86  108  194     5.425
   86  109  195     6.053
   86  110  196     6.415
   86  111  197     6.829
   86  112  198     7.402
   86  113  199     8.088
   86  114  200     8.612
   86  115  201     9.390
   86  116  202    10.294
   86  117  203    11.159
   86  118  204    12.096
   86  119  205    13.197
   86  120  206    14.197
   86  121  207    15.137
   86  122  208    15.935
   86  123  209    16.751
   86  124  210    17.608
   86  125  211    18.466
   86  126  212    18.631
   86  127  213    17.650
   86  128  214    16.691
   86  129  215    15.446
   86  130  216    14.244
   86  131  217    13.524
   86  132  218    12.831
   86  133  219    12.016
   86  134  220    11.468
   86  135  221    11.182
   86  136  222    10.822
   86  137  223    10.568
   86  138  224    10.296
   86  139  225     9.723
   86  140  226     9.451
   86  141  227     9.260
   86  142  228     9.040
   86  143  229     8.883
   86  144  230     8.812
   86  145  231     8.812
   86  146  232     8.823
   86  147  233     8.871
   86  148  234     8.919
   86  149  235     9.212
   86  150  236     9.375
   86  151  237     9.755
   86  152  238     9.700
   86  153  239     9.734
   86  154  240     9.296
   86  155  241     9.170
   86  156  242     8.979
   86  157  243     9.257
   86  158  244     9.119
   86  159  245     9.013
   86  160  246     9.025
   86  161  247     9.277
   86  162  248     9.340
   86  163  249     9.514
   86  164  250     9.398
   86  165  251     9.406
   86  166  252     9.516
   86  167  253     9.809
   86  168  254    10.029
   86  169  255    10.518
   86  170  256    10.806
   86  171  257    11.215
   86  172  258    11.603
   86  173  259    11.318
   86  174  260    11.345
   86  175  261    11.912
   86  176  262    12.298
   86  177  263    12.794
   86  178  264    12.989
   86  179  265    13.423
   86  180  266    13.550
   86  181  267    13.737
   86  182  268    13.807
   86  183  269    14.072
   86  184  270    13.592
   86  185  271    12.537
   86  186  272    11.675
   86  187  273    10.710
   86  188  274    10.015
   86  189  275     9.743
   86  190  276     9.418
   86  191  277     9.222
   86  192  278     8.448
   86  193  279     8.041
   86  194  280     7.368
   86  195  281     6.621
   86  196  282     6.093
   86  197  283     5.455
   86  198  284     5.126
   86  199  285     4.435
   86  200  286     4.003
   87  102  189     4.238
   87  103  190     4.441
   87  104  191     4.334
   87  105  192     4.435
   87  106  193     4.384
   87  107  194     4.349
   87  108  195     4.483
   87  109  196     4.584
   87  110  197     5.180
   87  111  198     5.820
   87  112  199     6.385
   87  113  200     7.097
   87  114  201     7.621
   87  115  202     8.331
   87  116  203     8.923
   87  117  204     9.641
   87  118  205    10.944
   87  119  206    11.982
   87  120  207    12.845
   87  121  208    13.711
   87  122  209    14.600
   87  123  210    15.401
   87  124  211    16.021
   87  125  212    16.716
   87  126  213    16.662
   87  127  214    15.645
   87  128  215    14.806
   87  129  216    13.461
   87  130  217    12.740
   87  131  218    12.404
   87  132  219    11.567
   87  133  220    11.333
   87  134  221    10.806
   87  135  222    10.467
   87  136  223    10.021
   87  137  224     9.642
   87  138  225     9.223
   87  139  226     9.016
   87  140  227     8.611
   87  141  228     8.365
   87  142  229     8.117
   87  143  230     8.041
   87  144  231     7.960
   87  145  232     8.006
   87  146  233     7.923
   87  147  234     8.088
   87  148  235     8.154
   87  149  236     8.496
   87  150  237     8.713
   87  151  238     8.959
   87  152  239     9.031
   87  153  240     9.075
   87  154  241     8.830
   87  155  242     8.657
   87  156  243     8.445
   87  157  244     8.452
   87  158  245     8.245
   87  159  246     8.088
   87  160  247     8.118
   87  161  248     8.416
   87  162  249     8.437
   87  163  250     8.665
   87  164  251     8.585
   87  165  252     8.534
   87  166  253     8.535
   87  167  254     8.834
   87  168  255     9.000
   87  169  256     9.556
   87  170  257     9.787
   87  171  258    10.050
   87  172  259    10.400
   87  173  260    10.437
   87  174  261    10.205
   87  175  262    10.948
   87  176  263    11.419
   87  177  264    11.718
   87  178  265    11.909
   87  179  266    12.348
   87  180  267    12.320
   87  181  268    12.649
   87  182  269    12.791
   87  183  270    13.050
   87  184  271    12.538
   87  185  272    11.546
   87  186  273    10.763
   87  187  274     9.741
   87  188  275     9.085
   87  189  276     9.175
   87  190  277     8.925
   87  191  278     8.715
   87  192  279     8.170
   87  193  280     7.724
   87  194  281     7.033
   87  195  282     6.582
   87  196  283     6.140
   87  197  284     5.600
   87  198  285     5.045
   87  199  286     4.529
   87  200  287     4.008
   87  201  288     3.846
   87  202  289     3.265
   88  104  192     3.924
   88  105  193     3.769
   88  106  194     3.756
   88  107  195     3.456
   88  108  196     3.716
   88  109  197     4.121
   88  110  198     3.989
   88  111  199     4.632
   88  112  200     5.123
   88  113  201     5.852
   88  114  202     6.262
   88  115  203     6.887
   88  116  204     7.495
   88  117  205     8.513
   88  118  206     9.749
   88  119  207    10.820
   88  120  208    11.700
   88  121  209    12.539
   88  122  210    13.264
   88  123  211    14.000
   88  124  212    14.403
   88  125  213    15.112
   88  126  214    14.940
   88  127  215    13.934
   88  128  216    13.010
   88  129  217    11.797
   88  130  218    11.250
   88  131  219    10.806
   88  132  220    10.254
   88  133  221    10.029
   88  134  222     9.573
   88  135  223     9.197
   88  136  224     8.783
   88  137  225     8.395
   88  138  226     8.228
   88  139  227     8.017
   88  140  228     7.607
   88  141  229     7.306
   88  142  230     7.043
   88  143  231     7.006
   88  144  232     6.943
   88  145  233     6.974
   88  146  234     6.902
   88  147  235     7.155
   88  148  236     7.327
   88  149  237     7.701
   88  150  238     7.791
   88  151  239     8.264
   88  152  240     8.245
   88  153  241     8.244
   88  154  242     7.946
   88  155  243     7.784
   88  156  244     7.487
   88  157  245     7.607
   88  158  246     7.345
   88  159  247     7.385
   88  160  248     7.200
   88  161  249     7.293
   88  162  250     7.213
   88  163  251     7.261
   88  164  252     7.082
   88  165  253     7.135
   88  166  254     7.098
   88  167  255     7.326
   88  168  256     7.477
   88  169  257     7.753
   88  170  258     8.067
   88  171  259     8.522
   88  172  260     9.002
   88  173  261     8.868
   88  174  262     9.032
   88  175  263     9.733
   88  176  264    10.157
   88  177  265    10.726
   88  178  266    10.797
   88  179  267    11.182
   88  180  268    11.153
   88  181  269    11.678
   88  182  270    11.736
   88  183  271    12.022
   88  184  272    11.576
   88  185  273    10.527
   88  186  274     9.783
   88  187  275     8.881
   88  188  276     8.330
   88  189  277     8.483
   88  190  278     8.222
   88  191  279     8.202
   88  192  280     7.638
   88  193  281     7.165
   88  194  282     6.457
   88  195  283     6.097
   88  196  284     5.558
   88  197  285     5.194
   88  198  286     4.767
   88  199  287     4.260
   88  200  288     3.779
   88  201  289     3.391
   88  202  290     2.914
   88  203  291     2.629
   88  204  292     2.236
   89  106  195     3.398
   89  107  196     3.288
   89  108  197     3.239
   89  109  198     3.439
   89  110  199     3.447
   89  111  200     3.645
   89  112  201     4.048
   89  113  202     4.812
   89  114  203     5.193
   89  115  204     5.721
   89  116  205     6.494
   89  117  206     7.424
   89  118  207     8.457
   89  119  208     9.498
   89  120  209    10.584
   89  121  210    11.306
   89  122  211    12.035
   89  123  212    12.655
   89  124  213    12.995
   89  125  214    13.520
   89  126  215    13.360
   89  127  216    12.190
   89  128  217    11.081
   89  129  218    10.397
   89  130  219    10.030
   89  131  220     9.713
   89  132  221     9.337
   89  133  222     9.133
   89  134  223     8.694
   89  135  224     8.503
   89  136  225     8.047
   89  137  226     7.714
   89  138  227     7.529
   89  139  228     7.236
   89  140  229     6.675
   89  141  230     6.489
   89  142  231     6.243
   89  143  232     6.186
   89  144  233     6.083
   89  145  234     6.162
   89  146  235     6.268
   89  147  236     6.892
   89  148  237     7.078
   89  149  238     7.614
   89  150  239     7.746
   89  151  240     8.262
   89  152  241     8.189
   89  153  242     8.154
   89  154  243     7.838
   89  155  244     7.619
   89  156  245     7.348
   89  157  246     7.363
   89  158  247     7.122
   89  159  248     7.097
   89  160  249     6.864
   89  161  250     6.943
   89  162  251     6.741
   89  163  252     6.812
   89  164  253     6.591
   89  165  254     6.496
   89  166  255     6.274
   89  167  256     6.639
   89  168  257     6.908
   89  169  258     7.308
   89  170  259     7.476
   89  171  260     7.854
   89  172  261     8.013
   89  173  262     7.971
   89  174  263     8.112
   89  175  264     8.766
   89  176  265     9.199
   89  177  266     9.776
   89  178  267     9.771
   89  179  268    10.245
   89  180  269    10.267
   89  181  270    10.805
   89  182  271    10.792
   89  183  272    11.056
   89  184  273    10.577
   89  185  274     9.604
   89  186  275     8.994
   89  187  276     8.104
   89  188  277     7.550
   89  189  278     7.790
   89  190  279     7.604
   89  191  280     7.644
   89  192  281     7.228
   89  193  282     6.843
   89  194  283     6.290
   89  195  284     5.971
   89  196  285     5.557
   89  197  286     5.305
   89  198  287     4.857
   89  199  288     4.392
   89  200  289     3.809
   89  201  290     3.412
   89  202  291     2.996
   89  203  292     2.818
   89  204  293     2.505
   89  205  294     2.652
   89  206  295     2.704
   90  108  198     2.534
   90  109  199     2.767
   90  110  200     2.691
   90  111  201     2.887
   90  112  202     2.860
   90  113  203     3.608
   90  114  204     3.848
   90  115  205     4.788
   90  116  206     5.443
   90  117  207     6.432
   90  118  208     7.571
   90  119  209     8.548
   90  120  210     9.392
   90  121  211    10.109
   90  122  212    10.662
   90  123  213    11.341
   90  124  214    11.678
   90  125  215    12.344
   90  126  216    12.174
   90  127  217    11.024
   90  128  218     9.992
   90  129  219     9.170
   90  130  220     8.453
   90  131  221     8.273
   90  132  222     7.987
   90  133  223     8.204
   90  134  224     7.846
   90  135  225     7.594
   90  136  226     7.201
   90  137  227     6.979
   90  138  228     6.521
   90  139  229     6.060
   90  140  230     5.655
   90  141  231     5.555
   90  142  232     5.443
   90  143  233     5.468
   90  144  234     5.376
   90  145  235     5.805
   90  146  236     6.036
   90  147  237     6.638
   90  148  238     6.836
   90  149  239     7.346
   90  150  240     7.529
   90  151  241     8.003
   90  152  242     7.968
   90  153  243     7.892
   90  154  244     7.605
   90  155  245     7.359
   90  156  246     6.936
   90  157  247     7.121
   90  158  248     6.875
   90  159  249     6.715
   90  160  250     6.595
   90  161  251     6.632
   90  162  252     6.400
   90  163  253     6.225
   90  164  254     6.065
   90  165  255     5.858
   90  166  256     5.526
   90  167  257     5.877
   90  168  258     6.082
   90  169  259     6.391
   90  170  260     6.615
   90  171  261     7.053
   90  172  262     7.044
   90  173  263     6.884
   90  174  264     7.014
   90  175  265     7.602
   90  176  266     8.003
   90  177  267     8.518
   90  178  268     8.730
   90  179  269     9.327
   90  180  270     9.377
   90  181  271     9.842
   90  182  272     9.874
   90  183  273    10.089
   90  184  274     9.653
   90  185  275     8.662
   90  186  276     8.080
   90  187  277     7.269
   90  188  278     6.839
   90  189  279     7.058
   90  190  280     6.897
   90  191  281     6.967
   90  192  282     6.660
   90  193  283     6.314
   90  194  284     5.872
   90  195  285     5.760
   90  196  286     5.400
   90  197  287     5.136
   90  198  288     4.741
   90  199  289     4.223
   90  200  290     3.617
   90  201  291     3.327
   90  202  292     3.045
   90  203  293     2.910
   90  204  294     2.675
   90  205  295     2.775
   90  206  296     2.866
   90  207  297     3.118
   90  208  298     3.175
   90  209  299     3.030
   91  109  200     2.178
   91  110  201     2.075
   91  111  202     2.063
   91  112  203     2.075
   91  113  204     2.639
   91  114  205     3.038
   91  115  206     4.010
   91  116  207     4.741
   91  117  208     5.621
   91  118  209     6.548
   91  119  210     7.438
   91  120  211     8.191
   91  121  212     8.968
   91  122  213     9.334
   91  123  214     9.969
   91  124  215    10.351
   91  125  216    10.933
   91  126  217    10.805
   91  127  218     9.684
   91  128  219     8.604
   91  129  220     8.205
   91  130  221     7.545
   91  131  222     6.929
   91  132  223     6.909
   91  133  224     7.034
   91  134  225     6.835
   91  135  226     6.905
   91  136  227     6.514
   91  137  228     6.259
   91  138  229     5.588
   91  139  230     5.279
   91  140  231     4.987
   91  141  232     4.970
   91  142  233     4.991
   91  143  234     5.134
   91  144  235     5.331
   91  145  236     5.757
   91  146  237     5.991
   91  147  238     6.570
   91  148  239     6.716
   91  149  240     7.271
   91  150  241     7.425
   91  151  242     7.866
   91  152  243     7.787
   91  153  244     7.757
   91  154  245     7.401
   91  155  246     7.125
   91  156  247     6.889
   91  157  248     6.910
   91  158  249     6.658
   91  159  250     6.669
   91  160  251     6.335
   91  161  252     6.347
   91  162  253     6.054
   91  163  254     5.872
   91  164  255     5.584
   91  165  256     5.350
   91  166  257     5.171
   91  167  258     5.300
   91  168  259     5.421
   91  169  260     5.636
   91  170  261     5.842
   91  171  262     6.238
   91  172  263     6.241
   91  173  264     6.300
   91  174  265     6.326
   91  175  266     6.820
   91  176  267     7.135
   91  177  268     7.590
   91  178  269     7.933
   91  179  270     8.460
   91  180  271     8.486
   91  181  272     8.976
   91  182  273     8.911
   91  183  274     9.133
   91  184  275     8.649
   91  185  276     7.574
   91  186  277     7.090
   91  187  278     6.410
   91  188  279     6.226
   91  189  280     6.353
   91  190  281     6.199
   91  191  282     6.308
   91  192  283     6.010
   91  193  284     6.105
   91  194  285     5.930
   91  195  286     5.850
   91  196  287     5.461
   91  197  288     5.226
   91  198  289     4.762
   91  199  290     4.300
   91  200  291     3.850
   91  201  292     3.598
   91  202  293     3.113
   91  203  294     2.983
   91  204  295     2.825
   91  205  296     2.986
   91  206  297     3.065
   91  207  298     3.342
   91  208  299     3.316
   91  209  300     3.387
   91  210  301     3.174
   91  211  302     3.059
   92  111  203     1.209
   92  112  204     1.138
   92  113  205     1.735
   92  114  206     2.268
   92  115  207     3.238
   92  116  208     3.840
   92  117  209     4.585
   92  118  210     5.438
   92  119  211     6.515
   92  120  212     7.180
   92  121  213     7.853
   92  122  214     8.301
   92  123  215     8.825
   92  124  216     9.253
   92  125  217     9.781
   92  126  218     9.669
   92  127  219     8.544
   92  128  220     7.620
   92  129  221     7.062
   92  130  222     6.463
   92  131  223     5.868
   92  132  224     5.653
   92  133  225     5.808
   92  134  226     5.586
   92  135  227     5.483
   92  136  228     5.133
   92  137  229     4.941
   92  138  230     4.284
   92  139  231     4.461
   92  140  232     4.725
   92  141  233     4.793
   92  142  234     4.894
   92  143  235     4.874
   92  144  236     5.032
   92  145  237     5.435
   92  146  238     5.634
   92  147  239     6.214
   92  148  240     6.375
   92  149  241     6.926
   92  150  242     7.096
   92  151  243     7.496
   92  152  244     7.464
   92  153  245     7.387
   92  154  246     7.210
   92  155  247     7.025
   92  156  248     6.637
   92  157  249     6.565
   92  158  250     6.308
   92  159  251     6.368
   92  160  252     6.039
   92  161  253     6.003
   92  162  254     5.741
   92  163  255     5.480
   92  164  256     5.022
   92  165  257     4.784
   92  166  258     4.605
   92  167  259     4.645
   92  168  260     4.705
   92  169  261     4.893
   92  170  262     4.953
   92  171  263     5.332
   92  172  264     5.593
   92  173  265     5.674
   92  174  266     5.737
   92  175  267     6.112
   92  176  268     6.603
   92  177  269     7.030
   92  178  270     7.085
   92  179  271     7.577
   92  180  272     7.636
   92  181  273     8.065
   92  182  274     8.061
   92  183  275     8.256
   92  184  276     7.724
   92  185  277     6.707
   92  186  278     6.256
   92  187  279     5.637
   92  188  280     5.508
   92  189  281     5.594
   92  190  282     5.497
   92  191  283     5.592
   92  192  284     5.406
   92  193  285     5.632
   92  194  286     5.694
   92  195  287     5.501
   92  196  288     5.089
   92  197  289     4.859
   92  198  290     4.440
   92  199  291     4.276
   92  200  292     3.935
   92  201  293     3.842
   92  202  294     3.332
   92  203  295     3.120
   92  204  296     2.951
   92  205  297     3.021
   92  206  298     3.165
   92  207  299     3.399
   92  208  300     3.383
   92  209  301     3.328
   92  210  302     3.196
   92  211  303     3.245
   92  212  304     3.234
   92  213  305     3.445
   93  113  206     1.161
   93  114  207     1.658
   93  115  208     2.520
   93  116  209     3.051
   93  117  210     3.722
   93  118  211     4.491
   93  119  212     5.209
   93  120  213     6.089
   93  121  214     6.666
   93  122  215     7.002
   93  123  216     7.522
   93  124  217     7.832
   93  125  218     8.278
   93  126  219     8.255
   93  127  220     7.322
   93  128  221     6.468
   93  129  222     6.008
   93  130  223     5.282
   93  131  224     4.963
   93  132  225     4.429
   93  133  226     4.173
   93  134  227     3.778
   93  135  228     3.703
   93  136  229     3.810
   93  137  230     3.813
   93  138  231     3.809
   93  139  232     4.141
   93  140  233     4.366
   93  141  234     4.634
   93  142  235     4.828
   93  143  236     4.807
   93  144  237     4.941
   93  145  238     5.357
   93  146  239     5.567
   93  147  240     6.010
   93  148  241     6.146
   93  149  242     6.759
   93  150  243     6.870
   93  151  244     7.348
   93  152  245     7.272
   93  153  246     7.387
   93  154  247     7.095
   93  155  248     6.891
   93  156  249     6.461
   93  157  250     6.353
   93  158  251     6.010
   93  159  252     5.871
   93  160  253     5.721
   93  161  254     5.636
   93  162  255     5.390
   93  163  256     5.118
   93  164  257     4.582
   93  165  258     4.273
   93  166  259     4.064
   93  167  260     4.038
   93  168  261     4.037
   93  169  262     4.181
   93  170  263     4.167
   93  171  264     4.760
   93  172  265     5.123
   93  173  266     5.230
   93  174  267     5.289
   93  175  268     5.776
   93  176  269     6.175
   93  177  270     6.598
   93  178  271     6.509
   93  179  272     6.680
   93  180  273     6.556
   93  181  274     7.008
   93  182  275     6.928
   93  183  276     7.007
   93  184  277     6.433
   93  185  278     5.723
   93  186  279     5.193
   93  187  280     5.080
   93  188  281     4.787
   93  189  282     4.998
   93  190  283     4.902
   93  191  284     5.116
   93  192  285     5.114
   93  193  286     5.367
   93  194  287     5.265
   93  195  288     5.426
   93  196  289     4.960
   93  197  290     4.731
   93  198  291     4.517
   93  199  292     4.340
   93  200  293     4.090
   93  201  294     3.926
   93  202  295     3.537
   93  203  296     3.262
   93  204  297     3.067
   93  205  298     3.220
   93  206  299     3.261
   93  207  300     3.445
   93  208  301     3.402
   93  209  302     3.482
   93  210  303     3.498
   93  211  304     3.660
   93  212  305     3.654
   93  213  306     3.851
   93  214  307     3.832
   93  215  308     4.082
   94  115  209     1.723
   94  116  210     2.254
   94  117  211     3.047
   94  118  212     3.587
   94  119  213     4.391
   94  120  214     5.092
   94  121  215     5.704
   94  122  216     6.010
   94  123  217     6.448
   94  124  218     6.777
   94  125  219     7.283
   94  126  220     7.337
   94  127  221     6.437
   94  128  222     5.623
   94  129  223     5.069
   94  130  224     4.475
   94  131  225     4.239
   94  132  226     3.740
   94  133  227     3.427
   94  134  228     2.929
   94  135  229     2.949
   94  136  230     3.067
   94  137  231     3.049
   94  138  232     3.229
   94  139  233     3.498
   94  140  234     3.833
   94  141  235     4.088
   94  142  236     4.495
   94  143  237     5.000
   94  144  238     5.265
   94  145  239     5.735
   94  146  240     5.982
   94  147  241     6.354
   94  148  242     6.415
   94  149  243     6.655
   94  150  244     6.589
   94  151  245     6.926
   94  152  246     7.070
   94  153  247     7.121
   94  154  248     6.797
   94  155  249     6.585
   94  156  250     6.172
   94  157  251     5.943
   94  158  252     5.629
   94  159  253     5.639
   94  160  254     5.406
   94  161  255     5.403
   94  162  256     5.140
   94  163  257     4.828
   94  164  258     4.266
   94  165  259     4.044
   94  166  260     3.958
   94  167  261     4.085
   94  168  262     3.938
   94  169  263     4.103
   94  170  264     3.908
   94  171  265     4.245
   94  172  266     4.587
   94  173  267     4.634
   94  174  268     4.702
   94  175  269     5.267
   94  176  270     5.738
   94  177  271     6.212
   94  178  272     6.180
   94  179  273     6.323
   94  180  274     6.201
   94  181  275     6.353
   94  182  276     6.151
   94  183  277     6.075
   94  184  278     5.723
   94  185  279     4.964
   94  186  280     4.432
   94  187  281     4.124
   94  188  282     4.075
   94  189  283     4.288
   94  190  284     4.239
   94  191  285     4.473
   94  192  286     4.491
   94  193  287     4.687
   94  194  288     4.587
   94  195  289     4.728
   94  196  290     4.647
   94  197  291     4.679
   94  198  292     4.468
   94  199  293     4.317
   94  200  294     4.033
   94  201  295     3.844
   94  202  296     3.512
   94  203  297     3.336
   94  204  298     3.044
   94  205  299     3.176
   94  206  300     3.276
   94  207  301     3.578
   94  208  302     3.694
   94  209  303     3.886
   94  210  304     3.962
   94  211  305     4.152
   94  212  306     4.217
   94  213  307     4.404
   94  214  308     4.345
   94  215  309     4.361
   94  216  310     4.119
   94  217  311     4.197
   94  218  312     4.101
   95  117  212     2.403
   95  118  213     3.131
   95  119  214     3.568
   95  120  215     4.030
   95  121  216     4.560
   95  122  217     4.807
   95  123  218     5.318
   95  124  219     5.596
   95  125  220     6.188
   95  126  221     6.231
   95  127  222     5.459
   95  128  223     4.736
   95  129  224     4.327
   95  130  225     3.804
   95  131  226     3.608
   95  132  227     2.913
   95  133  228     2.710
   95  134  229     2.498
   95  135  230     2.456
   95  136  231     2.506
   95  137  232     2.649
   95  138  233     2.790
   95  139  234     3.273
   95  140  235     3.799
   95  141  236     4.331
   95  142  237     4.801
   95  143  238     5.340
   95  144  239     5.665
   95  145  240     6.121
   95  146  241     6.337
   95  147  242     6.721
   95  148  243     6.797
   95  149  244     6.990
   95  150  245     6.801
   95  151  246     6.879
   95  152  247     6.831
   95  153  248     6.907
   95  154  249     6.590
   95  155  250     6.369
   95  156  251     5.872
   95  157  252     5.787
   95  158  253     5.411
   95  159  254     5.448
   95  160  255     5.190
   95  161  256     5.172
   95  162  257     4.892
   95  163  258     4.589
   95  164  259     4.066
   95  165  260     4.000
   95  166  261     3.864
   95  167  262     3.987
   95  168  263     3.917
   95  169  264     4.169
   95  170  265     4.009
   95  171  266     4.242
   95  172  267     4.481
   95  173  268     4.506
   95  174  269     4.476
   95  175  270     4.882
   95  176  271     5.256
   95  177  272     5.625
   95  178  273     5.564
   95  179  274     5.812
   95  180  275     5.609
   95  181  276     5.851
   95  182  277     5.488
   95  183  278     5.083
   95  184  279     4.642
   95  185  280     4.076
   95  186  281     3.517
   95  187  282     3.630
   95  188  283     3.462
   95  189  284     3.709
   95  190  285     3.740
   95  191  286     3.970
   95  192  287     3.948
   95  193  288     4.199
   95  194  289     4.186
   95  195  290     4.686
   95  196  291     4.615
   95  197  292     4.761
   95  198  293     4.614
   95  199  294     4.401
   95  200  295     4.146
   95  201  296     3.965
   95  202  297     3.659
   95  203  298     3.525
   95  204  299     3.343
   95  205  300     3.600
   95  206  301     3.691
   95  207  302     3.988
   95  208  303     4.114
   95  209  304     4.334
   95  210  305     4.430
   95  211  306     4.620
   95  212  307     4.643
   95  213  308     4.659
   95  214  309     4.436
   95  215  310     4.416
   95  216  311     4.204
   95  217  312     4.254
   95  218  313     4.158
   95  219  314     4.185
   95  220  315     4.011
   96  119  215     3.038
   96  120  216     3.305
   96  121  217     3.780
   96  122  218     4.091
   96  123  219     4.591
   96  124  220     4.990
   96  125  221     5.620
   96  126  222     5.639
   96  127  223     4.850
   96  128  224     4.165
   96  129  225     3.689
   96  130  226     3.024
   96  131  227     2.685
   96  132  228     2.110
   96  133  229     1.991
   96  134  230     1.873
   96  135  231     2.004
   96  136  232     2.097
   96  137  233     2.241
   96  138  234     2.613
   96  139  235     3.235
   96  140  236     3.813
   96  141  237     4.339
   96  142  238     4.917
   96  143  239     5.480
   96  144  240     5.847
   96  145  241     6.322
   96  146  242     6.561
   96  147  243     6.967
   96  148  244     6.917
   96  149  245     7.129
   96  150  246     7.016
   96  151  247     7.105
   96  152  248     6.803
   96  153  249     6.558
   96  154  250     6.248
   96  155  251     6.091
   96  156  252     5.682
   96  157  253     5.571
   96  158  254     5.204
   96  159  255     5.222
   96  160  256     4.999
   96  161  257     4.972
   96  162  258     4.689
   96  163  259     4.366
   96  164  260     4.152
   96  165  261     4.074
   96  166  262     3.882
   96  167  263     3.917
   96  168  264     3.847
   96  169  265     4.012
   96  170  266     3.986
   96  171  267     4.324
   96  172  268     4.398
   96  173  269     4.531
   96  174  270     4.452
   96  175  271     4.650
   96  176  272     4.952
   96  177  273     5.220
   96  178  274     5.174
   96  179  275     5.448
   96  180  276     5.334
   96  181  277     5.533
   96  182  278     5.341
   96  183  279     5.127
   96  184  280     4.398
   96  185  281     3.305
   96  186  282     2.837
   96  187  283     2.719
   96  188  284     2.592
   96  189  285     2.854
   96  190  286     2.809
   96  191  287     3.052
   96  192  288     3.144
   96  193  289     3.413
   96  194  290     3.577
   96  195  291     3.975
   96  196  292     4.141
   96  197  293     4.448
   96  198  294     4.264
   96  199  295     4.261
   96  200  296     4.009
   96  201  297     3.894
   96  202  298     3.612
   96  203  299     3.778
   96  204  300     3.865
   96  205  301     4.018
   96  206  302     4.112
   96  207  303     4.378
   96  208  304     4.488
   96  209  305     4.701
   96  210  306     4.839
   96  211  307     4.914
   96  212  308     4.751
   96  213  309     4.722
   96  214  310     4.510
   96  215  311     4.479
   96  216  312     4.343
   96  217  313     4.423
   96  218  314     4.308
   96  219  315     4.285
   96  220  316     4.145
   96  221  317     4.180
   96  222  318     3.970
   97  121  218     2.899
   97  122  219     3.156
   97  123  220     3.648
   97  124  221     3.928
   97  125  222     4.486
   97  126  223     4.662
   97  127  224     3.984
   97  128  225     3.440
   97  129  226     2.844
   97  130  227     2.175
   97  131  228     2.167
   97  132  229     1.926
   97  133  230     1.722
   97  134  231     1.640
   97  135  232     1.806
   97  136  233     1.941
   97  137  234     2.273
   97  138  235     2.710
   97  139  236     3.370
   97  140  237     3.995
   97  141  238     4.552
   97  142  239     5.160
   97  143  240     5.760
   97  144  241     6.142
   97  145  242     6.627
   97  146  243     6.911
   97  147  244     7.279
   97  148  245     7.220
   97  149  246     7.320
   97  150  247     7.177
   97  151  248     7.271
   97  152  249     7.003
   97  153  250     6.592
   97  154  251     6.211
   97  155  252     6.006
   97  156  253     5.593
   97  157  254     5.496
   97  158  255     5.101
   97  159  256     5.095
   97  160  257     4.805
   97  161  258     4.580
   97  162  259     4.512
   97  163  260     4.420
   97  164  261     4.213
   97  165  262     4.025
   97  166  263     3.802
   97  167  264     3.796
   97  168  265     3.721
   97  169  266     3.738
   97  170  267     3.703
   97  171  268     4.070
   97  172  269     4.094
   97  173  270     4.318
   97  174  271     4.192
   97  175  272     4.332
   97  176  273     4.493
   97  177  274     4.767
   97  178  275     4.688
   97  179  276     4.926
   97  180  277     4.711
   97  181  278     4.864
   97  182  279     4.697
   97  183  280     4.610
   97  184  281     3.874
   97  185  282     2.951
   97  186  283     2.167
   97  187  284     2.089
   97  188  285     1.998
   97  189  286     2.293
   97  190  287     2.430
   97  191  288     2.705
   97  192  289     2.835
   97  193  290     3.126
   97  194  291     3.325
   97  195  292     3.683
   97  196  293     3.845
   97  197  294     4.208
   97  198  295     4.096
   97  199  296     4.141
   97  200  297     3.979
   97  201  298     4.048
   97  202  299     3.993
   97  203  300     4.171
   97  204  301     4.196
   97  205  302     4.418
   97  206  303     4.428
   97  207  304     4.594
   97  208  305     4.656
   97  209  306     4.946
   97  210  307     4.898
   97  211  308     4.995
   97  212  309     4.839
   97  213  310     4.822
   97  214  311     4.697
   97  215  312     4.605
   97  216  313     4.441
   97  217  314     4.531
   97  218  315     4.453
   97  219  316     4.451
   97  220  317     4.280
   97  221  318     4.307
   97  222  319     4.080
   97  223  320     4.060
   97  224  321     3.775
   98  123  221     3.093
   98  124  222     3.390
   98  125  223     3.894
   98  126  224     4.041
   98  127  225     3.408
   98  128  226     2.654
   98  129  227     1.988
   98  130  228     1.393
   98  131  229     1.582
   98  132  230     1.576
   98  133  231     1.668
   98  134  232     1.573
   98  135  233     1.505
   98  136  234     1.643
   98  137  235     2.104
   98  138  236     2.690
   98  139  237     3.341
   98  140  238     4.014
   98  141  239     4.638
   98  142  240     5.216
   98  143  241     5.829
   98  144  242     6.160
   98  145  243     6.553
   98  146  244     6.689
   98  147  245     6.986
   98  148  246     7.156
   98  149  247     7.352
   98  150  248     7.239
   98  151  249     7.312
   98  152  250     7.093
   98  153  251     6.642
   98  154  252     6.066
   98  155  253     5.616
   98  156  254     5.266
   98  157  255     5.207
   98  158  256     4.823
   98  159  257     4.556
   98  160  258     4.429
   98  161  259     4.572
   98  162  260     4.636
   98  163  261     4.541
   98  164  262     4.297
   98  165  263     4.060
   98  166  264     3.814
   98  167  265     3.765
   98  168  266     3.684
   98  169  267     3.640
   98  170  268     3.650
   98  171  269     3.984
   98  172  270     4.095
   98  173  271     4.268
   98  174  272     4.178
   98  175  273     4.107
   98  176  274     4.295
   98  177  275     4.564
   98  178  276     4.504
   98  179  277     4.677
   98  180  278     4.469
   98  181  279     4.652
   98  182  280     4.532
   98  183  281     4.474
   98  184  282     3.816
   98  185  283     2.863
   98  186  284     2.003
   98  187  285     1.505
   98  188  286     1.273
   98  189  287     1.510
   98  190  288     1.697
   98  191  289     1.995
   98  192  290     2.212
   98  193  291     2.518
   98  194  292     2.694
   98  195  293     3.052
   98  196  294     3.213
   98  197  295     3.593
   98  198  296     3.728
   98  199  297     3.942
   98  200  298     3.854
   98  201  299     4.043
   98  202  300     4.099
   98  203  301     4.266
   98  204  302     4.278
   98  205  303     4.426
   98  206  304     4.482
   98  207  305     4.625
   98  208  306     4.636
   98  209  307     4.855
   98  210  308     4.811
   98  211  309     4.915
   98  212  310     4.764
   98  213  311     4.834
   98  214  312     4.563
   98  215  313     4.619
   98  216  314     4.466
   98  217  315     4.562
   98  218  316     4.496
   98  219  317     4.489
   98  220  318     4.301
   98  221  319     4.302
   98  222  320     4.178
   98  223  321     4.107
   98  224  322     3.858
   98  225  323     3.837
   98  226  324     4.019
   98  227  325     3.862
   99  125  224     2.290
   99  126  225     2.507
   99  127  226     1.798
   99  128  227     0.981
   99  129  228     1.012
   99  130  229     0.703
   99  131  230     1.301
   99  132  231     1.305
   99  133  232     1.439
   99  134  233     1.462
   99  135  234     1.564
   99  136  235     1.832
   99  137  236     2.377
   99  138  237     2.964
   99  139  238     3.593
   99  140  239     4.318
   99  141  240     4.951
   99  142  241     5.323
   99  143  242     5.702
   99  144  243     5.984
   99  145  244     6.281
   99  146  245     6.529
   99  147  246     6.897
   99  148  247     7.066
   99  149  248     7.440
   99  150  249     7.379
   99  151  250     7.480
   99  152  251     7.241
   99  153  252     6.790
   99  154  253     6.215
   99  155  254     5.674
   99  156  255     5.045
   99  157  256     5.012
   99  158  257     4.500
   99  159  258     4.322
   99  160  259     4.429
   99  161  260     4.645
   99  162  261     4.682
   99  163  262     4.596
   99  164  263     4.323
   99  165  264     4.064
   99  166  265     3.811
   99  167  266     3.707
   99  168  267     3.595
   99  169  268     3.508
   99  170  269     3.503
   99  171  270     3.818
   99  172  271     3.853
   99  173  272     4.080
   99  174  273     3.964
   99  175  274     4.057
   99  176  275     3.815
   99  177  276     4.172
   99  178  277     4.102
   99  179  278     4.270
   99  180  279     4.020
   99  181  280     4.124
   99  182  281     3.948
   99  183  282     3.995
   99  184  283     3.390
   99  185  284     2.597
   99  186  285     1.753
   99  187  286     1.455
   99  188  287     1.212
   99  189  288     1.397
   99  190  289     1.626
   99  191  290     1.799
   99  192  291     2.064
   99  193  292     2.395
   99  194  293     2.565
   99  195  294     2.767
   99  196  295     2.999
   99  197  296     3.225
   99  198  297     3.425
   99  199  298     3.762
   99  200  299     3.954
   99  201  300     4.209
   99  202  301     4.256
   99  203  302     4.416
   99  204  303     4.421
   99  205  304     4.526
   99  206  305     4.588
   99  207  306     4.695
   99  208  307     4.672
   99  209  308     4.726
   99  210  309     4.724
   99  211  310     4.804
   99  212  311     4.680
   99  213  312     4.778
   99  214  313     4.673
   99  215  314     4.704
   99  216  315     4.575
   99  217  316     4.669
   99  218  317     4.550
   99  219  318     4.568
   99  220  319     4.390
   99  221  320     4.558
   99  222  321     4.388
   99  223  322     4.249
   99  224  323     4.012
   99  225  324     4.009
   99  226  325     3.833
   99  227  326     4.125
   99  228  327     3.740
   99  229  328     3.906
  100  126  226     2.840
  100  127  227     2.082
  100  128  228     0.800
  100  129  229     0.902
  100  130  230     0.792
  100  131  231     0.853
  100  132  232     1.246
  100  133  233     1.386
  100  134  234     1.456
  100  135  235     1.559
  100  136  236     1.870
  100  137  237     2.388
  100  138  238     2.877
  100  139  239     3.494
  100  140  240     4.143
  100  141  241     4.502
  100  142  242     4.880
  100  143  243     5.290
  100  144  244     5.568
  100  145  245     5.942
  100  146  246     6.133
  100  147  247     6.481
  100  148  248     6.729
  100  149  249     7.118
  100  150  250     7.221
  100  151  251     7.378
  100  152  252     7.157
  100  153  253     6.735
  100  154  254     6.245
  100  155  255     5.722
  100  156  256     5.111
  100  157  257     4.749
  100  158  258     4.516
  100  159  259     4.539
  100  160  260     4.616
  100  161  261     4.684
  100  162  262     4.819
  100  163  263     4.752
  100  164  264     4.495
  100  165  265     4.231
  100  166  266     3.939
  100  167  267     3.740
  100  168  268     3.601
  100  169  269     3.582
  100  170  270     3.578
  100  171  271     3.865
  100  172  272     3.908
  100  173  273     4.137
  100  174  274     4.061
  100  175  275     4.123
  100  176  276     3.770
  100  177  277     4.130
  100  178  278     4.062
  100  179  279     4.247
  100  180  280     4.034
  100  181  281     4.131
  100  182  282     3.926
  100  183  283     3.963
  100  184  284     3.431
  100  185  285     2.579
  100  186  286     1.710
  100  187  287     1.286
  100  188  288     1.169
  100  189  289     1.310
  100  190  290     1.605
  100  191  291     1.846
  100  192  292     2.133
  100  193  293     2.473
  100  194  294     2.662
  100  195  295     2.867
  100  196  296     2.990
  100  197  297     3.234
  100  198  298     3.481
  100  199  299     3.858
  100  200  300     4.002
  100  201  301     4.231
  100  202  302     4.294
  100  203  303     4.438
  100  204  304     4.345
  100  205  305     4.407
  100  206  306     4.459
  100  207  307     4.524
  100  208  308     4.405
  100  209  309     4.504
  100  210  310     4.504
  100  211  311     4.597
  100  212  312     4.520
  100  213  313     4.655
  100  214  314     4.538
  100  215  315     4.626
  100  216  316     4.496
  100  217  317     4.628
  100  218  318     4.552
  100  219  319     4.566
  100  220  320     4.580
  100  221  321     4.757
  100  222  322     4.506
  100  223  323     4.531
  100  224  324     4.197
  100  225  325     4.268
  100  226  326     4.107
  100  227  327     4.508
  100  228  328     4.254
  100  229  329     4.324
  100  230  330     3.977
  101  128  229     0.698
  101  129  230     0.837
  101  130  231     0.740
  101  131  232     0.891
  101  132  233     1.034
  101  133  234     1.300
  101  134  235     1.567
  101  135  236     1.718
  101  136  237     2.006
  101  137  238     2.493
  101  138  239     2.856
  101  139  240     3.246
  101  140  241     3.645
  101  141  242     4.087
  101  142  243     4.457
  101  143  244     4.801
  101  144  245     5.114
  101  145  246     5.470
  101  146  247     5.742
  101  147  248     6.035
  101  148  249     6.237
  101  149  250     6.701
  101  150  251     6.979
  101  151  252     7.227
  101  152  253     7.015
  101  153  254     6.611
  101  154  255     6.131
  101  155  256     5.689
  101  156  257     5.095
  101  157  258     4.839
  101  158  259     4.667
  101  159  260     4.924
  101  160  261     4.988
  101  161  262     5.049
  101  162  263     5.119
  101  163  264     4.885
  101  164  265     4.595
  101  165  266     4.310
  101  166  267     3.989
  101  167  268     3.754
  101  168  269     3.573
  101  169  270     3.537
  101  170  271     3.469
  101  171  272     3.746
  101  172  273     3.773
  101  173  274     3.993
  101  174  275     3.919
  101  175  276     4.002
  101  176  277     3.667
  101  177  278     3.853
  101  178  279     3.723
  101  179  280     3.946
  101  180  281     3.721
  101  181  282     3.782
  101  182  283     3.515
  101  183  284     3.599
  101  184  285     3.113
  101  185  286     2.365
  101  186  287     1.526
  101  187  288     1.259
  101  188  289     1.147
  101  189  290     1.382
  101  190  291     1.710
  101  191  292     1.991
  101  192  293     2.280
  101  193  294     2.629
  101  194  295     2.690
  101  195  296     2.951
  101  196  297     3.125
  101  197  298     3.487
  101  198  299     3.740
  101  199  300     3.967
  101  200  301     4.126
  101  201  302     4.358
  101  202  303     4.306
  101  203  304     4.459
  101  204  305     4.377
  101  205  306     4.389
  101  206  307     4.407
  101  207  308     4.388
  101  208  309     4.293
  101  209  310     4.323
  101  210  311     4.361
  101  211  312     4.501
  101  212  313     4.457
  101  213  314     4.586
  101  214  315     4.536
  101  215  316     4.634
  101  216  317     4.519
  101  217  318     4.683
  101  218  319     4.625
  101  219  320     4.709
  101  220  321     4.746
  101  221  322     4.901
  101  222  323     4.813
  101  223  324     4.790
  101  224  325     4.468
  101  225  326     4.568
  101  226  327     4.420
  101  227  328     4.908
  101  228  329     4.620
  101  229  330     4.662
  102  130  232     0.828
  102  131  233     0.747
  102  132  234     0.966
  102  133  235     1.028
  102  134  236     1.271
  102  135  237     1.590
  102  136  238     2.048
  102  137  239     2.345
  102  138  240     2.552
  102  139  241     2.821
  102  140  242     3.180
  102  141  243     3.578
  102  142  244     3.941
  102  143  245     4.318
  102  144  246     4.624
  102  145  247     4.978
  102  146  248     5.243
  102  147  249     5.609
  102  148  250     5.834
  102  149  251     6.249
  102  150  252     6.498
  102  151  253     6.925
  102  152  254     6.760
  102  153  255     6.383
  102  154  256     5.940
  102  155  257     5.520
  102  156  258     4.979
  102  157  259     5.003
  102  158  260     4.930
  102  159  261     5.261
  102  160  262     5.115
  102  161  263     5.258
  102  162  264     5.359
  102  163  265     5.402
  102  164  266     5.015
  102  165  267     4.715
  102  166  268     4.187
  102  167  269     3.957
  102  168  270     3.745
  102  169  271     3.695
  102  170  272     3.658
  102  171  273     3.933
  102  172  274     3.947
  102  173  275     4.221
  102  174  276     4.111
  102  175  277     4.223
  102  176  278     3.858
  102  177  279     3.931
  102  178  280     3.843
  102  179  281     4.068
  102  180  282     3.799
  102  181  283     4.016
  102  182  284     3.721
  102  183  285     3.800
  102  184  286     3.212
  102  185  287     2.406
  102  186  288     1.611
  102  187  289     1.286
  102  188  290     0.983
  102  189  291     1.199
  102  190  292     1.623
  102  191  293     1.887
  102  192  294     2.192
  102  193  295     2.540
  102  194  296     2.624
  102  195  297     2.951
  102  196  298     3.168
  102  197  299     3.535
  102  198  300     3.657
  102  199  301     3.864
  102  200  302     4.064
  102  201  303     4.296
  102  202  304     4.191
  102  203  305     4.416
  102  204  306     4.231
  102  205  307     4.237
  102  206  308     4.125
  102  207  309     4.118
  102  208  310     4.108
  102  209  311     4.123
  102  210  312     4.148
  102  211  313     4.296
  102  212  314     4.271
  102  213  315     4.388
  102  214  316     4.378
  102  215  317     4.486
  102  216  318     4.441
  102  217  319     4.583
  102  218  320     4.564
  102  219  321     4.642
  102  220  322     4.782
  102  221  323     5.079
  102  222  324     4.989
  102  223  325     4.980
  102  224  326     4.816
  102  225  327     5.056
  102  226  328     4.997
  102  227  329     5.501
  102  228  330     5.066
  103  132  235     1.073
  103  133  236     1.176
  103  134  237     1.441
  103  135  238     1.748
  103  136  239     1.945
  103  137  240     2.120
  103  138  241     2.276
  103  139  242     2.460
  103  140  243     2.785
  103  141  244     3.185
  103  142  245     3.494
  103  143  246     3.888
  103  144  247     4.194
  103  145  248     4.504
  103  146  249     4.806
  103  147  250     5.259
  103  148  251     5.547
  103  149  252     5.971
  103  150  253     6.269
  103  151  254     6.701
  103  152  255     6.602
  103  153  256     6.266
  103  154  257     5.898
  103  155  258     5.519
  103  156  259     5.212
  103  157  260     5.391
  103  158  261     5.372
  103  159  262     5.518
  103  160  263     5.484
  103  161  264     5.729
  103  162  265     5.969
  103  163  266     6.029
  103  164  267     5.634
  103  165  268     5.224
  103  166  269     4.814
  103  167  270     4.359
  103  168  271     3.956
  103  169  272     3.778
  103  170  273     3.695
  103  171  274     3.939
  103  172  275     3.943
  103  173  276     4.211
  103  174  277     4.131
  103  175  278     4.226
  103  176  279     3.868
  103  177  280     3.757
  103  178  281     3.648
  103  179  282     3.907
  103  180  283     3.622
  103  181  284     3.861
  103  182  285     3.581
  103  183  286     3.614
  103  184  287     2.995
  103  185  288     2.261
  103  186  289     1.606
  103  187  290     1.316
  103  188  291     1.039
  103  189  292     1.221
  103  190  293     1.515
  103  191  294     1.886
  103  192  295     2.195
  103  193  296     2.509
  103  194  297     2.676
  103  195  298     2.935
  103  196  299     3.236
  103  197  300     3.588
  103  198  301     3.743
  103  199  302     4.015
  103  200  303     4.080
  103  201  304     4.271
  103  202  305     4.224
  103  203  306     4.395
  103  204  307     4.363
  103  205  308     4.228
  103  206  309     4.142
  103  207  310     4.027
  103  208  311     3.987
  103  209  312     4.072
  103  210  313     4.063
  103  211  314     4.199
  103  212  315     4.207
  103  213  316     4.337
  103  214  317     4.377
  103  215  318     4.556
  103  216  319     4.527
  103  217  320     4.676
  103  218  321     4.631
  103  219  322     4.774
  103  220  323     4.899
  103  221  324     5.275
  103  222  325     5.182
  103  223  326     5.278
  103  224  327     5.180
  103  225  328     5.407
  103  226  329     5.308
  103  227  330     5.996
  104  134  238     1.112
  104  135  239     1.284
  104  136  240     1.526
  104  137  241     1.668
  104  138  242     1.822
  104  139  243     2.014
  104  140  244     2.283
  104  141  245     2.539
  104  142  246     2.954
  104  143  247     3.334
  104  144  248     3.636
  104  145  249     3.947
  104  146  250     4.362
  104  147  251     4.765
  104  148  252     5.086
  104  149  253     5.527
  104  150  254     5.871
  104  151  255     6.242
  104  152  256     6.261
  104  153  257     6.021
  104  154  258     5.652
  104  155  259     5.487
  104  156  260     5.358
  104  157  261     5.556
  104  158  262     5.589
  104  159  263     5.611
  104  160  264     5.788
  104  161  265     6.272
  104  162  266     6.433
  104  163  267     6.435
  104  164  268     6.027
  104  165  269     5.602
  104  166  270     5.104
  104  167  271     4.716
  104  168  272     4.283
  104  169  273     4.059
  104  170  274     3.815
  104  171  275     4.059
  104  172  276     4.104
  104  173  277     4.430
  104  174  278     4.373
  104  175  279     4.448
  104  176  280     4.101
  104  177  281     4.171
  104  178  282     4.124
  104  179  283     4.427
  104  180  284     4.221
  104  181  285     4.190
  104  182  286     3.947
  104  183  287     3.956
  104  184  288     3.235
  104  185  289     2.378
  104  186  290     1.805
  104  187  291     1.365
  104  188  292     1.108
  104  189  293     1.244
  104  190  294     1.266
  104  191  295     1.610
  104  192  296     1.939
  104  193  297     2.245
  104  194  298     2.551
  104  195  299     2.699
  104  196  300     3.118
  104  197  301     3.416
  104  198  302     3.573
  104  199  303     3.798
  104  200  304     3.905
  104  201  305     4.090
  104  202  306     4.105
  104  203  307     4.341
  104  204  308     4.184
  104  205  309     4.115
  104  206  310     4.013
  104  207  311     3.934
  104  208  312     3.864
  104  209  313     3.891
  104  210  314     3.883
  104  211  315     4.006
  104  212  316     4.034
  104  213  317     4.242
  104  214  318     4.309
  104  215  319     4.503
  104  216  320     4.459
  104  217  321     4.610
  104  218  322     4.564
  104  219  323     4.932
  104  220  324     5.095
  104  221  325     5.414
  104  222  326     5.396
  104  223  327     5.577
  104  224  328     5.548
  104  225  329     5.757
  104  226  330     5.680
  105  136  241     1.306
  105  137  242     1.441
  105  138  243     1.546
  105  139  244     1.679
  105  140  245     1.937
  105  141  246     2.182
  105  142  247     2.587
  105  143  248     2.883
  105  144  249     3.212
  105  145  250     3.532
  105  146  251     4.008
  105  147  252     4.444
  105  148  253     4.806
  105  149  254     5.255
  105  150  255     5.669
  105  151  256     6.050
  105  152  257     6.221
  105  153  258     6.013
  105  154  259     5.765
  105  155  260     5.813
  105  156  261     5.759
  105  157  262     5.939
  105  158  263     5.896
  105  159  264     6.080
  105  160  265     6.356
  105  161  266     6.800
  105  162  267     6.993
  105  163  268     7.004
  105  164  269     6.591
  105  165  270     6.131
  105  166  271     5.618
  105  167  272     5.175
  105  168  273     4.686
  105  169  274     4.453
  105  170  275     4.002
  105  171  276     4.159
  105  172  277     4.206
  105  173  278     4.478
  105  174  279     4.477
  105  175  280     4.557
  105  176  281     4.347
  105  177  282     4.311
  105  178  283     4.205
  105  179  284     4.587
  105  180  285     4.366
  105  181  286     4.399
  105  182  287     3.856
  105  183  288     3.788
  105  184  289     3.058
  105  185  290     2.353
  105  186  291     1.784
  105  187  292     0.901
  105  188  293     1.108
  105  189  294     1.234
  105  190  295     1.158
  105  191  296     1.484
  105  192  297     1.819
  105  193  298     2.169
  105  194  299     2.445
  105  195  300     2.754
  105  196  301     3.099
  105  197  302     3.376
  105  198  303     3.479
  105  199  304     3.735
  105  200  305     3.818
  105  201  306     4.074
  105  202  307     4.143
  105  203  308     4.207
  105  204  309     4.091
  105  205  310     3.965
  105  206  311     3.892
  105  207  312     3.896
  105  208  313     3.822
  105  209  314     3.868
  105  210  315     3.890
  105  211  316     4.046
  105  212  317     4.103
  105  213  318     4.310
  105  214  319     4.313
  105  215  320     4.403
  105  216  321     4.466
  105  217  322     4.597
  105  218  323     4.854
  105  219  324     5.304
  105  220  325     5.425
  105  221  326     5.772
  105  222  327     5.737
  105  223  328     5.994
  105  224  329     5.921
  105  225  330     6.181
  106  138  244     1.147
  106  139  245     1.271
  106  140  246     1.436
  106  141  247     1.730
  106  142  248     2.107
  106  143  249     2.379
  106  144  250     2.672
  106  145  251     3.161
  106  146  252     3.590
  106  147  253     4.022
  106  148  254     4.440
  106  149  255     4.863
  106  150  256     5.295
  106  151  257     5.698
  106  152  258     5.925
  106  153  259     5.816
  106  154  260     5.842
  106  155  261     5.877
  106  156  262     5.914
  106  157  263     6.172
  106  158  264     5.980
  106  159  265     6.273
  106  160  266     6.691
  106  161  267     7.078
  106  162  268     7.288
  106  163  269     7.304
  106  164  270     6.917
  106  165  271     6.482
  106  166  272     5.939
  106  167  273     5.484
  106  168  274     4.958
  106  169  275     4.703
  106  170  276     4.387
  106  171  277     4.431
  106  172  278     4.386
  106  173  279     4.632
  106  174  280     4.628
  106  175  281     5.064
  106  176  282     4.820
  106  177  283     4.831
  106  178  284     4.749
  106  179  285     5.054
  106  180  286     4.911
  106  181  287     4.910
  106  182  288     4.441
  106  183  289     4.149
  106  184  290     3.422
  106  185  291     2.601
  106  186  292     1.973
  106  187  293     0.023
  106  188  294     0.020
  106  189  295     1.012
  106  190  296     1.009
  106  191  297     1.097
  106  192  298     1.423
  106  193  299     1.867
  106  194  300     2.144
  106  195  301     2.453
  106  196  302     2.827
  106  197  303     3.118
  106  198  304     3.247
  106  199  305     3.517
  106  200  306     3.628
  106  201  307     3.854
  106  202  308     3.922
  106  203  309     4.031
  106  204  310     3.917
  106  205  311     3.937
  106  206  312     3.759
  106  207  313     3.721
  106  208  314     3.693
  106  209  315     3.816
  106  210  316     3.849
  106  211  317     4.042
  106  212  318     4.102
  106  213  319     4.186
  106  214  320     4.133
  106  215  321     4.216
  106  216  322     4.214
  106  217  323     4.382
  106  218  324     4.871
  106  219  325     5.422
  106  220  326     5.549
  106  221  327     5.905
  106  222  328     5.939
  106  223  329     6.189
  106  224  330     6.132
  107  140  247     1.130
  107  141  248     1.327
  107  142  249     1.697
  107  143  250     1.909
  107  144  251     2.452
  107  145  252     2.877
  107  146  253     3.271
  107  147  254     3.736
  107  148  255     4.104
  107  149  256     4.538
  107  150  257     5.000
  107  151  258     5.413
  107  152  259     5.656
  107  153  260     5.866
  107  154  261     6.010
  107  155  262     6.197
  107  156  263     6.202
  107  157  264     6.395
  107  158  265     6.341
  107  159  266     6.712
  107  160  267     6.975
  107  161  268     7.203
  107  162  269     7.602
  107  163  270     7.692
  107  164  271     7.387
  107  165  272     6.941
  107  166  273     6.379
  107  167  274     5.928
  107  168  275     5.299
  107  169  276     5.128
  107  170  277     4.796
  107  171  278     4.818
  107  172  279     4.730
  107  173  280     5.048
  107  174  281     5.075
  107  175  282     5.394
  107  176  283     5.096
  107  177  284     5.121
  107  178  285     5.032
  107  179  286     5.453
  107  180  287     5.293
  107  181  288     5.360
  107  182  289     4.935
  107  183  290     4.741
  107  184  291     4.146
  107  185  292     2.658
  107  186  293     2.698
  107  187  294     0.023
  107  188  295     0.018
  107  189  296     0.871
  107  190  297     1.016
  107  191  298     0.843
  107  192  299     1.251
  107  193  300     1.667
  107  194  301     1.933
  107  195  302     2.322
  107  196  303     2.688
  107  197  304     2.959
  107  198  305     3.075
  107  199  306     3.291
  107  200  307     3.388
  107  201  308     3.621
  107  202  309     3.754
  107  203  310     3.796
  107  204  311     3.787
  107  205  312     3.747
  107  206  313     3.609
  107  207  314     3.567
  107  208  315     3.513
  107  209  316     3.689
  107  210  317     3.759
  107  211  318     3.998
  107  212  319     3.994
  107  213  320     4.134
  107  214  321     4.030
  107  215  322     4.066
  107  216  323     4.126
  107  217  324     4.614
  107  218  325     4.965
  107  219  326     5.516
  107  220  327     5.694
  107  221  328     6.021
  107  222  329     6.152
  107  223  330     6.503
  108  142  250     1.016
  108  143  251     1.546
  108  144  252     1.970
  108  145  253     2.390
  108  146  254     2.817
  108  147  255     3.219
  108  148  256     3.636
  108  149  257     4.006
  108  150  258     4.537
  108  151  259     4.928
  108  152  260     5.386
  108  153  261     5.647
  108  154  262     5.878
  108  155  263     6.006
  108  156  264     6.126
  108  157  265     6.262
  108  158  266     6.256
  108  159  267     6.475
  108  160  268     6.586
  108  161  269     7.037
  108  162  270     7.368
  108  163  271     7.493
  108  164  272     7.299
  108  165  273     6.932
  108  166  274     6.445
  108  167  275     6.076
  108  168  276     5.519
  108  169  277     5.683
  108  170  278     5.499
  108  171  279     5.177
  108  172  280     5.267
  108  173  281     5.616
  108  174  282     5.511
  108  175  283     5.763
  108  176  284     5.739
  108  177  285     6.005
  108  178  286     5.893
  108  179  287     6.435
  108  180  288     6.247
  108  181  289     6.239
  108  182  290     5.828
  108  183  291     5.588
  108  184  292     5.023
  108  185  293     4.021
  108  186  294     3.307
  108  187  295     2.619
  108  188  296     0.008
  108  189  297     0.830
  108  190  298     0.704
  108  191  299     0.395
  108  192  300     0.850
  108  193  301     1.217
  108  194  302     1.489
  108  195  303     1.859
  108  196  304     2.229
  108  197  305     2.590
  108  198  306     2.717
  108  199  307     2.927
  108  200  308     3.030
  108  201  309     3.343
  108  202  310     3.455
  108  203  311     3.475
  108  204  312     3.432
  108  205  313     3.376
  108  206  314     3.217
  108  207  315     3.232
  108  208  316     3.184
  108  209  317     3.322
  108  210  318     3.414
  108  211  319     3.650
  108  212  320     3.642
  108  213  321     3.784
  108  214  322     3.689
  108  215  323     3.818
  108  216  324     3.930
  108  217  325     4.581
  108  218  326     4.922
  108  219  327     5.438
  108  220  328     5.570
  108  221  329     5.922
  108  222  330     6.108
  109  144  253     1.590
  109  145  254     1.963
  109  146  255     2.371
  109  147  256     2.763
  109  148  257     3.217
  109  149  258     3.575
  109  150  259     4.203
  109  151  260     4.651
  109  152  261     5.131
  109  153  262     5.483
  109  154  263     5.697
  109  155  264     5.905
  109  156  265     5.879
  109  157  266     5.884
  109  158  267     6.038
  109  159  268     6.280
  109  160  269     6.695
  109  161  270     7.140
  109  162  271     7.487
  109  163  272     7.675
  109  164  273     7.407
  109  165  274     7.107
  109  166  275     6.591
  109  167  276     6.159
  109  168  277     5.634
  109  169  278     5.436
  109  170  279     5.309
  109  171  280     5.474
  109  172  281     5.480
  109  173  282     5.791
  109  174  283     5.883
  109  175  284     6.304
  109  176  285     6.222
  109  177  286     6.512
  109  178  287     6.512
  109  179  288     6.961
  109  180  289     6.556
  109  181  290     6.507
  109  182  291     6.103
  109  183  292     5.860
  109  184  293     5.259
  109  185  294     4.380
  109  186  295     3.777
  109  187  296     3.057
  109  188  297     2.239
  109  189  298     1.124
  109  190  299     0.062
  109  191  300     0.130
  109  192  301     0.067
  109  193  302     0.835
  109  194  303     1.155
  109  195  304     1.570
  109  196  305     1.902
  109  197  306     2.231
  109  198  307     2.452
  109  199  308     2.646
  109  200  309     2.755
  109  201  310     3.025
  109  202  311     3.209
  109  203  312     3.228
  109  204  313     3.056
  109  205  314     3.028
  109  206  315     2.870
  109  207  316     2.916
  109  208  317     2.857
  109  209  318     3.037
  109  210  319     3.079
  109  211  320     3.330
  109  212  321     3.349
  109  213  322     3.477
  109  214  323     3.500
  109  215  324     3.725
  109  216  325     4.140
  109  217  326     4.622
  109  218  327     4.985
  109  219  328     5.441
  109  220  329     5.478
  109  221  330     5.832
  110  146  256     1.759
  110  147  257     2.118
  110  148  258     2.684
  110  149  259     3.152
  110  150  260     3.697
  110  151  261     4.170
  110  152  262     4.678
  110  153  263     4.989
  110  154  264     5.269
  110  155  265     5.349
  110  156  266     5.340
  110  157  267     5.475
  110  158  268     5.484
  110  159  269     5.953
  110  160  270     6.454
  110  161  271     6.922
  110  162  272     7.312
  110  163  273     7.477
  110  164  274     7.267
  110  165  275     6.902
  110  166  276     6.487
  110  167  277     6.092
  110  168  278     5.594
  110  169  279     5.639
  110  170  280     5.692
  110  171  281     5.857
  110  172  282     5.938
  110  173  283     6.457
  110  174  284     6.704
  110  175  285     7.252
  110  176  286     7.265
  110  177  287     7.445
  110  178  288     7.453
  110  179  289     7.613
  110  180  290     7.333
  110  181  291     7.208
  110  182  292     6.732
  110  183  293     6.463
  110  184  294     5.851
  110  185  295     4.914
  110  186  296     4.390
  110  187  297     3.508
  110  188  298     2.747
  110  189  299     2.066
  110  190  300     0.586
  110  191  301     0.221
  110  192  302     0.238
  110  193  303     0.229
  110  194  304     0.614
  110  195  305     1.039
  110  196  306     1.355
  110  197  307     1.748
  110  198  308     2.043
  110  199  309     2.206
  110  200  310     2.462
  110  201  311     2.825
  110  202  312     2.880
  110  203  313     2.870
  110  204  314     2.755
  110  205  315     2.720
  110  206  316     2.549
  110  207  317     2.564
  110  208  318     2.463
  110  209  319     2.646
  110  210  320     2.679
  110  211  321     2.885
  110  212  322     2.980
  110  213  323     3.192
  110  214  324     3.259
  110  215  325     3.673
  110  216  326     4.023
  110  217  327     4.533
  110  218  328     5.026
  110  219  329     5.040
  110  220  330     5.386
  111  148  259     2.320
  111  149  260     2.709
  111  150  261     3.196
  111  151  262     3.618
  111  152  263     4.214
  111  153  264     4.418
  111  154  265     4.752
  111  155  266     4.724
  111  156  267     4.797
  111  157  268     4.879
  111  158  269     5.104
  111  159  270     5.705
  111  160  271     6.128
  111  161  272     6.616
  111  162  273     6.961
  111  163  274     7.197
  111  164  275     7.009
  111  165  276     6.711
  111  166  277     6.367
  111  167  278     6.059
  111  168  279     5.700
  111  169  280     6.014
  111  170  281     6.028
  111  171  282     6.366
  111  172  283     6.642
  111  173  284     7.262
  111  174  285     7.555
  111  175  286     8.060
  111  176  287     7.867
  111  177  288     7.900
  111  178  289     7.982
  111  179  290     8.118
  111  180  291     7.862
  111  181  292     7.785
  111  182  293     7.201
  111  183  294     6.876
  111  184  295     6.207
  111  185  296     5.382
  111  186  297     4.787
  111  187  298     3.890
  111  188  299     3.362
  111  189  300     2.554
  111  190  301     1.786
  111  191  302     1.272
  111  192  303     0.128
  111  193  304     0.155
  111  194  305     0.527
  111  195  306     0.677
  111  196  307     0.940
  111  197  308     1.365
  111  198  309     1.664
  111  199  310     1.928
  111  200  311     2.209
  111  201  312     2.581
  111  202  313     2.639
  111  203  314     2.586
  111  204  315     2.505
  111  205  316     2.520
  111  206  317     2.291
  111  207  318     2.341
  111  208  319     2.215
  111  209  320     2.448
  111  210  321     2.377
  111  211  322     2.539
  111  212  323     2.597
  111  213  324     2.905
  111  214  325     3.273
  111  215  326     3.805
  111  216  327     4.236
  111  217  328     4.733
  111  218  329     4.948
  111  219  330     5.147
  112  150  262     2.655
  112  151  263     3.148
  112  152  264     3.613
  112  153  265     3.794
  112  154  266     4.045
  112  155  267     4.112
  112  156  268     4.063
  112  157  269     4.251
  112  158  270     4.724
  112  159  271     5.175
  112  160  272     5.634
  112  161  273     6.096
  112  162  274     6.511
  112  163  275     6.711
  112  164  276     6.595
  112  165  277     6.355
  112  166  278     5.991
  112  167  279     5.785
  112  168  280     5.887
  112  169  281     6.253
  112  170  282     6.506
  112  171  283     6.994
  112  172  284     7.409
  112  173  285     8.003
  112  174  286     8.241
  112  175  287     8.402
  112  176  288     8.526
  112  177  289     8.590
  112  178  290     8.742
  112  179  291     8.825
  112  180  292     8.580
  112  181  293     8.444
  112  182  294     7.958
  112  183  295     7.601
  112  184  296     6.933
  112  185  297     6.027
  112  186  298     5.517
  112  187  299     4.373
  112  188  300     4.317
  112  189  301     3.094
  112  190  302     2.300
  112  191  303     1.539
  112  192  304     0.957
  112  193  305     0.548
  112  194  306     0.051
  112  195  307     0.092
  112  196  308     0.424
  112  197  309     0.859
  112  198  310     1.282
  112  199  311     1.574
  112  200  312     2.026
  112  201  313     2.301
  112  202  314     2.369
  112  203  315     2.335
  112  204  316     2.254
  112  205  317     2.270
  112  206  318     2.055
  112  207  319     2.116
  112  208  320     1.963
  112  209  321     2.188
  112  210  322     2.102
  112  211  323     2.246
  112  212  324     2.452
  112  213  325     2.773
  112  214  326     3.036
  112  215  327     3.561
  112  216  328     4.103
  112  217  329     4.543
  112  218  330     4.765
  113  153  266     3.063
  113  154  267     3.254
  113  155  268     3.250
  113  156  269     3.376
  113  157  270     3.800
  113  158  271     4.261
  113  159  272     4.772
  113  160  273     5.221
  113  161  274     5.696
  113  162  275     6.088
  113  163  276     6.378
  113  164  277     6.314
  113  165  278     6.056
  113  166  279     6.122
  113  167  280     6.412
  113  168  281     6.664
  113  169  282     6.982
  113  170  283     7.354
  113  171  284     7.928
  113  172  285     8.330
  113  173  286     8.723
  113  174  287     8.754
  113  175  288     8.920
  113  176  289     9.139
  113  177  290     9.277
  113  178  291     9.334
  113  179  292     9.440
  113  180  293     9.047
  113  181  294     8.878
  113  182  295     8.341
  113  183  296     7.969
  113  184  297     7.265
  113  185  298     6.422
  113  186  299     5.888
  113  187  300     4.794
  113  188  301     4.195
  113  189  302     3.757
  113  190  303     2.935
  113  191  304     1.923
  113  192  305     1.339
  113  193  306     0.734
  113  194  307     0.499
  113  195  308     0.307
  113  196  309     0.365
  113  197  310     0.790
  113  198  311     0.850
  113  199  312     1.257
  113  200  313     1.704
  113  201  314     2.001
  113  202  315     2.109
  113  203  316     2.219
  113  204  317     2.094
  113  205  318     2.125
  113  206  319     1.911
  113  207  320     1.950
  113  208  321     1.798
  113  209  322     1.964
  113  210  323     1.858
  113  211  324     2.017
  113  212  325     2.245
  113  213  326     2.599
  113  214  327     2.881
  113  215  328     3.435
  113  216  329     3.909
  113  217  330     4.261
  114  155  269     2.756
  114  156  270     2.971
  114  157  271     3.373
  114  158  272     3.789
  114  159  273     4.264
  114  160  274     4.688
  114  161  275     5.147
  114  162  276     5.532
  114  163  277     5.850
  114  164  278     6.546
  114  165  279     6.975
  114  166  280     7.128
  114  167  281     7.178
  114  168  282     7.332
  114  169  283     7.652
  114  170  284     8.091
  114  171  285     8.816
  114  172  286     8.996
  114  173  287     9.233
  114  174  288     9.183
  114  175  289     9.612
  114  176  290     9.888
  114  177  291     9.965
  114  178  292     9.983
  114  179  293     9.888
  114  180  294     9.529
  114  181  295     9.353
  114  182  296     8.874
  114  183  297     8.469
  114  184  298     7.815
  114  185  299     6.919
  114  186  300     6.432
  114  187  301     5.246
  114  188  302     4.681
  114  189  303     3.504
  114  190  304     3.682
  114  191  305     2.361
  114  192  306     1.825
  114  193  307     0.944
  114  194  308     0.708
  114  195  309     0.534
  114  196  310     0.570
  114  197  311     0.743
  114  198  312     0.790
  114  199  313     1.044
  114  200  314     1.467
  114  201  315     1.743
  114  202  316     1.916
  114  203  317     1.969
  114  204  318     1.915
  114  205  319     1.850
  114  206  320     1.457
  114  207  321     1.447
  114  208  322     1.321
  114  209  323     1.532
  114  210  324     1.630
  114  211  325     1.721
  114  212  326     2.047
  114  213  327     2.397
  114  214  328     2.749
  114  215  329     3.175
  114  216  330     3.498
  115  157  272     3.080
  115  158  273     3.468
  115  159  274     3.861
  115  160  275     4.289
  115  161  276     4.753
  115  162  277     5.196
  115  163  278     5.613
  115  164  279     6.505
  115  165  280     6.695
  115  166  281     6.817
  115  167  282     7.183
  115  168  283     7.597
  115  169  284     8.177
  115  170  285     8.581
  115  171  286     8.962
  115  172  287     9.205
  115  173  288     9.417
  115  174  289     9.287
  115  175  290     9.527
  115  176  291     9.602
  115  177  292     9.757
  115  178  293     9.869
  115  179  294     9.930
  115  180  295     9.574
  115  181  296     9.364
  115  182  297     8.808
  115  183  298     8.376
  115  184  299     7.676
  115  185  300     6.750
  115  186  301     6.271
  115  187  302     5.165
  115  188  303     4.580
  115  189  304     3.546
  115  190  305     2.986
  115  191  306     2.445
  115  192  307     1.992
  115  193  308     1.251
  115  194  309     1.046
  115  195  310     0.665
  115  196  311     0.603
  115  197  312     0.665
  115  198  313     0.661
  115  199  314     0.786
  115  200  315     1.114
  115  201  316     1.423
  115  202  317     1.650
  115  203  318     1.620
  115  204  319     1.495
  115  205  320     1.379
  115  206  321     1.011
  115  207  322     0.815
  115  208  323     0.847
  115  209  324     1.236
  115  210  325     1.512
  115  211  326     1.580
  115  212  327     1.756
  115  213  328     2.097
  115  214  329     2.504
  115  215  330     3.079
  116  159  275     3.315
  116  160  276     3.794
  116  161  277     4.248
  116  162  278     4.906
  116  163  279     5.348
  116  164  280     6.207
  116  165  281     6.414
  116  166  282     6.657
  116  167  283     7.160
  116  168  284     7.647
  116  169  285     8.227
  116  170  286     8.466
  116  171  287     8.757
  116  172  288     9.024
  116  173  289     8.947
  116  174  290     8.943
  116  175  291     9.077
  116  176  292     9.255
  116  177  293     9.350
  116  178  294     9.456
  116  179  295     9.490
  116  180  296     9.101
  116  181  297     8.864
  116  182  298     8.273
  116  183  299     7.867
  116  184  300     7.175
  116  185  301     6.223
  116  186  302     5.739
  116  187  303     4.625
  116  188  304     4.075
  116  189  305     3.021
  116  190  306     2.546
  116  191  307     1.747
  116  192  308     1.730
  116  193  309     0.927
  116  194  310     0.724
  116  195  311     0.440
  116  196  312     0.412
  116  197  313     0.631
  116  198  314     0.612
  116  199  315     0.612
  116  200  316     0.898
  116  201  317     1.285
  116  202  318     1.466
  116  203  319     1.356
  116  204  320     1.159
  116  205  321     1.091
  116  206  322     0.627
  116  207  323     0.531
  116  208  324     0.634
  116  209  325     0.970
  116  210  326     1.239
  116  211  327     1.286
  116  212  328     1.496
  116  213  329     1.837
  116  214  330     2.199
  117  161  278     4.136
  117  162  279     4.827
  117  163  280     5.213
  117  164  281     6.009
  117  165  282     6.305
  117  166  283     6.693
  117  167  284     7.271
  117  168  285     7.792
  117  169  286     8.341
  117  170  287     8.700
  117  171  288     8.566
  117  172  289     8.607
  117  173  290     8.901
  117  174  291     8.876
  117  175  292     8.989
  117  176  293     8.962
  117  177  294     9.041
  117  178  295     9.063
  117  179  296     9.168
  117  180  297     8.768
  117  181  298     8.482
  117  182  299     7.871
  117  183  300     7.424
  117  184  301     6.784
  117  185  302     5.829
  117  186  303     5.354
  117  187  304     4.244
  117  188  305     3.661
  117  189  306     2.661
  117  190  307     2.257
  117  191  308     2.043
  117  192  309     1.771
  117  193  310     1.354
  117  194  311     1.066
  117  195  312     0.484
  117  196  313     0.237
  117  197  314     0.429
  117  198  315     0.490
  117  199  316     0.503
  117  200  317     0.497
  117  201  318     0.895
  117  202  319     1.074
  117  203  320     0.983
  117  204  321     0.726
  117  205  322     0.547
  117  206  323     0.153
  117  207  324     0.239
  117  208  325     0.253
  117  209  326     0.653
  117  210  327     0.792
  117  211  328     1.098
  117  212  329     1.152
  117  213  330     1.505
  118  163  281     4.728
  118  164  282     5.485
  118  165  283     5.878
  118  166  284     6.310
  118  167  285     6.851
  118  168  286     7.373
  118  169  287     8.118
  118  170  288     8.323
  118  171  289     8.847
  118  172  290     8.390
  118  173  291     8.415
  118  174  292     8.407
  118  175  293     8.528
  118  176  294     8.480
  118  177  295     8.458
  118  178  296     8.361
  118  179  297     8.487
  118  180  298     8.052
  118  181  299     7.758
  118  182  300     7.154
  118  183  301     6.670
  118  184  302     6.013
  118  185  303     5.077
  118  186  304     4.538
  118  187  305     3.378
  118  188  306     2.896
  118  189  307     2.609
  118  190  308     2.495
  118  191  309     2.413
  118  192  310     1.953
  118  193  311     1.620
  118  194  312     1.428
  118  195  313     1.030
  118  196  314     0.809
  118  197  315     0.425
  118  198  316     0.384
  118  199  317     0.353
  118  200  318     0.376
  118  201  319     0.723
  118  202  320     0.904
  118  203  321     0.837
  118  204  322     0.568
  118  205  323     0.359
  118  206  324     0.373
  118  207  325     0.386
  118  208  326     0.269
  118  209  327     0.357
  118  210  328     0.497
  118  211  329     0.791
  118  212  330     0.913
  119  165  284     5.509
  119  166  285     6.193
  119  167  286     6.698
  119  168  287     7.344
  119  169  288     7.898
  119  170  289     8.063
  119  171  290     7.620
  119  172  291     7.796
  119  173  292     8.052
  119  174  293     8.125
  119  175  294     8.294
  119  176  295     8.064
  119  177  296     8.069
  119  178  297     7.941
  119  179  298     8.101
  119  180  299     7.716
  119  181  300     7.367
  119  182  301     6.709
  119  183  302     6.219
  119  184  303     5.544
  119  185  304     4.640
  119  186  305     4.078
  119  187  306     2.940
  119  188  307     3.083
  119  189  308     3.089
  119  190  309     2.928
  119  191  310     2.854
  119  192  311     2.442
  119  193  312     1.994
  119  194  313     1.752
  119  195  314     1.566
  119  196  315     1.348
  119  197  316     1.004
  119  198  317     0.926
  119  199  318     0.574
  119  200  319     0.441
  119  201  320     0.545
  119  202  321     0.534
  119  203  322     0.644
  119  204  323     0.632
  119  205  324     0.563
  119  206  325     0.616
  119  207  326     0.600
  119  208  327     0.424
  119  209  328     0.342
  119  210  329     0.146
  119  211  330     0.445
  120  167  287     6.352
  120  168  288     6.853
  120  169  289     7.348
  120  170  290     7.702
  120  171  291     8.260
  120  172  292     7.361
  120  173  293     7.437
  120  174  294     7.574
  120  175  295     7.714
  120  176  296     7.691
  120  177  297     7.543
  120  178  298     7.333
  120  179  299     7.476
  120  180  300     7.010
  120  181  301     6.682
  120  182  302     6.065
  120  183  303     5.550
  120  184  304     4.855
  120  185  305     3.801
  120  186  306     3.223
  120  187  307     3.100
  120  188  308     3.151
  120  189  309     3.128
  120  190  310     2.961
  120  191  311     2.879
  120  192  312     2.506
  120  193  313     2.065
  120  194  314     1.841
  120  195  315     1.686
  120  196  316     1.583
  120  197  317     1.311
  120  198  318     1.189
  120  199  319     0.915
  120  200  320     0.813
  120  201  321     0.800
  120  202  322     0.805
  120  203  323     0.786
  120  204  324     0.681
  120  205  325     0.537
  120  206  326     0.581
  120  207  327     0.546
  120  208  328     0.494
  120  209  329     0.523
  120  210  330     0.402
  121  169  290     7.065
  121  170  291     6.456
  121  171  292     6.823
  121  172  293     6.888
  121  173  294     7.307
  121  174  295     7.034
  121  175  296     7.190
  121  176  297     7.155
  121  177  298     7.053
  121  178  299     6.994
  121  179  300     7.100
  121  180  301     6.661
  121  181  302     6.309
  121  182  303     5.643
  121  183  304     5.111
  121  184  305     4.403
  121  185  306     3.376
  121  186  307     2.624
  121  187  308     2.896
  121  188  309     2.961
  121  189  310     2.922
  121  190  311     2.754
  121  191  312     2.716
  121  192  313     2.351
  121  193  314     1.972
  121  194  315     1.735
  121  195  316     1.515
  121  196  317     1.451
  121  197  318     1.356
  121  198  319     1.254
  121  199  320     1.037
  121  200  321     0.890
  121  201  322     0.898
  121  202  323     0.890
  121  203  324     0.709
  121  204  325     0.615
  121  205  326     0.499
  121  206  327     0.570
  121  207  328     0.631
  121  208  329     0.175
  121  209  330     0.699
  122  172  294     6.323
  122  173  295     6.543
  122  174  296     6.532
  122  175  297     6.308
  122  176  298     6.328
  122  177  299     6.284
  122  178  300     6.193
  122  179  301     6.229
  122  180  302     5.600
  122  181  303     5.514
  122  182  304     4.870
  122  183  305     4.329
  122  184  306     3.615
  122  185  307     2.597
  122  186  308     1.819
  122  187  309     2.446
  122  188  310     2.410
  122  189  311     2.378
  122  190  312     2.259
  122  191  313     2.251
  122  192  314     1.818
  122  193  315     1.543
  122  194  316     1.459
  122  195  317     1.181
  122  196  318     1.184
  122  197  319     1.025
  122  198  320     0.948
  122  199  321     0.744
  122  200  322     0.767
  122  201  323     0.741
  122  202  324     0.656
  122  203  325     0.484
  122  204  326     0.461
  122  205  327     0.352
  122  206  328     0.381
  122  207  329     0.494
  122  208  330     0.413
  123  174  297     6.092
  123  175  298     5.839
  123  176  299     5.599
  123  177  300     5.544
  123  178  301     5.452
  123  179  302     5.450
  123  180  303     5.010
  123  181  304     4.926
  123  182  305     4.251
  123  183  306     3.686
  123  184  307     2.954
  123  185  308     1.938
  123  186  309     1.144
  123  187  310     2.097
  123  188  311     2.014
  123  189  312     1.897
  123  190  313     1.808
  123  191  314     1.809
  123  192  315     1.378
  123  193  316     1.358
  123  194  317     1.312
  123  195  318     1.010
  123  196  319     0.824
  123  197  320     0.627
  123  198  321     0.533
  123  199  322     0.484
  123  200  323     0.598
  123  201  324     0.576
  123  202  325     0.569
  123  203  326     0.453
  123  204  327     0.355
  123  205  328     0.286
  123  206  329     0.332
  123  207  330     0.461
  124  176  300     5.643
  124  177  301     5.770
  124  178  302     5.627
  124  179  303     5.448
  124  180  304     4.124
  124  181  305     3.898
  124  182  306     3.316
  124  183  307     2.742
  124  184  308     2.006
  124  185  309     1.847
  124  186  310     1.748
  124  187  311     1.739
  124  188  312     1.665
  124  189  313     1.452
  124  190  314     1.352
  124  191  315     1.266
  124  192  316     1.100
  124  193  317     0.961
  124  194  318     0.779
  124  195  319     0.392
  124  196  320     0.132
  124  197  321     0.000
  124  198  322     0.000
  124  199  323     0.207
  124  200  324     0.336
  124  201  325     0.465
  124  202  326     0.426
  124  203  327     0.480
  124  204  328     0.369
  124  205  329     0.357
  124  206  330     0.162
  125  178  303     5.635
  125  179  304     5.449
  125  180  305     4.927
  125  181  306     4.442
  125  182  307     3.714
  125  183  308     1.811
  125  184  309     1.078
  125  185  310     1.964
  125  186  311     1.803
  125  187  312     1.984
  125  188  313     1.580
  125  189  314     1.822
  125  190  315     1.740
  125  191  316     1.578
  125  192  317     1.112
  125  193  318     0.791
  125  194  319     0.448
  125  195  320     0.081
  125  196  321     0.000
  125  197  322     0.000
  125  198  323     0.000
  125  199  324     0.000
  125  200  325     0.194
  125  201  326     0.354
  125  202  327     0.318
  125  203  328     0.398
  125  204  329     0.327
  125  205  330     0.308
  126  180  306     4.686
  126  181  307     4.094
  126  182  308     3.513
  126  183  309     2.600
  126  184  310     1.800
  126  185  311     2.076
  126  186  312     1.873
  126  187  313     1.853
  126  188  314     1.750
  126  189  315     2.008
  126  190  316     1.841
  126  191  317     1.671
  126  192  318     1.169
  126  193  319     0.908
  126  194  320     0.361
  126  195  321     0.000
  126  196  322     0.000
  126  197  323     0.000
  126  198  324     0.000
  126  199  325     0.000
  126  200  326     0.000
  126  201  327     0.134
  126  202  328     0.261
  126  203  329     0.468
  126  204  330     0.506
  127  183  310     2.629
  127  184  311     2.076
  127  185  312     2.152
  127  186  313     1.932
  127  187  314     2.024
  127  188  315     2.073
  127  189  316     2.264
  127  190  317     2.048
  127  191  318     1.563
  127  192  319     1.112
  127  193  320     1.003
  127  194  321     0.472
  127  195  322     0.123
  127  196  323     0.000
  127  197  324     0.000
  127  198  325     0.000
  127  199  326     0.000
  127  200  327     0.000
  127  201  328     0.000
  127  202  329     0.112
  127  203  330     0.389
  128  185  313     1.998
  128  186  314     1.714
  128  187  315     2.097
  128  188  316     2.113
  128  189  317     2.147
  128  190  318     1.929
  128  191  319     1.572
  128  192  320     1.263
  128  193  321     0.927
  128  194  322     0.666
  128  195  323     0.362
  128  196  324     0.119
  128  197  325     0.000
  128  198  326     0.000
  128  199  327     0.000
  128  200  328     0.000
  128  201  329     0.000
  128  202  330     0.180
  129  187  316     2.046
  129  188  317     2.013
  129  189  318     1.932
  129  190  319     1.807
  129  191  320     1.587
  129  192  321     1.314
  129  193  322     1.121
  129  194  323     0.897
  129  195  324     0.495
  129  196  325     0.241
  129  197  326     0.001
  129  198  327     0.000
  129  199  328     0.000
  129  200  329     0.000
  129  201  330     0.000
  130  189  319     2.030
  130  190  320     1.906
  130  191  321     1.686
  130  192  322     1.221
  130  193  323     1.176
  130  194  324     0.845
  130  195  325     0.447
  130  196  326     0.203
  130  197  327     0.025
  130  198  328     0.000
  130  199  329     0.000
  130  200  330     0.000

